source,status,reason
wp:8722,imported,Public package has no file: preserved as verified external online service
file:wp-content/uploads/2022/12/banner2.jpg,imported but needs review,"Original has no verified alternative text; original download remains available, inline placement needs review"
file:wp-content/uploads/2026/04/Logo-Solaroffensive.png,imported but needs review,"Original has no verified alternative text; original download remains available, inline placement needs review"
file:wp-content/uploads/2026/04/Screenshot-2026-04-08-095702-Solaroffensive-LRA-04_26.jpg,imported but needs review,"Original has no verified alternative text; original download remains available, inline placement needs review"
file:wp-content/uploads/2021/01/Vollbild-II-1.png,imported but needs review,"Original has no verified alternative text; original download remains available, inline placement needs review"
file:wp-content/uploads/2021/03/QR_Merching-e1615196274737.png,imported but needs review,"Original has no verified alternative text; original download remains available, inline placement needs review"
file:wp-content/uploads/link-library-images/64.jpg,imported but needs review,"Original has no verified alternative text; original download remains available, inline placement needs review"
file:wp-content/uploads/link-library-images/10.jpg,imported but needs review,"Original has no verified alternative text; original download remains available, inline placement needs review"
file:wp-content/uploads/link-library-images/66.jpg,imported but needs review,"Original has no verified alternative text; original download remains available, inline placement needs review"
file:wp-content/uploads/link-library-images/14.jpg,imported but needs review,"Original has no verified alternative text; original download remains available, inline placement needs review"
file:wp-content/uploads/2014/11/Logo_Energieatlas.jpg,imported but needs review,"Original has no verified alternative text; original download remains available, inline placement needs review"
file:wp-content/uploads/2024/06/Energieberatung-Landkreis-Aichach-Friedberg-Typo-schwarz-RGB-scaled-e1719300013415.jpg,imported but needs review,"Original has no verified alternative text; original download remains available, inline placement needs review"
file:wp-content/uploads/link-library-images/67.jpg,imported but needs review,"Original has no verified alternative text; original download remains available, inline placement needs review"
file:wp-content/uploads/link-library-images/69.jpg,imported but needs review,"Original has no verified alternative text; original download remains available, inline placement needs review"
file:wp-content/uploads/2018/08/Logo-Hochwasser.jpg,imported but needs review,"Original has no verified alternative text; original download remains available, inline placement needs review"
file:wp-content/uploads/2023/08/Logo-Pflegestuetzpunkt-Landkreis-Aichach-Friedberg-CMYK-e1691053220541.webp,imported but needs review,"Original has no verified alternative text; original download remains available, inline placement needs review"
file:wp-content/uploads/link-library-images/65.jpg,imported but needs review,"Original has no verified alternative text; original download remains available, inline placement needs review"
file:wp-content/uploads/2024/05/QRCode_StoermelderApp_Merching_210602.png,imported but needs review,"Original has no verified alternative text; original download remains available, inline placement needs review"
file:wp-content/uploads/2026/09/Logo-Bayer.-Staatsministerium-f.-Gesundheit-Pflege-u.-Praevention-e1788338968120.png,imported but needs review,"Original has no verified alternative text; original download remains available, inline placement needs review"
file:wp-content/uploads/2026/08/Logo-Amt-f.-Ernaehrung-Landwirtschaft-und-Forsten-e1786006927906.jpg,imported but needs review,"Original has no verified alternative text; original download remains available, inline placement needs review"
file:wp-content/uploads/2026/08/Sharepic_Ein-Herz-fuer-regionale-LM_1080x1920px.jpg,imported but needs review,"Original has no verified alternative text; original download remains available, inline placement needs review"
file:wp-content/uploads/2012/06/Wappen-Merching_k.gif,imported but needs review,Legacy format retained through migration-only inspected storage; GIF delivered as safe PNG
file:wp-content/uploads/2026/07/Screenshot-2026-07-30-144027.png,imported but needs review,"Original has no verified alternative text; original download remains available, inline placement needs review"
file:wp-content/uploads/2026/05/Kobarschik-Jochen-kl.jpg,imported but needs review,"Original has no verified alternative text; original download remains available, inline placement needs review"
file:wp-content/uploads/2024/04/miteinand-und-fuereinand-e1712737064492.png,imported but needs review,"Original has no verified alternative text; original download remains available, inline placement needs review"
file:wp-content/uploads/2026/03/DEU_Augsburg_COA_klein.png,imported but needs review,"Original has no verified alternative text; original download remains available, inline placement needs review"
file:wp-content/uploads/2021/08/Energieberatung-Landkreis-Aichach-Friedberg-Typo-schwarz-RGB-scaled-e1629102681482.jpg,imported but needs review,"Original has no verified alternative text; original download remains available, inline placement needs review"
ngg:75,intentionally skipped,NextGEN excluded image
ngg:4,intentionally skipped,NextGEN excluded image
table:8634:1,imported but needs review,No single clock time; original schedule retained verbatim
table:8634:2,imported but needs review,No single clock time; original schedule retained verbatim
table:8634:4,imported but needs review,No single clock time; original schedule retained verbatim
table:8634:5,imported but needs review,No single clock time; original schedule retained verbatim
table:8634:7,imported but needs review,No single clock time; original schedule retained verbatim
table:8634:8,imported but needs review,No single clock time; original schedule retained verbatim
table:8634:9,ambiguous mapping,Calendar separator or ambiguous date preserved in calendar table
table:8634:10,imported but needs review,No single clock time; original schedule retained verbatim
table:8634:13,imported but needs review,No single clock time; original schedule retained verbatim
table:8634:14,imported but needs review,No single clock time; original schedule retained verbatim
table:8634:15,imported but needs review,No single clock time; original schedule retained verbatim
table:8634:18,imported but needs review,No single clock time; original schedule retained verbatim
table:8634:20,imported but needs review,No single clock time; original schedule retained verbatim
table:8634:21,imported but needs review,No single clock time; original schedule retained verbatim
table:8634:22,imported but needs review,No single clock time; original schedule retained verbatim
table:8634:23,imported but needs review,No single clock time; original schedule retained verbatim
table:8634:24,imported but needs review,No single clock time; original schedule retained verbatim
table:8634:25,imported but needs review,No single clock time; original schedule retained verbatim
table:8634:26,imported but needs review,No single clock time; original schedule retained verbatim
table:8634:27,imported but needs review,No single clock time; original schedule retained verbatim
table:8634:29,imported but needs review,No single clock time; original schedule retained verbatim
table:8634:30,imported but needs review,No single clock time; original schedule retained verbatim
table:8634:31,imported but needs review,No single clock time; original schedule retained verbatim
table:8634:32,imported but needs review,No single clock time; original schedule retained verbatim
table:8634:33,imported but needs review,No single clock time; original schedule retained verbatim
table:8634:34,imported but needs review,No single clock time; original schedule retained verbatim
table:8634:35,imported but needs review,No single clock time; original schedule retained verbatim
table:8634:36,imported but needs review,No single clock time; original schedule retained verbatim
table:8634:42,imported but needs review,No single clock time; original schedule retained verbatim
table:8634:43,imported but needs review,No single clock time; original schedule retained verbatim
table:8634:44,imported but needs review,No single clock time; original schedule retained verbatim
table:8634:45,imported but needs review,No single clock time; original schedule retained verbatim
table:8634:46,imported but needs review,No single clock time; original schedule retained verbatim
table:8634:47,imported but needs review,No single clock time; original schedule retained verbatim
table:8634:48,imported but needs review,No single clock time; original schedule retained verbatim
table:8634:49,imported but needs review,No single clock time; original schedule retained verbatim
table:8634:50,imported but needs review,No single clock time; original schedule retained verbatim
table:8634:53,imported but needs review,No single clock time; original schedule retained verbatim
table:8634:54,imported but needs review,No single clock time; original schedule retained verbatim
table:8634:55,imported but needs review,No single clock time; original schedule retained verbatim
table:8634:56,imported but needs review,No single clock time; original schedule retained verbatim
table:8634:58,imported but needs review,No single clock time; original schedule retained verbatim
table:8634:59,imported but needs review,No single clock time; original schedule retained verbatim
table:8634:61,imported but needs review,No single clock time; original schedule retained verbatim
table:8634:62,imported but needs review,No single clock time; original schedule retained verbatim
table:8634:63,imported but needs review,No single clock time; original schedule retained verbatim
table:8634:65,imported but needs review,No single clock time; original schedule retained verbatim
table:8634:66,imported but needs review,No single clock time; original schedule retained verbatim
table:8634:67,imported but needs review,No single clock time; original schedule retained verbatim
table:8634:69,imported but needs review,No single clock time; original schedule retained verbatim
table:8634:71,imported but needs review,No single clock time; original schedule retained verbatim
table:8634:72,imported but needs review,No single clock time; original schedule retained verbatim
table:8634:73,imported but needs review,No single clock time; original schedule retained verbatim
table:8634:74,imported but needs review,No single clock time; original schedule retained verbatim
table:8634:75,imported but needs review,No single clock time; original schedule retained verbatim
table:8634:77,imported but needs review,No single clock time; original schedule retained verbatim
table:8634:78,imported but needs review,No single clock time; original schedule retained verbatim
table:8634:79,imported but needs review,No single clock time; original schedule retained verbatim
table:8634:80,imported but needs review,No single clock time; original schedule retained verbatim
table:8634:82,ambiguous mapping,Calendar separator or ambiguous date preserved in calendar table
table:8634:83,ambiguous mapping,Calendar separator or ambiguous date preserved in calendar table
wp:3872,intentionally skipped,Internal link retained in page conversion; specialized resource unnecessary
wp:8,imported but needs review,"Dynamic html-sitemap replaced by local catalog, navigation or contact; source preserved"
wp:10,imported but needs review,"Dynamic html-sitemap replaced by local catalog, navigation or contact; source preserved"
wp:12,imported but needs review,"Dynamic html-sitemap replaced by local catalog, navigation or contact; source preserved"
wp:14,imported but needs review,"Dynamic ngg replaced by local catalog, navigation or contact; source preserved"
wp:14,imported but needs review,"Dynamic html-sitemap replaced by local catalog, navigation or contact; source preserved"
wp:22,imported but needs review,Embedded third-party content converted to an external link
wp:26,imported but needs review,"Dynamic html-sitemap replaced by local catalog, navigation or contact; source preserved"
wp:138,imported but needs review,"Dynamic contact-form-7 replaced by local catalog, navigation or contact; source preserved"
wp:224,imported but needs review,"Dynamic html-sitemap replaced by local catalog, navigation or contact; source preserved"
wp:227,imported but needs review,Download category requires editorial check: 199
wp:227,imported but needs review,Download category requires editorial check: 200
wp:231,imported but needs review,Embedded third-party content converted to an external link
wp:249,imported but needs review,Download category requires editorial check: 213
wp:441,imported but needs review,Download category requires editorial check: 197
wp:3658,ambiguous mapping,Unconverted shortcode: cc-edit
wp:5492,imported but needs review,Embedded third-party content converted to an external link
wp-content/uploads/2024/02/Abschaffung-Kinderreisepass.pdf,missing source,Referenced public original absent
wp:8567,missing source,Embedded original is unavailable; related verified public notice WPDM 8132 is supplied for the same topic
wp:5157,imported but needs review,SQL-only Encyclopedia entry preserved as service; classification needs review
wp:5152,imported but needs review,SQL-only Encyclopedia entry preserved as service; classification needs review
budget:2026:Grundschulverband,merge issue,"Main PDF unsupported by FPDI; original sources published, combined derivative unavailable"
budget:2026:Gemeinde Merching,merge issue,"Main PDF unsupported by FPDI; original sources published, combined derivative unavailable"
budget:2026:Mittelschulverband,merge issue,"Main PDF unsupported by FPDI; original sources published, combined derivative unavailable"
notice:10788,imported but needs review,Official notice category verified; legal notice/Aushang dates remain unverified
notice:9976,imported but needs review,Official notice category verified; legal notice/Aushang dates remain unverified
notice:10179,imported but needs review,Official notice category verified; legal notice/Aushang dates remain unverified
notice:10430,imported but needs review,Official notice category verified; legal notice/Aushang dates remain unverified
notice:9075,imported but needs review,Official notice category verified; legal notice/Aushang dates remain unverified
notice:10426,imported but needs review,Official notice category verified; legal notice/Aushang dates remain unverified
notice:10568,imported but needs review,Official notice category verified; legal notice/Aushang dates remain unverified
notice:9925,imported but needs review,Official notice category verified; legal notice/Aushang dates remain unverified
notice:9968,imported but needs review,Official notice category verified; legal notice/Aushang dates remain unverified
notice:10532,imported but needs review,Official notice category verified; legal notice/Aushang dates remain unverified
notice:9511,imported but needs review,Official notice category verified; legal notice/Aushang dates remain unverified
notice:10316,imported but needs review,Official notice category verified; legal notice/Aushang dates remain unverified
notice:10772,imported but needs review,Official notice category verified; legal notice/Aushang dates remain unverified
notice:10463,imported but needs review,Official notice category verified; legal notice/Aushang dates remain unverified
notice:10737,imported but needs review,Official notice category verified; legal notice/Aushang dates remain unverified
notice:10785,imported but needs review,Official notice category verified; legal notice/Aushang dates remain unverified
wp:9513,ambiguous mapping,Notice retained as Article; legal publication dates/notice subtype require review
wp:6998,intentionally skipped,Unpublished or password-protected source; no import
wp:38,intentionally skipped,Unpublished or password-protected source; no import
wp:2702,intentionally skipped,Unpublished or password-protected source; no import
wp:801,intentionally skipped,Unpublished or password-protected source; no import
wp:229,intentionally skipped,Unpublished or password-protected source; no import
wp:253,intentionally skipped,Unpublished or password-protected source; no import
wp:392,intentionally skipped,Unpublished or password-protected source; no import
wp:400,intentionally skipped,Unpublished or password-protected source; no import
wp:435,intentionally skipped,Unpublished or password-protected source; no import
wp:437,intentionally skipped,Unpublished or password-protected source; no import
wp:439,intentionally skipped,Unpublished or password-protected source; no import
wp:2790,intentionally skipped,Unpublished or password-protected source; no import
wp:10365,intentionally skipped,Unpublished or password-protected source; no import
wp:4415,intentionally skipped,Unpublished or password-protected source; no import
wp:4741,intentionally skipped,Unpublished or password-protected source; no import
wp:5130,intentionally skipped,Unpublished or password-protected source; no import
wp:5144,intentionally skipped,Unpublished or password-protected source; no import
wp:5153,intentionally skipped,Unpublished or password-protected source; no import
wp:8197,intentionally skipped,Unpublished or password-protected source; no import
wp:10861,intentionally skipped,Unpublished or password-protected source; no import
wp:8248,intentionally skipped,Unpublished or password-protected source; no import
wp:10134,intentionally skipped,Unpublished or password-protected source; no import
wp:9936,intentionally skipped,Unpublished or password-protected source; no import
wp:10019,intentionally skipped,Unpublished or password-protected source; no import
wp:10224,intentionally skipped,Unpublished or password-protected source; no import
wp:10506,intentionally skipped,Unpublished or password-protected source; no import
wp:9927,intentionally skipped,Unpublished or password-protected source; no import
wp:7088,intentionally skipped,Unpublished or password-protected source; no import
wp:8228,intentionally skipped,Unpublished or password-protected source; no import
wp:8250,intentionally skipped,Unpublished or password-protected source; no import
wp:8656,intentionally skipped,Unpublished or password-protected source; no import
wp:8193,intentionally skipped,Unpublished or password-protected source; no import
wp:8298,intentionally skipped,Unpublished or password-protected source; no import
wp:8714,intentionally skipped,Unpublished or password-protected source; no import
wp:9774,intentionally skipped,Unpublished or password-protected source; no import
wp:9047,intentionally skipped,Unpublished or password-protected source; no import
wp:9357,intentionally skipped,Unpublished or password-protected source; no import
wp:9464,intentionally skipped,Unpublished or password-protected source; no import
wp:10314,intentionally skipped,Unpublished or password-protected source; no import
wp:10405,intentionally skipped,Unpublished or password-protected source; no import
wp:10780,intentionally skipped,Unpublished or password-protected source; no import
wp:10474,intentionally skipped,Unpublished or password-protected source; no import
wp:10596,intentionally skipped,Unpublished or password-protected source; no import
wp:10599,intentionally skipped,Unpublished or password-protected source; no import
wp:10604,intentionally skipped,Unpublished or password-protected source; no import
wp:10795,intentionally skipped,Unpublished or password-protected source; no import
wp:10756,intentionally skipped,Unpublished or password-protected source; no import
wp:10680,intentionally skipped,Unpublished or password-protected source; no import
wp:10899,intentionally skipped,Unpublished or password-protected source; no import
wp:10732,intentionally skipped,Unpublished or password-protected source; no import
wp:10852,intentionally skipped,Unpublished or password-protected source; no import
wp:10859,intentionally skipped,Unpublished or password-protected source; no import
wp:10884,intentionally skipped,Unpublished or password-protected source; no import
wp:10903,intentionally skipped,Unpublished or password-protected source; no import
wp:10911,intentionally skipped,Unpublished or password-protected source; no import
wp:10937,intentionally skipped,Unpublished or password-protected source; no import
wp:10950,intentionally skipped,Unpublished or password-protected source; no import
filebase:7,intentionally skipped,Backup-only or no verified current public file relationship
filebase:9,intentionally skipped,Backup-only or no verified current public file relationship
filebase:36,intentionally skipped,Backup-only or no verified current public file relationship
filebase:154,intentionally skipped,Backup-only or no verified current public file relationship
filebase:155,intentionally skipped,Backup-only or no verified current public file relationship
filebase:280,intentionally skipped,Backup-only or no verified current public file relationship
filebase:285,intentionally skipped,Backup-only or no verified current public file relationship
filebase:306,intentionally skipped,Backup-only or no verified current public file relationship
filebase:308,intentionally skipped,Backup-only or no verified current public file relationship
filebase:309,intentionally skipped,Backup-only or no verified current public file relationship
filebase:313,intentionally skipped,Backup-only or no verified current public file relationship
filebase:464,intentionally skipped,Backup-only or no verified current public file relationship
filebase:452,intentionally skipped,Backup-only or no verified current public file relationship
filebase:483,intentionally skipped,Backup-only or no verified current public file relationship
filebase:560,intentionally skipped,Backup-only or no verified current public file relationship
filebase:561,intentionally skipped,Backup-only or no verified current public file relationship
filebase:563,intentionally skipped,Backup-only or no verified current public file relationship
filebase:562,intentionally skipped,Backup-only or no verified current public file relationship
filebase:639,intentionally skipped,Backup-only or no verified current public file relationship
filebase:620,intentionally skipped,Backup-only or no verified current public file relationship
filebase:650,intentionally skipped,Backup-only or no verified current public file relationship
filebase:642,intentionally skipped,Backup-only or no verified current public file relationship
filebase:643,intentionally skipped,Backup-only or no verified current public file relationship
filebase:646,intentionally skipped,Backup-only or no verified current public file relationship
filebase:652,intentionally skipped,Backup-only or no verified current public file relationship
filebase:653,intentionally skipped,Backup-only or no verified current public file relationship
filebase:714,intentionally skipped,Backup-only or no verified current public file relationship
filebase:720,intentionally skipped,Backup-only or no verified current public file relationship
filebase:721,intentionally skipped,Backup-only or no verified current public file relationship
filebase:723,intentionally skipped,Backup-only or no verified current public file relationship
filebase:724,intentionally skipped,Backup-only or no verified current public file relationship
filebase:725,intentionally skipped,Backup-only or no verified current public file relationship
