source_id,original_url,path,gallery_id,sha256,bytes,status
ngg:1,https://www.gemeinde-merching.de/wp-content/gallery/merching/an-der-paar.jpg,wp-content/gallery/merching/an-der-paar.jpg,1,5fc0cd064c0e43dc34b986a6f372a360980e7587f4ce9c5a5d6cf83d5a365dff,287106,recovered
ngg:2,https://www.gemeinde-merching.de/wp-content/gallery/merching/der-bayrische-himmel-ueber-merching.jpg,wp-content/gallery/merching/der-bayrische-himmel-ueber-merching.jpg,1,c6154e8a85abd686cc0cc2cb3cf81136095dbf46e3d0cb43ba656c03790d6c27,51754,recovered
ngg:3,https://www.gemeinde-merching.de/wp-content/gallery/merching/felder-am-ortsrand.jpg,wp-content/gallery/merching/felder-am-ortsrand.jpg,1,692afa32b3e4bd4ca9f657ef75ac5f916ca1c59d51e27cf0672f663fe1a230a0,228601,recovered
ngg:4,https://www.gemeinde-merching.de/wp-content/gallery/merching/feuerwehrhaus-merching.jpg,wp-content/gallery/merching/feuerwehrhaus-merching.jpg,1,81b862f1fc5d8f0d4ae49e9f7a0bde3bca18e75e7d42a29ea0e3101a5a4bce85,85701,recovered
ngg:5,https://www.gemeinde-merching.de/wp-content/gallery/merching/hochdorf.jpg,wp-content/gallery/merching/hochdorf.jpg,1,ace76543aef9ff9f0d12a6b55336cb314571ddc4f774ce5a46d99ad0be7b1212,166392,recovered
ngg:6,https://www.gemeinde-merching.de/wp-content/gallery/merching/im-ort-merching.jpg,wp-content/gallery/merching/im-ort-merching.jpg,1,cef5d89466558ded68adb6e3dad12273b522ddecec84075d6ec3738e8f1f327d,219788,recovered
ngg:7,https://www.gemeinde-merching.de/wp-content/gallery/merching/kirche-hochdorf.jpg,wp-content/gallery/merching/kirche-hochdorf.jpg,1,be240251b62f1d5399f4409498f53d31684c95bbf7d658cbf85ec229960a9122,111381,recovered
ngg:8,https://www.gemeinde-merching.de/wp-content/gallery/merching/kirche-merching.jpg,wp-content/gallery/merching/kirche-merching.jpg,1,92c5162ebe41c9d95c581d865dd51802c9e5d7f7500a7158348a1c89d06ffc29,51085,recovered
ngg:9,https://www.gemeinde-merching.de/wp-content/gallery/merching/kirche-merching_2.jpg,wp-content/gallery/merching/kirche-merching_2.jpg,1,d208e1e50eede07ff765834996669c624402c70fabcb9f70cd130000cb537ecb,177234,recovered
ngg:10,https://www.gemeinde-merching.de/wp-content/gallery/merching/kirche-merching_3.jpg,wp-content/gallery/merching/kirche-merching_3.jpg,1,b146a11d6a525105da9e81e259944979f31a78cc32e7bfba5d2d7f8a709dbfae,107410,recovered
ngg:11,https://www.gemeinde-merching.de/wp-content/gallery/merching/kirche-merching_4.jpg,wp-content/gallery/merching/kirche-merching_4.jpg,1,f50232b37182d6f982ffaa58659c5b1196a17d1817c07caa6fc858ebf220bb7a,155047,recovered
ngg:12,https://www.gemeinde-merching.de/wp-content/gallery/merching/kirche-steinach.jpg,wp-content/gallery/merching/kirche-steinach.jpg,1,d6c23d3ff77fce967b0d49e5c07c4ed298547c67d8fe120e6738c361b8a101a5,130969,recovered
ngg:13,https://www.gemeinde-merching.de/wp-content/gallery/merching/kirchturmuhr-merching.jpg,wp-content/gallery/merching/kirchturmuhr-merching.jpg,1,7b9c1a21d29353830bb23372def0ec4f4eea7bcbd0b021ee748431a966f4fe15,92080,recovered
ngg:14,https://www.gemeinde-merching.de/wp-content/gallery/merching/maibaum.jpg,wp-content/gallery/merching/maibaum.jpg,1,48bc63895c71a30ec15d334626d76eb9997a87d5c42dec357b50941c557b41d6,235674,recovered
ngg:15,https://www.gemeinde-merching.de/wp-content/gallery/merching/mandicho-stausee_1.jpg,wp-content/gallery/merching/mandicho-stausee_1.jpg,1,82ea9ce7c08050437d4ab8f79f5b2b7dc04077616bf0091c119906cd3d852a8f,136721,recovered
ngg:16,https://www.gemeinde-merching.de/wp-content/gallery/merching/mandicho-stausee_2.jpg,wp-content/gallery/merching/mandicho-stausee_2.jpg,1,52f2ad70fb00b001ddd3489302d866ac6beb4178f5133fabaa2fbe4aee65cdd5,209026,recovered
ngg:17,https://www.gemeinde-merching.de/wp-content/gallery/merching/merching2.jpg,wp-content/gallery/merching/merching2.jpg,1,4da9c22b3a3b091ca5011b60dc401bcb4c0fc80ec232f0549dd55cee542fff33,191019,recovered
ngg:18,https://www.gemeinde-merching.de/wp-content/gallery/merching/rathaus-merching.jpg,wp-content/gallery/merching/rathaus-merching.jpg,1,4b8beaba3c8a5ea6873149ae027d5f2e9e35051a3deb49ce47a608c9de8966e6,166103,recovered
ngg:19,https://www.gemeinde-merching.de/wp-content/gallery/merching/rathaus-merching2.jpg,wp-content/gallery/merching/rathaus-merching2.jpg,1,453917e60de659167d8d75205e6e122092e032bc7e5304b1b21a60d090c97f70,116886,recovered
ngg:20,https://www.gemeinde-merching.de/wp-content/gallery/merching/rathaus-merching3.jpg,wp-content/gallery/merching/rathaus-merching3.jpg,1,ce150bbedf52cdbcc6eeda0385ec54f2bb05fdd67d39d16469195df622aef190,259516,recovered
ngg:21,https://www.gemeinde-merching.de/wp-content/gallery/merching/rathaus-merching4.jpg,wp-content/gallery/merching/rathaus-merching4.jpg,1,8844353923d99c0e668a90d9e1b78db0928da5d495515611a7530384b129f91b,218530,recovered
ngg:22,https://www.gemeinde-merching.de/wp-content/gallery/merching/saeule.jpg,wp-content/gallery/merching/saeule.jpg,1,1f24ec9dfdfc6b2e5c78898d75254d76daebdbd17643434e185fb2839afad5af,201365,recovered
ngg:23,https://www.gemeinde-merching.de/wp-content/gallery/merching/schule-merching.jpg,wp-content/gallery/merching/schule-merching.jpg,1,4e8996bcfceea4e8bdee707edaa80ade37a3b4051bbdcc6258a97a6f0dcddd74,163440,recovered
ngg:24,https://www.gemeinde-merching.de/wp-content/gallery/merching/segelboote-am-mandichosee.jpg,wp-content/gallery/merching/segelboote-am-mandichosee.jpg,1,14b83bc16919d1cc3ca2036e6fcb5de86e0c8c496e51a41aedebddc9aa1b2027,129587,recovered
ngg:25,https://www.gemeinde-merching.de/wp-content/gallery/merching/stausee.jpg,wp-content/gallery/merching/stausee.jpg,1,d0c272025e4b7d3cd3f92e49fd365f2286a95dd6c925d8a1657b05ef5c915664,174001,recovered
ngg:26,https://www.gemeinde-merching.de/wp-content/gallery/merching/feuerwehrauto-merching.jpg,wp-content/gallery/merching/feuerwehrauto-merching.jpg,1,1e222f45e423ebd187e877cb7ca62bf1b320efe9cff1485fa433a02ac1c70270,49637,recovered
ngg:52,https://www.gemeinde-merching.de/wp-content/gallery/merching/cimg1913.jpg,wp-content/gallery/merching/cimg1913.jpg,1,616f5a38c762102e873c0ba28238422175821e9b2fb121d86dbffb79a971feeb,479103,recovered
ngg:53,https://www.gemeinde-merching.de/wp-content/gallery/merching/cimg1914.jpg,wp-content/gallery/merching/cimg1914.jpg,1,ccfa98fc284d9bef3e525d4dd9596035bdb8eb3ece7973eb4d800cb63c7f4188,471677,recovered
ngg:55,https://www.gemeinde-merching.de/wp-content/gallery/merching/feuerwehr-merching.jpg,wp-content/gallery/merching/feuerwehr-merching.jpg,1,711c9ad21d2e5a081c8bb5648cf59b2020997b3530b9ac1538df1839473d3004,361250,recovered
ngg:56,https://www.gemeinde-merching.de/wp-content/gallery/merching/grund-und-mittelschule.jpg,wp-content/gallery/merching/grund-und-mittelschule.jpg,1,e91595bb9d44fc799c5e3b309a9cdec3093c2e50e5e4b893bb29eb01dd342745,554287,recovered
ngg:57,https://www.gemeinde-merching.de/wp-content/gallery/merching/kindergarten.jpg,wp-content/gallery/merching/kindergarten.jpg,1,67703fec7cedc998cc3fc1e0a06b452b7be1d454bf801f025ad3572c3c037e7f,428141,recovered
ngg:58,https://www.gemeinde-merching.de/wp-content/gallery/merching/kinderkrippe.jpg,wp-content/gallery/merching/kinderkrippe.jpg,1,08e69051cbb3348f20498ae101b4af144ad3c3b01e4f6ff9796e3db41162e81e,412910,recovered
ngg:59,https://www.gemeinde-merching.de/wp-content/gallery/merching/kirche-merching_0.jpg,wp-content/gallery/merching/kirche-merching_0.jpg,1,6a6f4bd7c8b189a76c99a5d1a6b89a56dc957c2f9e724f18f11e0974415e63d0,265087,recovered
ngg:60,https://www.gemeinde-merching.de/wp-content/gallery/merching/klostergarten.jpg,wp-content/gallery/merching/klostergarten.jpg,1,cdf026db5c4be7c674a9973ed01c341aa536c6ac4645a262a7ceba71fd03feac,511429,recovered
ngg:61,https://www.gemeinde-merching.de/wp-content/gallery/merching/maibaum-merching.jpg,wp-content/gallery/merching/maibaum-merching.jpg,1,ac3c7067b77f19b67c00aaf9047def3d22782b533cb0b5667cdac3820a5ee9da,271391,recovered
ngg:62,https://www.gemeinde-merching.de/wp-content/gallery/merching/mehrzweckhalle.jpg,wp-content/gallery/merching/mehrzweckhalle.jpg,1,284fd160f17aac2b03439da2d8cd655fa27e25b4cdd50a5d89a9cf9fa43fd971,347566,recovered
ngg:63,https://www.gemeinde-merching.de/wp-content/gallery/merching/pfarramt-figur.jpg,wp-content/gallery/merching/pfarramt-figur.jpg,1,6733668ecb4942e275f0ed3f7f4eb329536554389f20091b7c79eee150c1d7d8,280184,recovered
ngg:64,https://www.gemeinde-merching.de/wp-content/gallery/merching/pfarramt.jpg,wp-content/gallery/merching/pfarramt.jpg,1,a722cf523e12318623a88ce2f725b8c54dae1d3edbad9761e80fe7b8e08d185a,359731,recovered
ngg:65,https://www.gemeinde-merching.de/wp-content/gallery/merching/skulptur-im-friedhof.jpg,wp-content/gallery/merching/skulptur-im-friedhof.jpg,1,b10fdc2868e96af1db3265aa3eaf9e8d4d03d8bf32b08eecef7666f03e8703ba,424351,recovered
ngg:66,https://www.gemeinde-merching.de/wp-content/gallery/merching/sprudelstein.jpg,wp-content/gallery/merching/sprudelstein.jpg,1,4a34ec4601f9ed4fc0d7881d41d6c5d9e024d05009cbe0592c339dc99da96c4d,516309,recovered
ngg:67,https://www.gemeinde-merching.de/wp-content/gallery/merching/kapelle-st-margaretha011.jpg,wp-content/gallery/merching/kapelle-st-margaretha011.jpg,1,16a7b5ba1083ab242d73a66a6ed6535d29659c0f7bc879a865e782a93c6f6031,567732,recovered
ngg:69,https://www.gemeinde-merching.de/wp-content/gallery/merching/kirche-steinach-001.jpg,wp-content/gallery/merching/kirche-steinach-001.jpg,1,2bf1ff66874324cbeb0772b1c45e2b448e38a50f5e966be973b79ba7aeafba4f,490798,recovered
ngg:70,https://www.gemeinde-merching.de/wp-content/gallery/merching/kapelle-und-kreuz008.jpg,wp-content/gallery/merching/kapelle-und-kreuz008.jpg,1,bbe92e13a109a1f9c506867a639728d5712e3921fc17160d190b7fac9eba625f,643387,recovered
ngg:75,https://www.gemeinde-merching.de/wp-content/gallery/merching/maibaum_0.jpg,wp-content/gallery/merching/maibaum_0.jpg,1,ed5591465b41866c10e62cf7e9c6562156321851074639469b0dd8ccd7b89ac0,323928,recovered
ngg:76,https://www.gemeinde-merching.de/wp-content/gallery/merching/nepomuk.jpg,wp-content/gallery/merching/nepomuk.jpg,1,2c4ac798076ed16dec2feda264a113c3fffe5be890a450dca539b042cebdc134,424882,recovered
ngg:77,https://www.gemeinde-merching.de/wp-content/gallery/merching/pfarrhof.jpg,wp-content/gallery/merching/pfarrhof.jpg,1,6cc2db9ab905bd1fbe95f2eeea011a4a01552e3ecb5cf274ab70ace9e9e987c3,521540,recovered
ngg:78,https://www.gemeinde-merching.de/wp-content/gallery/merching/bild-kirche-neu.jpg,wp-content/gallery/merching/bild-kirche-neu.jpg,1,e31c5c88132d1ff142835dfcc7b5969a8ed6618c6a7180bf1083320a70725fcf,348374,recovered
ngg:79,https://www.gemeinde-merching.de/wp-content/gallery/merching/kopie-von-snc000881.jpg,wp-content/gallery/merching/kopie-von-snc000881.jpg,1,f103d1d89d9eade6e885b2b4c11c30392d792b19281e26f475404f43781db7ea,484055,recovered
ngg:83,https://www.gemeinde-merching.de/wp-content/gallery/merching/maibaum-steinach.jpg,wp-content/gallery/merching/maibaum-steinach.jpg,1,2f543732b49468b94089f3dcc906910f4115092e43c0ea52589829cdafa99531,347523,recovered
ngg:82,https://www.gemeinde-merching.de/wp-content/gallery/merching/bacherleh-in-steinach.jpg,wp-content/gallery/merching/bacherleh-in-steinach.jpg,1,359a8cc1c0426b2e22601709f20ed7d6ac4846570d5fa4226bbbc223fdb811bd,453332,recovered
ngg:47,https://www.gemeinde-merching.de/wp-content/gallery/gewerbegebiet-am-lerchenpark/cimg1916.jpg,wp-content/gallery/gewerbegebiet-am-lerchenpark/cimg1916.jpg,3,d1cfec616625db2923715b68011adeee805b80085361100b553b1a5d71c5dd86,370034,recovered
ngg:48,https://www.gemeinde-merching.de/wp-content/gallery/gewerbegebiet-am-lerchenpark/cimg1917.jpg,wp-content/gallery/gewerbegebiet-am-lerchenpark/cimg1917.jpg,3,5699d37455622ae6664432306e55b7d17a008d33775dd2f3debe15e4a0e90564,405916,recovered
ngg:49,https://www.gemeinde-merching.de/wp-content/gallery/gewerbegebiet-am-lerchenpark/cimg1918.jpg,wp-content/gallery/gewerbegebiet-am-lerchenpark/cimg1918.jpg,3,bc122df23395ad97c771d1ffbea216e743b263419a487102166618b3f483140b,444013,recovered
ngg:50,https://www.gemeinde-merching.de/wp-content/gallery/gewerbegebiet-am-lerchenpark/cimg1919.jpg,wp-content/gallery/gewerbegebiet-am-lerchenpark/cimg1919.jpg,3,10514db11258625adf9b047de21843b68380f625c5d740c2c78a39cfc9688a98,400531,recovered
ngg:51,https://www.gemeinde-merching.de/wp-content/gallery/gewerbegebiet-am-lerchenpark/cimg1920.jpg,wp-content/gallery/gewerbegebiet-am-lerchenpark/cimg1920.jpg,3,1829231ace762c77f09415280792300c19c5da67e4665b159fea6e7aca5aeeb8,392566,recovered
ngg:54,https://www.gemeinde-merching.de/wp-content/gallery/gewerbegebiet-am-lerchenpark/cimg1915.jpg,wp-content/gallery/gewerbegebiet-am-lerchenpark/cimg1915.jpg,3,8131b75dc2b87d3638a482457ee86059df9dfda4723a718bb0f61858858fbb93,482389,recovered
ngg:71,https://www.gemeinde-merching.de/wp-content/gallery/sommerspass/mandicho-stausee_1.jpg,wp-content/gallery/sommerspass/mandicho-stausee_1.jpg,4,0da95cff147e8c959ff653b87c7098cb0ce605b0c7d2b6feb251d24d180299b1,272365,recovered
ngg:72,https://www.gemeinde-merching.de/wp-content/gallery/sommerspass/mandicho-stausee_2.jpg,wp-content/gallery/sommerspass/mandicho-stausee_2.jpg,4,d1978afbf1d9df5bdb71f08191ec2325a4c4ed6d7177c390853f100d2d67ba0f,389095,recovered
ngg:73,https://www.gemeinde-merching.de/wp-content/gallery/sommerspass/segelboote-am-mandichosee.jpg,wp-content/gallery/sommerspass/segelboote-am-mandichosee.jpg,4,f6ad48e06790ea3235d1246134084c0443eb6ab02b235839ac8004a92db6988b,254163,recovered
ngg:74,https://www.gemeinde-merching.de/wp-content/gallery/sommerspass/stausee.jpg,wp-content/gallery/sommerspass/stausee.jpg,4,eb95b21c08a9a2c857280cbf1f1593692d3a4a6bce5cb5a48e3d28cf58ab9249,327344,recovered
ngg:160,https://www.gemeinde-merching.de/wp-content/gallery/2024-buergerball/DSC07325.JPG,wp-content/gallery/2024-buergerball/DSC07325.JPG,6,989b35220cab81c41fd746fe8f61af4f4294ac23221c6987909c3e3a25ddad84,5799936,recovered
