scope,item,decision,destination,reason
page,Bürgerservice,replaced with real content,/buergerservice,Retain redesigned catalogue/landing architecture; verified source content replaces all synthetic facts.
page,Bürgerservice von A bis Z,replaced with real content,/buergerservice/a-z,Retain redesigned catalogue/landing architecture; verified source content replaces all synthetic facts.
page,Aktuelles,replaced with real content,/aktuelles,Retain redesigned catalogue/landing architecture; verified source content replaces all synthetic facts.
page,Veranstaltungen,replaced with real content,/veranstaltungen,Retain redesigned catalogue/landing architecture; verified source content replaces all synthetic facts.
page,Bekanntmachungen,replaced with real content,/bekanntmachungen,Retain redesigned catalogue/landing architecture; verified source content replaces all synthetic facts.
page,Formulare und Dokumente,replaced with real content,/dokumente,Retain redesigned catalogue/landing architecture; verified source content replaces all synthetic facts.
page,Ansprechpersonen und Einrichtungen,kept,/verzeichnisse,Retain redesigned catalogue/landing architecture; verified source content replaces all synthetic facts.
page,Vereine und Organisationen,replaced with real content,/vereine,Retain redesigned catalogue/landing architecture; verified source content replaces all synthetic facts.
page,Rathaus und Politik,kept,/rathaus-und-politik,Retain redesigned catalogue/landing architecture; verified source content replaces all synthetic facts.
page,Leben in Merching,kept,/leben,Retain redesigned catalogue/landing architecture; verified source content replaces all synthetic facts.
page,Bauen und Wirtschaft,kept,/bauen-und-wirtschaft,Retain redesigned catalogue/landing architecture; verified source content replaces all synthetic facts.
page,Ortsrecht und Satzungen,replaced with real content,/ortsrecht,Retain redesigned catalogue/landing architecture; verified source content replaces all synthetic facts.
page,Erklärung zur Barrierefreiheit (Platzhalter),replaced with real content,/barrierefreiheit,Preserve the published legacy text as source information; legal applicability to the Laravel website requires editorial review.
page,Datenschutzerklärung (Platzhalter),replaced with real content,/datenschutz,Preserve the published legacy text as source information; legal applicability to the Laravel website requires editorial review.
page,Impressum (Platzhalter),replaced with real content,/impressum,Preserve the published legacy text as source information; legal applicability to the Laravel website requires editorial review.
page,Kinderbetreuung,merged,/leben/kinder-und-jugend,Merge into the verified children/youth or bathing-water page; former demo path redirects there. Fictional facilities/rules/contacts are removed.
page,Grußwort des Ersten Bürgermeisters,replaced with real content,/rathaus-und-politik/grusswort,Retain redesigned catalogue/landing architecture; verified source content replaces all synthetic facts.
page,Freizeit am See,merged,/leben/badeseen,Merge into the verified children/youth or bathing-water page; former demo path redirects there. Fictional facilities/rules/contacts are removed.
page,Entwurf: Seite mit Qualitätsproblemen,removed,,Synthetic quality/error fixture has no municipal public content counterpart; demo seeder remains available.
navigation:main,Bürgerservice,replaced with real content,/buergerservice,Navigation purpose retained; real municipal destination replaces the synthetic target. Duplicate utility links are consolidated in the new navigation.
navigation:main,Leistungen von A bis Z,replaced with real content,/buergerservice/a-z,Navigation purpose retained; real municipal destination replaces the synthetic target. Duplicate utility links are consolidated in the new navigation.
navigation:main,Umzug nach Merching,merged,/buergerservice/leistungen/ein-umzug-steht-bevor,Navigation purpose retained; real municipal destination replaces the synthetic target. Duplicate utility links are consolidated in the new navigation.
navigation:main,Geburt eines Kindes,merged,/buergerservice/leistungen/eheschliessung,Navigation purpose retained; real municipal destination replaces the synthetic target. Duplicate utility links are consolidated in the new navigation.
navigation:main,Bauen und Renovieren,merged,/bauen-und-wirtschaft,Navigation purpose retained; real municipal destination replaces the synthetic target. Duplicate utility links are consolidated in the new navigation.
navigation:main,Formulare und Dokumente,replaced with real content,/dokumente,Navigation purpose retained; real municipal destination replaces the synthetic target. Duplicate utility links are consolidated in the new navigation.
navigation:main,Online-Anträge,replaced with real content,/buergerserviceportal,Navigation purpose retained; real municipal destination replaces the synthetic target. Duplicate utility links are consolidated in the new navigation.
navigation:main,Ansprechpersonen,replaced with real content,/verzeichnisse,Navigation purpose retained; real municipal destination replaces the synthetic target. Duplicate utility links are consolidated in the new navigation.
navigation:main,Rathaus & Politik,replaced with real content,/rathaus-und-politik,Navigation purpose retained; real municipal destination replaces the synthetic target. Duplicate utility links are consolidated in the new navigation.
navigation:main,Gemeinderat,replaced with real content,/rathaus-und-politik/gemeinderat,Navigation purpose retained; real municipal destination replaces the synthetic target. Duplicate utility links are consolidated in the new navigation.
navigation:main,Bekanntmachungen,replaced with real content,/bekanntmachungen,Navigation purpose retained; real municipal destination replaces the synthetic target. Duplicate utility links are consolidated in the new navigation.
navigation:main,Bürgerbüro,merged,/rathaus-und-politik/verwaltung,Navigation purpose retained; real municipal destination replaces the synthetic target. Duplicate utility links are consolidated in the new navigation.
navigation:main,Bauamt,merged,/rathaus-und-politik/verwaltung,Navigation purpose retained; real municipal destination replaces the synthetic target. Duplicate utility links are consolidated in the new navigation.
navigation:main,Ortsrecht und Satzungen,replaced with real content,/ortsrecht,Navigation purpose retained; real municipal destination replaces the synthetic target. Duplicate utility links are consolidated in the new navigation.
navigation:main,Rathaus und Öffnungszeiten,merged,/rathaus-und-politik/verwaltung,Navigation purpose retained; real municipal destination replaces the synthetic target. Duplicate utility links are consolidated in the new navigation.
navigation:main,Aktuelles,replaced with real content,/aktuelles,Navigation purpose retained; real municipal destination replaces the synthetic target. Duplicate utility links are consolidated in the new navigation.
navigation:main,Meldungen,replaced with real content,/aktuelles,Navigation purpose retained; real municipal destination replaces the synthetic target. Duplicate utility links are consolidated in the new navigation.
navigation:main,Veranstaltungen,replaced with real content,/veranstaltungen,Navigation purpose retained; real municipal destination replaces the synthetic target. Duplicate utility links are consolidated in the new navigation.
navigation:main,Bekanntmachungen,replaced with real content,/bekanntmachungen,Navigation purpose retained; real municipal destination replaces the synthetic target. Duplicate utility links are consolidated in the new navigation.
navigation:main,Leben & Freizeit,replaced with real content,/leben,Navigation purpose retained; real municipal destination replaces the synthetic target. Duplicate utility links are consolidated in the new navigation.
navigation:main,Freizeit am See,replaced with real content,/leben/badeseen,Navigation purpose retained; real municipal destination replaces the synthetic target. Duplicate utility links are consolidated in the new navigation.
navigation:main,Kinderbetreuung,replaced with real content,/leben/kinder-und-jugend,Navigation purpose retained; real municipal destination replaces the synthetic target. Duplicate utility links are consolidated in the new navigation.
navigation:main,Vereine,replaced with real content,/vereine,Navigation purpose retained; real municipal destination replaces the synthetic target. Duplicate utility links are consolidated in the new navigation.
navigation:main,Wertstoffhof,merged,/buergerservice/leistungen/wertstoffsammlung,Navigation purpose retained; real municipal destination replaces the synthetic target. Duplicate utility links are consolidated in the new navigation.
navigation:main,Ortsansichten,replaced with real content,/bildergalerie-merching,Navigation purpose retained; real municipal destination replaces the synthetic target. Duplicate utility links are consolidated in the new navigation.
navigation:main,Bauen & Wirtschaft,replaced with real content,/bauen-und-wirtschaft,Navigation purpose retained; real municipal destination replaces the synthetic target. Duplicate utility links are consolidated in the new navigation.
navigation:main,Bauantrag stellen,replaced with real content,/buergerservice/leistungen/bauantraege-13,Navigation purpose retained; real municipal destination replaces the synthetic target. Duplicate utility links are consolidated in the new navigation.
navigation:main,Gewerbe anmelden,replaced with real content,/buergerservice/leistungen/gewerbean-und-abmeldung-49,Navigation purpose retained; real municipal destination replaces the synthetic target. Duplicate utility links are consolidated in the new navigation.
navigation:main,Bebauungspläne,merged,/flaechennutzungsplan-bebauungsplaene,Navigation purpose retained; real municipal destination replaces the synthetic target. Duplicate utility links are consolidated in the new navigation.
navigation:service,Personalausweis und Reisepass,replaced with real content,/buergerservice/leistungen/personalausweis,Navigation purpose retained; real municipal destination replaces the synthetic target. Duplicate utility links are consolidated in the new navigation.
navigation:service,Wohnsitz anmelden,replaced with real content,/buergerservice/leistungen/ein-umzug-steht-bevor,Navigation purpose retained; real municipal destination replaces the synthetic target. Duplicate utility links are consolidated in the new navigation.
navigation:service,Hundesteuer,replaced with real content,/buergerservice/leistungen/hundesteuer-63,Navigation purpose retained; real municipal destination replaces the synthetic target. Duplicate utility links are consolidated in the new navigation.
navigation:service,Sperrmüll anmelden,replaced with real content,/buergerservice/leistungen/sperrmuell-118,Navigation purpose retained; real municipal destination replaces the synthetic target. Duplicate utility links are consolidated in the new navigation.
navigation:service,Führungszeugnis,replaced with real content,/buergerservice/leistungen/fuehrungszeugnis-auskunft-aus-dem-gewerbezentralregister,Navigation purpose retained; real municipal destination replaces the synthetic target. Duplicate utility links are consolidated in the new navigation.
navigation:service,Formulare,replaced with real content,/dokumente,Navigation purpose retained; real municipal destination replaces the synthetic target. Duplicate utility links are consolidated in the new navigation.
navigation:service,Bauantrag,replaced with real content,/buergerservice/leistungen/bauantraege-13,Navigation purpose retained; real municipal destination replaces the synthetic target. Duplicate utility links are consolidated in the new navigation.
navigation:service,Wertstoffhof,merged,/buergerservice/leistungen/wertstoffsammlung,Navigation purpose retained; real municipal destination replaces the synthetic target. Duplicate utility links are consolidated in the new navigation.
navigation:footer,Bürgerservice,replaced with real content,/buergerservice,Navigation purpose retained; real municipal destination replaces the synthetic target. Duplicate utility links are consolidated in the new navigation.
navigation:footer,Leistungen A–Z,replaced with real content,/buergerservice/a-z,Navigation purpose retained; real municipal destination replaces the synthetic target. Duplicate utility links are consolidated in the new navigation.
navigation:footer,Formulare,replaced with real content,/dokumente,Navigation purpose retained; real municipal destination replaces the synthetic target. Duplicate utility links are consolidated in the new navigation.
navigation:footer,Online-Anträge,replaced with real content,/buergerserviceportal,Navigation purpose retained; real municipal destination replaces the synthetic target. Duplicate utility links are consolidated in the new navigation.
navigation:footer,Ansprechpersonen,replaced with real content,/verzeichnisse,Navigation purpose retained; real municipal destination replaces the synthetic target. Duplicate utility links are consolidated in the new navigation.
navigation:footer,Aktuelles,replaced with real content,/aktuelles,Navigation purpose retained; real municipal destination replaces the synthetic target. Duplicate utility links are consolidated in the new navigation.
navigation:footer,Meldungen,replaced with real content,/aktuelles,Navigation purpose retained; real municipal destination replaces the synthetic target. Duplicate utility links are consolidated in the new navigation.
navigation:footer,Veranstaltungen,replaced with real content,/veranstaltungen,Navigation purpose retained; real municipal destination replaces the synthetic target. Duplicate utility links are consolidated in the new navigation.
navigation:footer,Bekanntmachungen,replaced with real content,/bekanntmachungen,Navigation purpose retained; real municipal destination replaces the synthetic target. Duplicate utility links are consolidated in the new navigation.
navigation:footer,Rechtliches,replaced with real content,/impressum,Navigation purpose retained; real municipal destination replaces the synthetic target. Duplicate utility links are consolidated in the new navigation.
navigation:footer,Barrierefreiheit,replaced with real content,/barrierefreiheit,Navigation purpose retained; real municipal destination replaces the synthetic target. Duplicate utility links are consolidated in the new navigation.
navigation:footer,Datenschutz,replaced with real content,/datenschutz,Navigation purpose retained; real municipal destination replaces the synthetic target. Duplicate utility links are consolidated in the new navigation.
navigation:footer,Impressum,replaced with real content,/impressum,Navigation purpose retained; real municipal destination replaces the synthetic target. Duplicate utility links are consolidated in the new navigation.
life-situation,Umzug nach Merching,merged,/buergerservice/leistungen/ein-umzug-steht-bevor,Verified services/pages cover this subject. LifeSituation model and workflow remain available; no synthetic guide text or relationships are imported.
life-situation,Geburt eines Kindes,merged,/buergerservice/leistungen/eheschliessung,Verified services/pages cover this subject. LifeSituation model and workflow remain available; no synthetic guide text or relationships are imported.
life-situation,Heiraten,merged,/buergerservice/leistungen/eheschliessung,Verified services/pages cover this subject. LifeSituation model and workflow remain available; no synthetic guide text or relationships are imported.
life-situation,Bauen und Renovieren,merged,/bauen-und-wirtschaft,Verified services/pages cover this subject. LifeSituation model and workflow remain available; no synthetic guide text or relationships are imported.
life-situation,Hund anschaffen,merged,/buergerservice/leistungen/hundesteuer-63,Verified services/pages cover this subject. LifeSituation model and workflow remain available; no synthetic guide text or relationships are imported.
life-situation,Todesfall,merged,/buergerservice/leistungen/eheschliessung,Verified services/pages cover this subject. LifeSituation model and workflow remain available; no synthetic guide text or relationships are imported.
life-situation,Selbstständig machen,merged,/buergerservice/leistungen/gewerbean-und-abmeldung-49,Verified services/pages cover this subject. LifeSituation model and workflow remain available; no synthetic guide text or relationships are imported.
service,Reisepass beantragen,merged,/buergerservice/a-z,"Use verified source service/contact records; demo fees, deadlines, FAQs, online links and relationships are removed. The A–Z directory remains the fallback when a precise equivalent is uncertain."
service,Wohnsitz anmelden,replaced with real content,/buergerservice/leistungen/ein-umzug-steht-bevor,"Use verified source service/contact records; demo fees, deadlines, FAQs, online links and relationships are removed. The A–Z directory remains the fallback when a precise equivalent is uncertain."
service,Wohnsitz abmelden,merged,/buergerservice/a-z,"Use verified source service/contact records; demo fees, deadlines, FAQs, online links and relationships are removed. The A–Z directory remains the fallback when a precise equivalent is uncertain."
service,Führungszeugnis beantragen,replaced with real content,/buergerservice/leistungen/fuehrungszeugnis-auskunft-aus-dem-gewerbezentralregister,"Use verified source service/contact records; demo fees, deadlines, FAQs, online links and relationships are removed. The A–Z directory remains the fallback when a precise equivalent is uncertain."
service,Hund anmelden (Hundesteuer),replaced with real content,/buergerservice/leistungen/hundesteuer-63,"Use verified source service/contact records; demo fees, deadlines, FAQs, online links and relationships are removed. The A–Z directory remains the fallback when a precise equivalent is uncertain."
service,Grundsteuer,replaced with real content,/buergerservice/leistungen/grundsteuer-53,"Use verified source service/contact records; demo fees, deadlines, FAQs, online links and relationships are removed. The A–Z directory remains the fallback when a precise equivalent is uncertain."
service,Sperrmüll und Elektrogeräte abholen lassen,replaced with real content,/buergerservice/leistungen/sperrmuell-118,"Use verified source service/contact records; demo fees, deadlines, FAQs, online links and relationships are removed. The A–Z directory remains the fallback when a precise equivalent is uncertain."
service,Wertstoffhof nutzen,merged,/buergerservice/a-z,"Use verified source service/contact records; demo fees, deadlines, FAQs, online links and relationships are removed. The A–Z directory remains the fallback when a precise equivalent is uncertain."
service,Bauantrag stellen,replaced with real content,/buergerservice/leistungen/bauantraege-13,"Use verified source service/contact records; demo fees, deadlines, FAQs, online links and relationships are removed. The A–Z directory remains the fallback when a precise equivalent is uncertain."
service,Hausnummer beantragen,merged,/buergerservice/a-z,"Use verified source service/contact records; demo fees, deadlines, FAQs, online links and relationships are removed. The A–Z directory remains the fallback when a precise equivalent is uncertain."
service,Gewerbe anmelden,replaced with real content,/buergerservice/leistungen/gewerbean-und-abmeldung-49,"Use verified source service/contact records; demo fees, deadlines, FAQs, online links and relationships are removed. The A–Z directory remains the fallback when a precise equivalent is uncertain."
service,Veranstaltung anzeigen,merged,/buergerservice/a-z,"Use verified source service/contact records; demo fees, deadlines, FAQs, online links and relationships are removed. The A–Z directory remains the fallback when a precise equivalent is uncertain."
service,Fundsache abgeben oder suchen,merged,/buergerservice/a-z,"Use verified source service/contact records; demo fees, deadlines, FAQs, online links and relationships are removed. The A–Z directory remains the fallback when a precise equivalent is uncertain."
service,Briefwahl beantragen,merged,/buergerservice/a-z,"Use verified source service/contact records; demo fees, deadlines, FAQs, online links and relationships are removed. The A–Z directory remains the fallback when a precise equivalent is uncertain."
service,Geburt beurkunden,merged,/buergerservice/a-z,"Use verified source service/contact records; demo fees, deadlines, FAQs, online links and relationships are removed. The A–Z directory remains the fallback when a precise equivalent is uncertain."
service,Eheschließung anmelden,merged,/buergerservice/a-z,"Use verified source service/contact records; demo fees, deadlines, FAQs, online links and relationships are removed. The A–Z directory remains the fallback when a precise equivalent is uncertain."
service,Sterbefall beurkunden,merged,/buergerservice/a-z,"Use verified source service/contact records; demo fees, deadlines, FAQs, online links and relationships are removed. The A–Z directory remains the fallback when a precise equivalent is uncertain."
service,Kinderbetreuungsplatz anmelden,merged,/buergerservice/a-z,"Use verified source service/contact records; demo fees, deadlines, FAQs, online links and relationships are removed. The A–Z directory remains the fallback when a precise equivalent is uncertain."
service,Wasserzählerstand melden,merged,/buergerservice/a-z,"Use verified source service/contact records; demo fees, deadlines, FAQs, online links and relationships are removed. The A–Z directory remains the fallback when a precise equivalent is uncertain."
service,Fahrzeug zulassen,merged,/buergerservice/a-z,"Use verified source service/contact records; demo fees, deadlines, FAQs, online links and relationships are removed. The A–Z directory remains the fallback when a precise equivalent is uncertain."
service,Grundstücksentwässerungsanlage genehmigen lassen,merged,/buergerservice/a-z,"Use verified source service/contact records; demo fees, deadlines, FAQs, online links and relationships are removed. The A–Z directory remains the fallback when a precise equivalent is uncertain."
section,Homepage and search,kept,,"Real media, greeting, articles, events, contacts and rebuilt index replace demo facts; display controls/feedback/archive functionality remains."
section,Council and committee workflows,replaced with real content,,"One real 2026–2032 term, 26 portraits/members and three named committees; unverified committee memberships remain empty."
section,Budget workflows,replaced with real content,,Three real topics with 25 ordered originals; source-only publication snapshots retain the workflow despite FPDI limitations.
section,Synthetic alerts and announcements,removed,,"No invented amounts, dates, facilities, people or public safety alerts are imported."
section,Historical council terms / additional budget topics,kept but empty pending real content,,Schema and workflows remain available; no synthetic past term/package is published.
section,Revision/proposal/role architecture,kept,,"Normal roles, revision, proposal, publication, routing, upload and search services remain; no old users or operational history imported."
section,Public contact and feedback,kept,,"User-requested 15 active legacy form aliases route to existing encrypted recipients. Postal address, subject, reply preference, privacy acknowledgement and confirmation copy are restored. Local delivery goes to Mailpit."
