source_id,title,used_on_posts,conversion
2025,Adressen,20,structured records + controlled table
2026,!! Buergerservice-obsolet,,intentionally skipped: unused/obsolete helper
2027,Gewerbetreibende,,intentionally skipped: unused/obsolete helper
2028,Vereine,249,structured records + controlled table
2029,Bürgerservice von A-Z,222,structured records + controlled table
4582,Gemeinderat 2026-2032,212,structured records + controlled table
4656,Standortfaktoren Gewerbe,12|4787,controlled table
4851,Startseite-Intro,,intentionally skipped: unused/obsolete helper
4791,Standortfaktoren Allgemein,4787,controlled table
4793,Standortfaktoren Freizeit,14|4787,controlled table
4856,Startseite-Intro-2,,intentionally skipped: unused/obsolete helper
4863,Startseite-Intro-3,,intentionally skipped: unused/obsolete helper
8634,Veranstaltungskalender,4,structured records + controlled table
