source_url,target_url,kind,status,reason
https://www.gemeinde-merching.de/6807/,https://www.gemeinde-merching.de/6807/,link,404,Observed internal link target missing
https://www.gemeinde-merching.de/6808/,https://www.gemeinde-merching.de/6808/,link,404,Observed internal link target missing
https://www.gemeinde-merching.de/6809/,https://www.gemeinde-merching.de/6809/,link,404,Observed internal link target missing
https://www.gemeinde-merching.de/6810/,https://www.gemeinde-merching.de/6810/,link,404,Observed internal link target missing
https://www.gemeinde-merching.de/6811/,https://www.gemeinde-merching.de/6811/,link,404,Observed internal link target missing
https://www.gemeinde-merching.de/6812/,https://www.gemeinde-merching.de/6812/,link,404,Observed internal link target missing
https://www.gemeinde-merching.de/6813/,https://www.gemeinde-merching.de/6813/,link,404,Observed internal link target missing
https://www.gemeinde-merching.de/6814/,https://www.gemeinde-merching.de/6814/,link,404,Observed internal link target missing
https://www.gemeinde-merching.de/6815/,https://www.gemeinde-merching.de/6815/,link,404,Observed internal link target missing
https://www.gemeinde-merching.de/6817/,https://www.gemeinde-merching.de/6817/,link,404,Observed internal link target missing
https://www.gemeinde-merching.de/6819/,https://www.gemeinde-merching.de/6819/,link,404,Observed internal link target missing
https://www.gemeinde-merching.de/6820/,https://www.gemeinde-merching.de/6820/,link,404,Observed internal link target missing
https://www.gemeinde-merching.de/6821/,https://www.gemeinde-merching.de/6821/,link,404,Observed internal link target missing
https://www.gemeinde-merching.de/6822/,https://www.gemeinde-merching.de/6822/,link,404,Observed internal link target missing
https://www.gemeinde-merching.de/6823/,https://www.gemeinde-merching.de/6823/,link,404,Observed internal link target missing
https://www.gemeinde-merching.de/6824/,https://www.gemeinde-merching.de/6824/,link,404,Observed internal link target missing
https://www.gemeinde-merching.de/6825/,https://www.gemeinde-merching.de/6825/,link,404,Observed internal link target missing
https://www.gemeinde-merching.de/6826/,https://www.gemeinde-merching.de/6826/,link,404,Observed internal link target missing
https://www.gemeinde-merching.de/6827/,https://www.gemeinde-merching.de/6827/,link,404,Observed internal link target missing
https://www.gemeinde-merching.de/6828/,https://www.gemeinde-merching.de/6828/,link,404,Observed internal link target missing
https://www.gemeinde-merching.de/6829/,https://www.gemeinde-merching.de/6829/,link,404,Observed internal link target missing
https://www.gemeinde-merching.de/6830/,https://www.gemeinde-merching.de/6830/,link,404,Observed internal link target missing
https://www.gemeinde-merching.de/6831/,https://www.gemeinde-merching.de/6831/,link,404,Observed internal link target missing
https://www.gemeinde-merching.de/6832/,https://www.gemeinde-merching.de/6832/,link,404,Observed internal link target missing
https://www.gemeinde-merching.de/6834/,https://www.gemeinde-merching.de/6834/,link,404,Observed internal link target missing
https://www.gemeinde-merching.de/6835/,https://www.gemeinde-merching.de/6835/,link,404,Observed internal link target missing
https://www.gemeinde-merching.de/6836/,https://www.gemeinde-merching.de/6836/,link,404,Observed internal link target missing
https://www.gemeinde-merching.de/6837/,https://www.gemeinde-merching.de/6837/,link,404,Observed internal link target missing
https://www.gemeinde-merching.de/6838/,https://www.gemeinde-merching.de/6838/,link,404,Observed internal link target missing
https://www.gemeinde-merching.de/6840/,https://www.gemeinde-merching.de/6840/,link,404,Observed internal link target missing
https://www.gemeinde-merching.de/6841/,https://www.gemeinde-merching.de/6841/,link,404,Observed internal link target missing
https://www.gemeinde-merching.de/6842/,https://www.gemeinde-merching.de/6842/,link,404,Observed internal link target missing
https://www.gemeinde-merching.de/6843/,https://www.gemeinde-merching.de/6843/,link,404,Observed internal link target missing
https://www.gemeinde-merching.de/6844/,https://www.gemeinde-merching.de/6844/,link,404,Observed internal link target missing
https://www.gemeinde-merching.de/6845/,https://www.gemeinde-merching.de/6845/,link,404,Observed internal link target missing
https://www.gemeinde-merching.de/6855/,https://www.gemeinde-merching.de/6855/,link,404,Observed internal link target missing
https://www.gemeinde-merching.de/6856/,https://www.gemeinde-merching.de/6856/,link,404,Observed internal link target missing
https://www.gemeinde-merching.de/6857/,https://www.gemeinde-merching.de/6857/,link,404,Observed internal link target missing
https://www.gemeinde-merching.de/6858/,https://www.gemeinde-merching.de/6858/,link,404,Observed internal link target missing
https://www.gemeinde-merching.de/6859/,https://www.gemeinde-merching.de/6859/,link,404,Observed internal link target missing
https://www.gemeinde-merching.de/6860/,https://www.gemeinde-merching.de/6860/,link,404,Observed internal link target missing
https://www.gemeinde-merching.de/6865/,https://www.gemeinde-merching.de/6865/,link,404,Observed internal link target missing
https://www.gemeinde-merching.de/6866/,https://www.gemeinde-merching.de/6866/,link,404,Observed internal link target missing
https://www.gemeinde-merching.de/6868/,https://www.gemeinde-merching.de/6868/,link,404,Observed internal link target missing
https://www.gemeinde-merching.de/6869/,https://www.gemeinde-merching.de/6869/,link,404,Observed internal link target missing
https://www.gemeinde-merching.de/6870/,https://www.gemeinde-merching.de/6870/,link,404,Observed internal link target missing
https://www.gemeinde-merching.de/6871/,https://www.gemeinde-merching.de/6871/,link,404,Observed internal link target missing
https://www.gemeinde-merching.de/9231/,https://www.gemeinde-merching.de/9231/,link,404,Observed internal link target missing
https://www.gemeinde-merching.de/9644/,https://www.gemeinde-merching.de/9644/,link,404,Observed internal link target missing
https://www.gemeinde-merching.de/?p=5152&post_type=encyclopedia,https://www.gemeinde-merching.de/?p=5152&post_type=encyclopedia,link,404,Observed internal link target missing
https://www.gemeinde-merching.de/?p=5157&post_type=encyclopedia,https://www.gemeinde-merching.de/?p=5157&post_type=encyclopedia,link,404,Observed internal link target missing
https://www.gemeinde-merching.de/abschaffung-kinderreisepass-zum-01-01-2024/,https://www.gemeinde-merching.de/wp-content/uploads/2024/02/Abschaffung-Kinderreisepass.pdf,link,404,Observed internal link target missing
https://www.gemeinde-merching.de/buergerservice/formulare/,https://www.gemeinde-merching.de/download/wasserversorgung/Anmeldung_eines_Gartenwasserzaehlers_NEU_ab_2022.pdf,link,404,Observed internal link target missing
https://www.gemeinde-merching.de/buergerservice/formulare/,https://www.gemeinde-merching.de/download/wasserversorgung/Antrag_fuer_Wasserbezug.pdf,link,404,Observed internal link target missing
https://www.gemeinde-merching.de/buergerservice/formulare/,https://www.gemeinde-merching.de/download/wasserversorgung/Bauwasserbezugsvertrag.pdf,link,404,Observed internal link target missing
https://www.gemeinde-merching.de/download/MandatGemeindeMerchingab2016.pdf,https://www.gemeinde-merching.de/download/MandatGemeindeMerchingab2016.pdf,link,404,Observed internal link target missing
https://www.gemeinde-merching.de/download/beste-ausbildungs-und-studienchanchen-in-der-oeffentlichen-verwaltung-bayerns/,https://www.gemeinde-merching.de/wp-content/uploads/2024/03/Anzeige-Nachwuchswerbung-2024.pdf,link,404,Observed internal link target missing
https://www.gemeinde-merching.de/download/wasserversorgung/Anmeldung_eines_Gartenwasserzaehlers.pdf,https://www.gemeinde-merching.de/download/wasserversorgung/Anmeldung_eines_Gartenwasserzaehlers.pdf,link,404,Observed internal link target missing
https://www.gemeinde-merching.de/download/wasserversorgung/Anmeldung_eines_Gartenwasserzaehlers_NEU_ab_2022.pdf,https://www.gemeinde-merching.de/download/wasserversorgung/Anmeldung_eines_Gartenwasserzaehlers_NEU_ab_2022.pdf,link,404,Observed internal link target missing
https://www.gemeinde-merching.de/download/wasserversorgung/Antrag_fuer_Bauwasserbezug.pdf,https://www.gemeinde-merching.de/download/wasserversorgung/Antrag_fuer_Bauwasserbezug.pdf,link,404,Observed internal link target missing
https://www.gemeinde-merching.de/download/wasserversorgung/Antrag_fuer_Wasserbezug.pdf,https://www.gemeinde-merching.de/download/wasserversorgung/Antrag_fuer_Wasserbezug.pdf,link,404,Observed internal link target missing
https://www.gemeinde-merching.de/download/wasserversorgung/Bauwasserbezugsvertrag.pdf,https://www.gemeinde-merching.de/download/wasserversorgung/Bauwasserbezugsvertrag.pdf,link,404,Observed internal link target missing
https://www.gemeinde-merching.de/footer/,https://www.gemeinde-merching.de/footer/,link,404,Observed internal link target missing
https://www.gemeinde-merching.de/links/nuetzliche-und-hilfreiche-links/4149/httpswww-gemeinde-merching-dewpfilebase_thumbnail1fid359nameenergieberatung_landkreis_aichach-friedberg_typo_schwarz_rgb_klein-jpg/,https://www.gemeinde-merching.de/links/nuetzliche-und-hilfreiche-links/4149/httpswww-gemeinde-merching-dewpfilebase_thumbnail1fid359nameenergieberatung_landkreis_aichach-friedberg_typo_schwarz_rgb_klein-jpg/,link,404,Observed internal link target missing
https://www.gemeinde-merching.de/links/nuetzliche-und-hilfreiche-links/buergernetz-mering/httpswww-gemeinde-merching-dewp-contentuploads201701logo-buergernetz-e1484639317192-png/,https://www.gemeinde-merching.de/links/nuetzliche-und-hilfreiche-links/buergernetz-mering/httpswww-gemeinde-merching-dewp-contentuploads201701logo-buergernetz-e1484639317192-png/,link,404,Observed internal link target missing
https://www.gemeinde-merching.de/links/nuetzliche-und-hilfreiche-links/formulare-zur-beantragung-eines-schwerbehindertenausweises-sowie-fuer-kindergeldleistungen/httpswww-gemeinde-merching-dewp-contentuploadslink-library-images68-jpg/,https://www.gemeinde-merching.de/links/nuetzliche-und-hilfreiche-links/formulare-zur-beantragung-eines-schwerbehindertenausweises-sowie-fuer-kindergeldleistungen/httpswww-gemeinde-merching-dewp-contentuploadslink-library-images68-jpg/,link,404,Observed internal link target missing
https://www.gemeinde-merching.de/links/nuetzliche-und-hilfreiche-links/mifaz-mitfahrzentrale/httpswww-gemeinde-merching-dewp-contentuploadslink-library-images9-jpg/,https://www.gemeinde-merching.de/links/nuetzliche-und-hilfreiche-links/mifaz-mitfahrzentrale/httpswww-gemeinde-merching-dewp-contentuploadslink-library-images9-jpg/,link,404,Observed internal link target missing
https://www.gemeinde-merching.de/nextgen-attach_to_post/preview/id--2890,https://www.gemeinde-merching.de/nextgen-attach_to_post/preview/id--2890,link,404,Observed internal link target missing
https://www.gemeinde-merching.de/sitemap_index.xml,https://www.gemeinde-merching.de/sitemap_index.xml,link,404,Observed internal link target missing
https://www.gemeinde-merching.de/wp-content/uploads/2020/05/B,https://www.gemeinde-merching.de/wp-content/uploads/2020/05/B,link,404,Observed internal link target missing
https://www.gemeinde-merching.de/wp-content/uploads/2024/02/Abschaffung-Kinderreisepass.pdf,https://www.gemeinde-merching.de/wp-content/uploads/2024/02/Abschaffung-Kinderreisepass.pdf,link,404,Observed internal link target missing
https://www.gemeinde-merching.de/wp-content/uploads/2024/03/Anzeige-Nachwuchswerbung-2024.pdf,https://www.gemeinde-merching.de/wp-content/uploads/2024/03/Anzeige-Nachwuchswerbung-2024.pdf,link,404,Observed internal link target missing
https://www.gemeinde-merching.de/wp-global-styles-astra/,https://www.gemeinde-merching.de/wp-global-styles-astra/,link,404,Observed internal link target missing
https://www.gemeinde-merching.de/wp-global-styles-twentytwentytwo/,https://www.gemeinde-merching.de/wp-global-styles-twentytwentytwo/,link,404,Observed internal link target missing
