source_id,issuer,issuer_code,year,order,title,component_label,path,exists_in_backup,bytes,sha256,mapping,accessibility
9230,Grundschulverband,GSV,2026,0,GSV - HH 0 Deckblatt 2026,Deckblatt,wp-content/uploads/download-manager-files/GSV-0-HH-Deckblatt.pdf,True,61634,08edecee0ecca50b5f6ad038c100a67dce4617fa927f12fa2109de919c51309c,Independent BudgetPlan by reviewed topic/year; 25 sources across 3 packages; main PDFs need compatible export,not verified
9234,Grundschulverband,GSV,2026,1,GSV - HH 1 Inhaltsverzeichnis 2026,Inhaltsverzeichnis,wp-content/uploads/download-manager-files/GSV-1-HH-Inhaltsverzeichnis.pdf,True,12967,b0abb0095af889154cb6d11d49e806ca6ebf2c0b9d40aefdb0b730a93bd6ac45,Independent BudgetPlan by reviewed topic/year; 25 sources across 3 packages; main PDFs need compatible export,not verified
9235,Grundschulverband,GSV,2026,2,GSV - HH 2 Haushaltssatzung 2026,Haushaltssatzung,wp-content/uploads/download-manager-files/GSV-2-HH-Haushaltssatzung.pdf,True,64911,dc5a7127e8ec014c390f7d021c015f5de8fa730b0f43d1c996e16bc0ac3f9936,Independent BudgetPlan by reviewed topic/year; 25 sources across 3 packages; main PDFs need compatible export,not verified
9236,Grundschulverband,GSV,2026,3,GSV - HH 3 Schulverbandsumlage 2026,Schulverbandsumlage,wp-content/uploads/download-manager-files/GSV-3-HH-Schulverbandsumlage.pdf,True,80664,30c61ffed31192cc6a3ffd76a4a3d2bce20aeccb689252a1d2e51847dcfcbd67,Independent BudgetPlan by reviewed topic/year; 25 sources across 3 packages; main PDFs need compatible export,not verified
9237,Grundschulverband,GSV,2026,4,GSV - HH 4 Vorbericht 2026,Vorbericht,wp-content/uploads/download-manager-files/GSV-4-HH-Vorbericht.pdf,True,78810,adb3193bd1c097da33bc6ea0e89af7a6bebe3e3389da4650def4fe236b8db31a,Independent BudgetPlan by reviewed topic/year; 25 sources across 3 packages; main PDFs need compatible export,not verified
9238,Grundschulverband,GSV,2026,5,GSV - HH 5 Haushaltsplan mit Finanzplan 2026,Haushaltsplan mit Finanzplan,wp-content/uploads/download-manager-files/GSV-5-HH-Haushaltsplan-mit-Finanzplanung.pdf,True,1101172,0d00e4213c3bb0ecfa5b4860d0eaa43ad0f0ee279bb48a758596958b96a35956,Independent BudgetPlan by reviewed topic/year; 25 sources across 3 packages; main PDFs need compatible export,not verified
9239,Grundschulverband,GSV,2026,6,GSV - HH 6 Anlagen 2026,Anlagen,wp-content/uploads/download-manager-files/GSV-6-HH-Anlagen.pdf,True,77009,4a15db5d60bf33d9ca5645b64ed6652339698d1f2de74e4249e4d13d8ca27e9c,Independent BudgetPlan by reviewed topic/year; 25 sources across 3 packages; main PDFs need compatible export,not verified
9307,Gemeinde Merching,Gde,2026,0,Gde - HH 0 Deckblatt 2026,Deckblatt,wp-content/uploads/download-manager-files/Gde-0-HH-Deckblatt.pdf,True,70694,09408b1fd96c211328c9c2f4ee190fe2a33cb3753db610c859f6f8930db933f0,Independent BudgetPlan by reviewed topic/year; 25 sources across 3 packages; main PDFs need compatible export,not verified
9308,Gemeinde Merching,Gde,2026,1,Gde - HH 1 Inhaltsverzeichnis 2026,Inhaltsverzeichnis,wp-content/uploads/download-manager-files/Gde-1-HH-Inhaltsverzeichnis.pdf,True,101470,3a325f90a678dc54e3852124e7535a6823b150243b8526460e0af8a5e617ebd1,Independent BudgetPlan by reviewed topic/year; 25 sources across 3 packages; main PDFs need compatible export,not verified
9309,Gemeinde Merching,Gde,2026,2,Gde - HH 2 Haushaltssatzung 2026,Haushaltssatzung,wp-content/uploads/download-manager-files/Gde-2-HH-Haushaltssatzung.pdf,True,141557,b8ce66d88bc5a05a4998c52babe5ce5e9f9ca539bf2924de7c5f6f873ded10b2,Independent BudgetPlan by reviewed topic/year; 25 sources across 3 packages; main PDFs need compatible export,not verified
9310,Gemeinde Merching,Gde,2026,3,Gde - HH 3 Vorbericht 2026,Vorbericht,wp-content/uploads/download-manager-files/Gde-3-HH-Vorbericht.pdf,True,235906,065e7d7b9e5bcccfe9ce89401f864f920ac29ad2e9ec14b280d621006f44b59d,Independent BudgetPlan by reviewed topic/year; 25 sources across 3 packages; main PDFs need compatible export,not verified
9311,Gemeinde Merching,Gde,2026,4,Gde - HH 4 Darlehen 2026,Darlehen,wp-content/uploads/download-manager-files/Gde-4-HH-Uebersicht-Darlehen.pdf,True,135076,e6538752d45d17d4d2a087e187e7512ddf4f01512800a1728e164d88167c67f7,Independent BudgetPlan by reviewed topic/year; 25 sources across 3 packages; main PDFs need compatible export,not verified
9312,Gemeinde Merching,Gde,2026,5,Gde - HH 5 Kreditermächtigungen 2026,Kreditermächtigungen,wp-content/uploads/download-manager-files/Gde-5-HH-Darlehensermaechtigungen.pdf,True,142954,7c737779abdddbb2f1a13324b936da56188acb8caf66eed77a4de8d047a5a2c9,Independent BudgetPlan by reviewed topic/year; 25 sources across 3 packages; main PDFs need compatible export,not verified
9313,Gemeinde Merching,Gde,2026,6,Gde - HH 6 Haushaltsplan mit Finanzplan 2026,Haushaltsplan mit Finanzplan,wp-content/uploads/download-manager-files/Gde-6-HH-Haushaltsplan-mit-Finanzplan-und-Deckungsringen.pdf,True,1597725,965045c14cfb3bda3daa887ef653be4807fb1595d55daded7643e2d9e40d4849,Independent BudgetPlan by reviewed topic/year; 25 sources across 3 packages; main PDFs need compatible export,not verified
9314,Gemeinde Merching,Gde,2026,7,Gde - HH 7 Stellenplan 2026,Stellenplan,wp-content/uploads/download-manager-files/Gde-7-HH-Stellenplan.pdf,True,177996,94a071eec12e81b35992fcb29bd15b55b9007ea273f5549c69d6c12b5ae1f346,Independent BudgetPlan by reviewed topic/year; 25 sources across 3 packages; main PDFs need compatible export,not verified
9315,Gemeinde Merching,Gde,2026,8,Gde - HH 8 Anlagen 2026,Anlagen,wp-content/uploads/download-manager-files/Gde-8-HH-Anlagen.pdf,True,141381,10de938b0d1f9ec150cd711e279252a945958fe4e544a095d8be33bfb1f3d2eb,Independent BudgetPlan by reviewed topic/year; 25 sources across 3 packages; main PDFs need compatible export,not verified
9316,Gemeinde Merching,Gde,2026,9,Gde - HH 9 Finanzplan Vermögenshaushalt Detail 2026,Finanzplan Vermögenshaushalt Detail,wp-content/uploads/download-manager-files/Gde-9-HH-VMH-Finanzplan-Einzelaufstellung.pdf,True,181238,43f4515b04df92509ae2aca0857b534ba47e073f492332fa9c980641f1f40aa4,Independent BudgetPlan by reviewed topic/year; 25 sources across 3 packages; main PDFs need compatible export,not verified
9240,Mittelschulverband,MSV,2026,0,MSV - HH 0 Deckblatt 2026,Deckblatt,wp-content/uploads/download-manager-files/MSV-0-HH-Deckblatt.pdf,True,61673,1602c3a054005a291caf8b305270fd424c40a2c657b2bcba785fadd392ed5ca1,Independent BudgetPlan by reviewed topic/year; 25 sources across 3 packages; main PDFs need compatible export,not verified
9241,Mittelschulverband,MSV,2026,1,MSV - HH 1 Inhaltsverzeichnis 2026,Inhaltsverzeichnis,wp-content/uploads/download-manager-files/MSV-1-HH-Inhaltsverzeichnis.pdf,True,13123,8b02d499ab33ce7dc8cb2916ca5f95f2563ade1dc7b0f06a9157f6b219cbc08b,Independent BudgetPlan by reviewed topic/year; 25 sources across 3 packages; main PDFs need compatible export,not verified
9242,Mittelschulverband,MSV,2026,2,MSV - HH 2 Haushaltssatzung 2026,Haushaltssatzung,wp-content/uploads/download-manager-files/MSV-2-HH-Haushaltssatzung.pdf,True,65576,c01c5eec58e9fe4176bfdca613ca90d12402421aaed1e4054c6d8c4d17826519,Independent BudgetPlan by reviewed topic/year; 25 sources across 3 packages; main PDFs need compatible export,not verified
9243,Mittelschulverband,MSV,2026,3,MSV - HH 3 Schulverbandsumlage 2026,Schulverbandsumlage,wp-content/uploads/download-manager-files/MSV-3-HH-Schulverbandsumlage.pdf,True,91676,911a28095d9cfd386bc9b3a295134f2747a54250ff73d468af665ad2601ee62c,Independent BudgetPlan by reviewed topic/year; 25 sources across 3 packages; main PDFs need compatible export,not verified
9244,Mittelschulverband,MSV,2026,4,MSV - HH 4 Vorbericht 2026,Vorbericht,wp-content/uploads/download-manager-files/MSV-4-HH-Vorbericht.pdf,True,365520,f99ab8957c886dd49930b0a864a1ead1c9c284a24731b2efe29a3e9fb4a98007,Independent BudgetPlan by reviewed topic/year; 25 sources across 3 packages; main PDFs need compatible export,not verified
9245,Mittelschulverband,MSV,2026,5,MSV - HH 5 Haushaltsplan mit Finanzplan 2026,Haushaltsplan mit Finanzplan,wp-content/uploads/download-manager-files/MSV-5-HH-Haushaltsplan-mit-Finanzplan-und-Deckungsringen.pdf,True,1282390,9e04d967ee631d0f7af373cb265a364657a23ed6098762362ed3906a2d08070e,Independent BudgetPlan by reviewed topic/year; 25 sources across 3 packages; main PDFs need compatible export,not verified
9246,Mittelschulverband,MSV,2026,6,MSV - HH 6 Stellenplan 2026,Stellenplan,wp-content/uploads/download-manager-files/MSV-6-HH-Stellenplan.pdf,True,19369,286fa34fe513a7fae0fd9fab7576f55436f1006417a7a53326a07e8c2b437a04,Independent BudgetPlan by reviewed topic/year; 25 sources across 3 packages; main PDFs need compatible export,not verified
9247,Mittelschulverband,MSV,2026,7,MSV - HH 7 Anlagen 2026,Anlagen,wp-content/uploads/download-manager-files/MSV-7-HH-Anlagen.pdf,True,76997,69477c3f7eebd50d392d8db7efee6c64db4f31803225286f971bf9e6d349b1ae,Independent BudgetPlan by reviewed topic/year; 25 sources across 3 packages; main PDFs need compatible export,not verified
