source_table,row,member_name,row_kind,group,function,portrait_urls,portrait_paths,exists_in_backup,review
4582,1,Luichtl Helmut,member,CSU,1. Bürgermeister,https://www.gemeinde-merching.de/wp-content/uploads/2026/05/Helmut-Luichtl-klein.jpg,wp-content/uploads/2026/05/Helmut-Luichtl-klein.jpg,True,"verify membership dates/term/row semantics; crop from original, not thumbnail"
4582,2,Storch Markus,member,FWM,"2. Bürgermeister, Beauftragter für Senioren, Behinderte und Soziales",https://www.gemeinde-merching.de/wp-content/uploads/2026/06/Storch-Markus-kl.jpg,wp-content/uploads/2026/06/Storch-Markus-kl.jpg,True,"verify membership dates/term/row semantics; crop from original, not thumbnail"
4582,3,Teifelhart Wolfgang,member,CSU,3. Bürgermeister,https://www.gemeinde-merching.de/wp-content/uploads/2026/05/Teifelhart-Wolfgang-klein.jpg,wp-content/uploads/2026/05/Teifelhart-Wolfgang-klein.jpg,True,"verify membership dates/term/row semantics; crop from original, not thumbnail"
4582,4, ,separator,,,,,False,"verify membership dates/term/row semantics; crop from original, not thumbnail"
4582,5,Dittebrand Martin,member,CSU,"Beauftragter für Senioren, Behinderte und Soziales",https://www.gemeinde-merching.de/wp-content/uploads/2026/05/Dittebrand-Martin-klein.jpg,wp-content/uploads/2026/05/Dittebrand-Martin-klein.jpg,True,"verify membership dates/term/row semantics; crop from original, not thumbnail"
4582,6,Eckmann Christian,member,FWM,,https://www.gemeinde-merching.de/wp-content/uploads/2026/06/Eckmann-Christian-kl.jpg,wp-content/uploads/2026/06/Eckmann-Christian-kl.jpg,True,"verify membership dates/term/row semantics; crop from original, not thumbnail"
4582,7,Failer Christian,member,FWM,,https://www.gemeinde-merching.de/wp-content/uploads/2026/06/Failer-Christian-kl.jpg,wp-content/uploads/2026/06/Failer-Christian-kl.jpg,True,"verify membership dates/term/row semantics; crop from original, not thumbnail"
4582,8,Grabmann Bettina,member,FWM,,https://www.gemeinde-merching.de/wp-content/uploads/2026/05/Grabmann-klein.jpg,wp-content/uploads/2026/05/Grabmann-klein.jpg,True,"verify membership dates/term/row semantics; crop from original, not thumbnail"
4582,9,Failer Josef,member,FWM,,https://www.gemeinde-merching.de/wp-content/uploads/2020/05/7_3Failer-Josef_klein.jpg,wp-content/uploads/2020/05/7_3Failer-Josef_klein.jpg,True,"verify membership dates/term/row semantics; crop from original, not thumbnail"
4582,10,Graf Robert,member,Grüne,Beauftragter für Umwelt,https://www.gemeinde-merching.de/wp-content/uploads/2020/05/1_Robert_Graf_400_klein.jpg,wp-content/uploads/2020/05/1_Robert_Graf_400_klein.jpg,True,"verify membership dates/term/row semantics; crop from original, not thumbnail"
4582,11,Greipel Simon,member,CSU,Jugendbeauftragter,https://www.gemeinde-merching.de/wp-content/uploads/2020/05/6-Greipel2_klein.jpg,wp-content/uploads/2020/05/6-Greipel2_klein.jpg,True,"verify membership dates/term/row semantics; crop from original, not thumbnail"
4582,12,Lutz Eduard,member,FWM,,https://www.gemeinde-merching.de/wp-content/uploads/2020/05/7_7Lutz_klein.jpg,wp-content/uploads/2020/05/7_7Lutz_klein.jpg,True,"verify membership dates/term/row semantics; crop from original, not thumbnail"
4582,13,Lang Natalie,member,FWM,Jugendbeauftragte,https://www.gemeinde-merching.de/wp-content/uploads/2026/05/Lang-klein.jpg,wp-content/uploads/2026/05/Lang-klein.jpg,True,"verify membership dates/term/row semantics; crop from original, not thumbnail"
4582,14,Luichtl Tobias,member,CSU,,https://www.gemeinde-merching.de/wp-content/uploads/2026/05/Luichtl-Tobias-klein.jpg,wp-content/uploads/2026/05/Luichtl-Tobias-klein.jpg,True,"verify membership dates/term/row semantics; crop from original, not thumbnail"
4582,15,Mayr Thomas,member,CSU,,https://www.gemeinde-merching.de/wp-content/uploads/2026/05/Mayr-Thomas-klein.jpg,wp-content/uploads/2026/05/Mayr-Thomas-klein.jpg,True,"verify membership dates/term/row semantics; crop from original, not thumbnail"
4582,16,Müller Martin,member,Grüne,,https://www.gemeinde-merching.de/wp-content/uploads/2026/05/Mueller-Martin-klein.jpg,wp-content/uploads/2026/05/Mueller-Martin-klein.jpg,True,"verify membership dates/term/row semantics; crop from original, not thumbnail"
4582,17,Scheibenbogen Monika,member,FWM,,https://www.gemeinde-merching.de/wp-content/uploads/2026/06/Scheibenbogen-Monika-kl.jpg,wp-content/uploads/2026/06/Scheibenbogen-Monika-kl.jpg,True,"verify membership dates/term/row semantics; crop from original, not thumbnail"
4582,18,Schlagenhauf Wolfgang,member,Grüne,,https://www.gemeinde-merching.de/wp-content/uploads/2020/05/3_Wolfgang_Schlagenhauf_400_klein.jpg,wp-content/uploads/2020/05/3_Wolfgang_Schlagenhauf_400_klein.jpg,True,"verify membership dates/term/row semantics; crop from original, not thumbnail"
4582,19,Schwarz Thomas,member,CSU,,https://www.gemeinde-merching.de/wp-content/uploads/2026/05/Schwarz-Thomas-klein.jpg,wp-content/uploads/2026/05/Schwarz-Thomas-klein.jpg,True,"verify membership dates/term/row semantics; crop from original, not thumbnail"
4582,20,Ulrich Kirstin,member,CSU,,https://www.gemeinde-merching.de/wp-content/uploads/2026/05/Ulrich-Kirstin-klein.jpg,wp-content/uploads/2026/05/Ulrich-Kirstin-klein.jpg,True,"verify membership dates/term/row semantics; crop from original, not thumbnail"
4582,21,Uthe Tina,member,Grüne,,https://www.gemeinde-merching.de/wp-content/uploads/2026/05/Uthe-Tina-klein.jpg,wp-content/uploads/2026/05/Uthe-Tina-klein.jpg,True,"verify membership dates/term/row semantics; crop from original, not thumbnail"
4582,22,Waitzmann Bernd,member,FWM,,https://www.gemeinde-merching.de/wp-content/uploads/2026/06/Waitzmann-Bernd-kl.jpg,wp-content/uploads/2026/06/Waitzmann-Bernd-kl.jpg,True,"verify membership dates/term/row semantics; crop from original, not thumbnail"
4582,23,Wecker Martin,member,FWM,,https://www.gemeinde-merching.de/wp-content/uploads/2026/06/Wecker-Martin-kl.jpg,wp-content/uploads/2026/06/Wecker-Martin-kl.jpg,True,"verify membership dates/term/row semantics; crop from original, not thumbnail"
4582,24,Wieja Chantal,member,PB,,https://www.gemeinde-merching.de/wp-content/uploads/2020/05/Wieja_klein.jpg,wp-content/uploads/2020/05/Wieja_klein.jpg,True,"verify membership dates/term/row semantics; crop from original, not thumbnail"
4582,25, ,separator,,,,,False,"verify membership dates/term/row semantics; crop from original, not thumbnail"
4582,26,Huber Andreas,member,,Ortssprecher Hochdorf,https://www.gemeinde-merching.de/wp-content/uploads/2020/05/Huber_klein2-1.jpg,wp-content/uploads/2020/05/Huber_klein2-1.jpg,True,"verify membership dates/term/row semantics; crop from original, not thumbnail"
4582,27,Helfer Markus,member,FWM,Ortssprecher Hochdorf,https://www.gemeinde-merching.de/wp-content/uploads/2026/05/Helfer-Markus-klein.jpg,wp-content/uploads/2026/05/Helfer-Markus-klein.jpg,True,"verify membership dates/term/row semantics; crop from original, not thumbnail"
4582,28, ,separator,,,,,False,"verify membership dates/term/row semantics; crop from original, not thumbnail"
4582,29, ,separator,,,,,False,"verify membership dates/term/row semantics; crop from original, not thumbnail"
4582,30,Juergens Friedrich,member,CSU,Jugendbeauftragter,https://www.gemeinde-merching.de/wp-content/uploads/2026/06/Juergens-Friedrich-kl.jpg,wp-content/uploads/2026/06/Juergens-Friedrich-kl.jpg,True,"verify membership dates/term/row semantics; crop from original, not thumbnail"
