sha256,paths,count
7e5323b4f06dc7bd73ce53f7f2465c90238af91e61918a44b3b5f0fa3129ce24,wp-content/gallery/merchinger-advent/dynamic/w-01.jpg-nggid0284-ngg0dyn-91x68-00f0w010c011r110f110r010t010.jpg|wp-content/gallery/merchinger-advent/dynamic/w-01-nggid0284-ngg0dyn-91x68-00f0w010c011r110f110r010t010.jpg,2
bce8a347a04797d7364c36edcce69c935899206ad8105ca6f6dce78f9c2f5c86,wp-content/gallery/naherholungsgebiet-mandichosee/dynamic/merching_mandichosee_11-nggid0229-ngg0dyn-91x68-00f0w010c011r110f110r010t010.jpg|wp-content/gallery/naherholungsgebiet-mandichosee/dynamic/merching_mandichosee_11.jpg-nggid0229-ngg0dyn-91x68-00f0w010c011r110f110r010t010.jpg,2
4fc7ed530246c36027d9854bb1b59f25e59c533d78082ef90dbde023ffc854cd,wp-content/gallery/2024-buergerball/10.JPG|wp-content/gallery/2024-buergerball/DSC07458.JPG,2
a6694cf0ea4630bf0eeb81b29e06e73db48fd7160a58564c3e67bc1033bf4705,wp-content/gallery/2024-buergerball/DSC07401.JPG|wp-content/gallery/2024-buergerball/6.JPG,2
6a49dc1d4104c6d14931b50bb589cdc8c676a74e5486de532e1ed4674feafc6f,wp-content/gallery/2024-buergerball/1.JPG|wp-content/gallery/2024-buergerball/DSC07299.JPG,2
c18d5eb4ba71b4e84a2e1e2539e27f200bef5da38ef76c654b5bbc4ca4da7f0d,wp-content/gallery/2024-buergerball/4.JPG|wp-content/gallery/2024-buergerball/DSC07400.JPG,2
2b8e4982820dc5c1b93edaeecfdb3f58b3ff977f52f2d87829bd0f918f59a2aa,wp-content/gallery/2024-buergerball/DSC07466.JPG|wp-content/gallery/2024-buergerball/11.JPG,2
1ecad6df5a04bfd56845136afe7444293dc72ac456204c77c292150c741dea59,wp-content/gallery/2024-buergerball/8.JPG|wp-content/gallery/2024-buergerball/DSC07521.JPG,2
71f6e9d64e1ce1f37d50ab4ee66cc76ad27cdc0407363b2f66bd54557cb94bac,wp-content/gallery/2024-buergerball/9.JPG|wp-content/gallery/2024-buergerball/DSC07407.JPG,2
f08c5220531cc34b6f419f939d888ad88c1508151fff87b657abbd6cfaaef601,wp-content/gallery/2024-buergerball/thumbs/thumbs_8.JPG|wp-content/gallery/2024-buergerball/thumbs/thumbs_DSC07521.JPG,2
522e495a786570075edfaf8410beb76738668c01cfbc7088255477c76d64e51e,wp-content/gallery/2024-buergerball/thumbs/thumbs_DSC07400.JPG|wp-content/gallery/2024-buergerball/thumbs/thumbs_4.JPG,2
84d810599c8213245958621a0d2b14063eb4f270488e4112049630dad1be642e,wp-content/gallery/2024-buergerball/thumbs/thumbs_DSC07407.JPG|wp-content/gallery/2024-buergerball/thumbs/thumbs_9.JPG,2
602ee180909133d59685a9b29c3d8d3fc9467d5b2bfc65ad48738a76cd97b286,wp-content/gallery/2024-buergerball/thumbs/thumbs_10.JPG|wp-content/gallery/2024-buergerball/thumbs/thumbs_DSC07458.JPG,2
3ee4c4f030bd86e6c4f965743444bf9dd9fdaf3ed8727b77b854dccb4ff27880,wp-content/gallery/2024-buergerball/thumbs/thumbs_DSC07494.JPG|wp-content/gallery/2024-buergerball/thumbs/thumbs_12.JPG,2
c090ef9902f9fc0aebfa639afe3e9c26f78b450a5981304131703e7dad8137f3,wp-content/gallery/2024-buergerball/thumbs/thumbs_7.JPG|wp-content/gallery/2024-buergerball/thumbs/thumbs_DSC07367.JPG,2
d67e303e4855c16392498700fc9430ca6a86bbdd75939ff9d80e5ce3d425d196,wp-content/gallery/2024-buergerball/thumbs/thumbs_6.JPG|wp-content/gallery/2024-buergerball/thumbs/thumbs_DSC07401.JPG,2
81765ca4e83082ef84b4b2c065d8a981fee69d4643d84f9beebe21cf56bd1c70,wp-content/gallery/2024-buergerball/thumbs/thumbs_DSC07466.JPG|wp-content/gallery/2024-buergerball/thumbs/thumbs_11.JPG,2
12959704a3c0ac27172dc4661ab599a0105f072042b0afed45e20fd39f664fd0,wp-content/gallery/2024-buergerball/thumbs/thumbs_DSC07299.JPG|wp-content/gallery/2024-buergerball/thumbs/thumbs_1.JPG,2
c270625fdc39194282f3e35a28017af0502c577abdc8b426c4dc465df4716cbd,wp-content/gallery/2024-buergerball/DSC07494.JPG|wp-content/gallery/2024-buergerball/12.JPG,2
8aed3bce93eeee0ce57c22b8b3f5f3166e21a79eb0b4d61702e4731b15c4b0d0,wp-content/gallery/2024-buergerball/7.JPG|wp-content/gallery/2024-buergerball/DSC07367.JPG,2
9df21aae5993ca48e2c91230f0f33111713a1ff8bd74c8576215025a12f4243e,wp-content/uploads/2018/09/Logo-BRB.jpg|wp-content/uploads/link-library-images/15.jpg,2
add6086f9f5e9d80005b3b13c041395067deb02c451242cb2820abb14911d672,wp-content/uploads/2018/11/Logo-Advent.pdf|wp-content/uploads/2023/12/Logo-Advent.pdf,2
e61f2a6009d8f03e3816137162df52df21d05a896a566868455ec472dcb63c28,wp-content/uploads/2012/08/tabellen1-150x150.jpg|wp-content/uploads/2012/08/tabellen-150x150.jpg,2
709b4f50f6fab735edd4de30cbe83d441a332d17b17c4fd41e3e34e548e665fc,wp-content/uploads/2012/08/tabellen1-300x75.jpg|wp-content/uploads/2012/08/tabellen-300x75.jpg,2
c4d667c079151ba43e6ac20400757624749f4832cc8ea797371279c5391c3b39,wp-content/uploads/2012/08/link-kateorien.jpg|wp-content/uploads/2012/08/link-kateorien1.jpg,2
a59e0d5597faca6e03b06723459529fcc5abe92ec70c4200bbdd2bc48f01dfd1,wp-content/uploads/2012/08/tabellen1.jpg|wp-content/uploads/2012/08/tabellen.jpg,2
6d52a41bdd5674a743420f4645631dbac9acf0190078370ce181e25ed381e34b,wp-content/uploads/2012/08/link-kateorien-300x204.jpg|wp-content/uploads/2012/08/link-kateorien1-300x204.jpg,2
13918f8c5fb49493f51cf837108a5a41a016f6fc6b8a852d85a779383ad3afdd,wp-content/uploads/2012/08/tabellen1-1024x256.jpg|wp-content/uploads/2012/08/tabellen-1024x256.jpg,2
ba0fd8815a999c3e5dc9a3630027fa2240f385698709f8fc8eb8eb5a8f0859ea,wp-content/uploads/2012/08/link-kateorien1-150x150.jpg|wp-content/uploads/2012/08/link-kateorien-150x150.jpg,2
187b00d3d377bc8eaca0ead999c2208840bfdcac007de66340aa63f409f21304,wp-content/uploads/2020/06/Schulungsflyer_Mandichosee.pdf|wp-content/uploads/2025/07/Informationsflyer_Mandichosee.pdf,2
81bd8c115adccd3212edcd40f4cec285878a1d9c58c08bcdc5a6ff3fb5ed00a4,wp-content/uploads/2020/06/Beitragsbild_Logo_Merching-2-150x150-1.jpg|wp-content/uploads/2022/02/Beitragsbild_Logo_Merching-2-150x150-1.jpg,2
f553de044cb0199b60eddd5873f21b402e0c9a74ae96c767613c08206879cecd,wp-content/uploads/2020/06/Beitragsbild_Logo_Merching-2-150x150-1-150x150.jpg|wp-content/uploads/2022/02/Beitragsbild_Logo_Merching-2-150x150-1-150x150.jpg,2
125d24bb45f55ee8de02121f17e20483370299d4ec91d9a5b8d6281d91167de2,wp-content/uploads/2020/12/Beitragsbild-Volkshochschule-f.-Homepage-150x150.jpg|wp-content/uploads/2020/12/Beitragsbild-Volkshochschule-f.-Homepage-1-150x150.jpg,2
265dff28aa2533fac98e3e505f8250d1db87f56b7adc00bc1275982f9da2f368,wp-content/uploads/2020/12/Beitragsbild-Volkshochschule-f.-Homepage-1-300x213.jpg|wp-content/uploads/2020/12/Beitragsbild-Volkshochschule-f.-Homepage-300x213.jpg,2
b9b52a5f5203e74a371811858e659992f17a9bcb14f752bf3269d57632e354e4,wp-content/uploads/2020/12/Beitragsbild-Volkshochschule-f.-Homepage-1.jpg|wp-content/uploads/2020/12/Beitragsbild-Volkshochschule-f.-Homepage.jpg,2
1d996215fc9c005cb9d2d9d607d8800b5489f577ceaeee50396d7b654516aee7,wp-content/uploads/2022/03/Textbeitrag-fuer-kommunale-Veroeffentlichungen.pdf|wp-content/uploads/filebase/Informationsmaterial/Grundsteuerreform-Textbeitrag-fuer-kommunale-Veroeffentlichungen.pdf,2
42a53978222adf6a75487824a8a3c2baa0c8d4a871113b50dc7537ffad5f1439,wp-content/uploads/2022/01/wappen-rvs-150x150.jpg|wp-content/uploads/2022/02/wappen-rvs-150x150.jpg,2
60e2c5dd19268d0dcc95812701ce3f5ab56ff81898f41087514dc490d209835d,wp-content/uploads/2022/01/wappen-rvs.jpg|wp-content/uploads/2022/02/wappen-rvs.jpg,2
bdbcaf045dc046e768bd9ee2f07791eb5c78f2a84d6733715cdd562251a4780d,wp-content/uploads/2022/12/Gemeindekurier-Weihnachten-2022-f.-Homepage.pdf|wp-content/uploads/filebase/gemeinde-kurier-merching/Gemeindekurier-Weihnachten-2022-f.-Homepage.pdf,2
38bd4c97fc550a5efd410ad09bb9ab2667315c16c0d76641df01e375f20afe7d,wp-content/uploads/2025/09/Flyer-Vereinsforum-2025-2.-HJ-Version-EK-1.pdf|wp-content/uploads/download-manager-files/Flyer-Vereinsforum-2025-2.-HJ-Version-EK.pdf,2
d0d780303471d780210bdf3dad0a7b54d9ce01386a56cc3f12d074da956a195c,wp-content/uploads/2025/09/Stellplatzsatzung-der-Gemeinde-Merching-vom-08.09.2025.pdf|wp-content/uploads/download-manager-files/Stellplatzsatzung-der-Gemeinde-Merching-vom-08.09.2025.pdf,2
0699dcab98f643038826b779eedfc436e0b68ff0b26064c0bd052c06a0cc2172,wp-content/uploads/2025/09/Hundesteuersatzung-2026-Homepage.pdf|wp-content/uploads/2025/09/Hundesteuer-Satzung-der-Gemeinde-Merching-fuer-die-Erhebung-einer-Hundesteuer-ab-2026.pdf|wp-content/uploads/download-manager-files/Hundesteuersatzung-2026-Homepage.pdf|wp-content/uploads/download-manager-files/Hundesteuer-Satzung-der-Gemeinde-Merching-fuer-die-Erhebung-einer-Hundesteuer-ab-2026.pdf,4
32ad2650806886aa3c15b85e8096ba7b869c4170248bc17d6f6dbff0fc8f5968,wp-content/uploads/2025/09/Logo-Advent-947x1024.jpg|wp-content/uploads/2025/09/Merchinger-Advent-Logo-947x1024.jpg,2
a78cf90d46ef64e91693d5e63e3e895196a623cab7162ec49996bc45d111bd00,wp-content/uploads/2025/09/Unternehmenssatzung-fuer-das-Kommunalunternemen-Merching-vom-16.09.2025.pdf|wp-content/uploads/2025/09/Unternehmenssatzung-fuer-das-Kommunalunternehmen-Merching-vom-16.09.2025.pdf|wp-content/uploads/download-manager-files/Unternehmenssatzung-fuer-das-Kommunalunternemen-Merching-vom-16.09.2025.pdf|wp-content/uploads/download-manager-files/Unternehmenssatzung-fuer-das-Kommunalunternehmen-Merching-vom-16.09.2025.pdf,4
73527ccd5f32098a33feaccb59c0304f92627166a30946e8e1688114cf8f18de,wp-content/uploads/2025/09/Logo-Advent-150x150.jpg|wp-content/uploads/2025/09/Merchinger-Advent-Logo-150x150.jpg,2
39021de19af1a97d141e91954c1e748df708d6e7a1b947cee2accb79de662293,wp-content/uploads/2025/09/Merchinger-Advent-Logo-768x831.jpg|wp-content/uploads/2025/09/Logo-Advent-768x831.jpg,2
914ecfe604b9bb4792707e856c214cd88530f4b82bc3be5126fed6adbe852d26,wp-content/uploads/2025/09/Logo-Advent.jpg|wp-content/uploads/2025/09/Merchinger-Advent-Logo.jpg,2
44642d1523810f076c6847f4ef62042a3248c007092a93d608904bf50331bba0,wp-content/uploads/2025/09/Merchinger-Advent-Logo-277x300.jpg|wp-content/uploads/2025/09/Logo-Advent-277x300.jpg,2
389c16bad63164201e55367ac5416ee2147ffd82274091bf8d41b4a8954cefd5,wp-content/uploads/2025/09/Stellplatzsatzung-ab-30.09.2025-.pdf|wp-content/uploads/download-manager-files/Stellplatzsatzung-ab-30.09.2025-.pdf,2
6968f504cf12dbf0a1253ac3f7d225022804f278f25d2c24874e83b4ac89ce24,wp-content/uploads/2025/09/Bekanntmachung-Stellplatzsatzung-vom-08.09.2025.pdf|wp-content/uploads/download-manager-files/Bekanntmachung-Stellplatzsatzung-vom-08.09.2025.pdf,2
8f11c2b87cf56ae5f9ea11ea86a815766651c4ed75f6c5d5aab0926737c50fbb,wp-content/uploads/2025/09/Bekanntmachung-Satzung-fuer-das-Kommunalunternehmen-Merching-vom-16.09.2025.pdf|wp-content/uploads/download-manager-files/Bekanntmachung-Satzung-fuer-das-Kommunalunternehmen-Merching-vom-16.09.2025.pdf,2
ee38dc476199920aa661c59569223a32dac2a49411e7ca04c31934d03a8d29a3,wp-content/uploads/2025/11/Gemeindekurier-November-2025-1.pdf|wp-content/uploads/2025/11/Gemeindekurier-November-2025.pdf|wp-content/uploads/download-manager-files/Gemeindekurier-November-2025.pdf|wp-content/uploads/download-manager-files/1762445984wpdm_Gemeindekurier-November-2025.pdf,4
3e0fb73801d8814f3cd2c359069bbf9890d353f1b46e931ea20975f37abff86b,wp-content/uploads/2025/11/BekanntmachungRattenbekJan26.pdf|wp-content/uploads/download-manager-files/BekanntmachungRattenbekJan26.pdf,2
6df9ad3ffe8b572ee7db56d2b685bf3c5d51b2cf47716217acef8abe1e59bb07,wp-content/uploads/2025/11/November-2025-Anlage-1.pdf|wp-content/uploads/2025/11/November-2025-Anlage.pdf|wp-content/uploads/download-manager-files/1762446036wpdm_November-2025-Anlage.pdf|wp-content/uploads/download-manager-files/1762445713wpdm_November-2025-Anlage.pdf|wp-content/uploads/download-manager-files/November-2025-Anlage.pdf,5
9a0fa7382a73e32d7bfa1d2256797cdc2d9ee5d450d011b5f45042a59b595390,wp-content/uploads/2025/11/Merkblatt-zum-richtigen-Verhalten-ggue.-Wasser-u.-Zugvoegeln-LRA-November-2025.pdf|wp-content/uploads/download-manager-files/Merkblatt-zum-richtigen-Verhalten-ggue.-Wasser-u.-Zugvoegeln-LRA-November-2025.pdf,2
38530a7138dac40b132510a63609a85ed740f98a586e10fcf0aaf869fa771729,wp-content/uploads/2025/11/Merchinger-Advent-Programm_25_bearbeitet_-Plakat-Schule-Merching-F.-Lubetzki.pdf|wp-content/uploads/download-manager-files/Merchinger-Advent-Programm_25_bearbeitet_-Plakat-Schule-Merching-F.-Lubetzki.pdf,2
1f6cfdb9ee6f3426135f16fa945bedb4d44367e2f1e78d4fa0f0c1fef9f26a1d,wp-content/uploads/2025/04/8_Aend_FNP_Steinach_Ost_Begruendung_20240620.pdf|wp-content/uploads/download-manager-files/8_Aend_FNP_Steinach_Ost_Begruendung_20240620.pdf,2
5b08675bff88f03f6f30b19ab29c821b4ed1389e29b96e39bd696d9c815a89de,wp-content/uploads/2025/04/8_Aend_FNP_Merching_Planzeichnung_Feststellung_2024-06-20.pdf|wp-content/uploads/download-manager-files/8_Aend_FNP_Merching_Planzeichnung_Feststellung_2024-06-20.pdf,2
dc0098dc6899c9b02c4cefd188640f1775e4cde74723c57dfb92a400e4f361bb,wp-content/uploads/2025/04/8_Aend_FNP_Steinach_Ost_Bekanntmachung_Genehmigung_20250403.pdf|wp-content/uploads/download-manager-files/8_Aend_FNP_Steinach_Ost_Bekanntmachung_Genehmigung_20250403.pdf,2
a174a668f0a3808ed7c852b34cda1aeb8dff46b48406fed857a436eb098b9b6b,wp-content/uploads/2025/04/8_Aend_FNP_Steinach_Ost_zus_Erklaerung_20250403.pdf|wp-content/uploads/download-manager-files/8_Aend_FNP_Steinach_Ost_zus_Erklaerung_20250403.pdf,2
cbeddf63270010f2a58d75ab21bcd7e8242648b97a3018a89559056581fa2e8a,wp-content/uploads/2025/04/Gemeindekurier-Ostern-2025-endgueltig-f.-Homepage.pdf|wp-content/uploads/download-manager-files/Gemeindekurier-Ostern-2025-endgueltig-f.-Homepage.pdf,2
0b865ef7eaa4fbcb8ae4bd4c91503719bb863780874fdb69672069e22a90eb62,wp-content/uploads/2025/03/Textteil_Entwurf_BP_Kirchenfeld_3_Aend_20250123.pdf|wp-content/uploads/download-manager-files/Textteil_Entwurf_BP_Kirchenfeld_3_Aend_20250123.pdf,2
1dc645bfc09081f40ac132951d2f8ace6a2aa0367e9884e20872d444a7e9d844,wp-content/uploads/2025/03/Aushang-Homepage_2.pdf|wp-content/uploads/download-manager-files/Aushang-Homepage_2.pdf,2
68c07f4d304aed12f695ae3a1d779224709fe7bdafbbfd21ebef2254e863ed64,wp-content/uploads/2025/03/Begruendung_Entwurf_BP_Kirchenfeld_3_Aend_20250123.pdf|wp-content/uploads/download-manager-files/Begruendung_Entwurf_BP_Kirchenfeld_3_Aend_20250123.pdf,2
1c9303a33a8f1c1807c538c744d5b0f7dd7b595c0f5c27b3b2bcdda31f668e9a,wp-content/uploads/2025/03/Broschuere_Tag-der-Vereine_01.06.2025.pdf|wp-content/uploads/2025/03/Broschuere_Tag-der-Vereine_01.06.2025-1.pdf|wp-content/uploads/download-manager-files/Broschuere_Tag-der-Vereine_01.06.2025.pdf,3
3cbc9c3744c963c04c3bafedc6c930b45ad4a13201d89562ae67daeccfe7b12a,wp-content/uploads/2025/03/BekanntmachungRattenMai2025.pdf|wp-content/uploads/download-manager-files/BekanntmachungRattenMai2025.pdf,2
90dc2a87d351403295e251e09db1c09a69f56f6c88744dbab0118a3f402a5817,wp-content/uploads/2025/03/Artenschutz-Relevanzpruefung-23-02-10.pdf|wp-content/uploads/download-manager-files/Artenschutz-Relevanzpruefung-23-02-10.pdf|wp-content/uploads/download-manager-files/23-02-10-Merching-Artenschutz-Relevanzpruefung-Entwurf.pdf,3
519abbc54c68d5a9487e17a4756625737e0b2c1ed7226787235a7bb578c6761a,wp-content/uploads/2025/03/Plakatierungsverordnung.pdf|wp-content/uploads/download-manager-files/1742283080wpdm_Plakatierungsverordnung.pdf,2
d6256b9f9f2c7e0ffcc213d126e4b1f621e75d867ed7dc2ab5d0b92d160b819d,wp-content/uploads/2025/03/Planzeichnung_Entwurf_3_Aend_Kirchenfeld_2025-01-23.pdf|wp-content/uploads/download-manager-files/Planzeichnung_Entwurf_3_Aend_Kirchenfeld_2025-01-23.pdf,2
6d7ad051d37b5e65796dc9fd73bcb3fd19aa25b795db8f2d49f030598838790f,wp-content/uploads/2025/01/Plakatierungsverordnung.pdf|wp-content/uploads/download-manager-files/1706178418wpdm_Plakatierungsverordnung.pdf|wp-content/uploads/download-manager-files/1737459345wpdm_Plakatierungsverordnung.pdf|wp-content/uploads/download-manager-files/1706178687wpdm_Plakatierungsverordnung.pdf|wp-content/uploads/2024/01/Plakatierungsverordnung-1.pdf,5
5c996158f39247fd37aa9cf73b9d4d04d69a024c6e78ce0928520efb955117d3,wp-content/uploads/2025/01/015_2025_42_A_Mikrozensus.pdf|wp-content/uploads/download-manager-files/015_2025_42_A_Mikrozensus.pdf,2
471ad9d37feafbbcc2e2aa815a740753dbd83f2ae6eba13be5c6675dcde6b4a9,wp-content/uploads/2025/06/PDF-Flyer-Merchinger-Ferienprogramm-2025.pdf|wp-content/uploads/download-manager-files/PDF-Flyer-Merchinger-Ferienprogramm-2025.pdf,2
2432a1f8280c20584ce7069c277cf86fb3504dad8a81097786cfa652cd7557f4,wp-content/uploads/2025/06/2025-Sommerserenade-V1-2.pdf|wp-content/uploads/2025/06/2025-Sommerserenade-V1.pdf|wp-content/uploads/2025/06/2025-Sommerserenade-V1-1.pdf,3
a7eec054f5022ca7e61e0bd215fcddcc6ac21edc8c2aaec8b50aa3023ffdadf1,wp-content/uploads/2025/06/Familienstuetzpunkt-Sued-Programm-Juli-bis-Sept.-2025.pdf|wp-content/uploads/download-manager-files/Familienstuetzpunkt-Sued-Programm-Juli-bis-Sept.-2025.pdf,2
474d2aa9aeef5fe2f694a46178399afe134b080eb5d9df12b9e54424786a0159,wp-content/uploads/2025/06/image0.jpeg|wp-content/uploads/download-manager-files/image0.jpeg,2
5f7e0cb0d655f8b1cf3cb7aba98807f9b333a6901894a9405887005a914113bb,wp-content/uploads/2025/06/image1.jpeg|wp-content/uploads/download-manager-files/image1.jpeg,2
5e65532423f217f7b96d2897aeff14126ea298c013175ee355aee1b553b5d757,wp-content/uploads/2025/06/Spielschiff-15-05-2025-1.jpg|wp-content/uploads/download-manager-files/Spielschiff-15-05-2025.jpg,2
5b9c999f4d8fa7a348b7c7a1b29489086356a5cdb04ffe27145440f765b086e8,wp-content/uploads/2025/07/Gemeindekurier-Sommer-2025-V1-PDF-fuer-Druckerei-Richter.pdf|wp-content/uploads/download-manager-files/Gemeindekurier-Sommer-2025-V1-PDF-fuer-Druckerei-Richter.pdf,2
5a85694486c1d7d69615f69e04a6cd06cce82e7dcaa3087f38d65c3a3714bdef,wp-content/uploads/2025/07/Nachhaltigkeitstag-2025_Plakat_A3.pdf|wp-content/uploads/2025/07/Nachhaltigkeitstag-2025_Plakat_A3-1.pdf|wp-content/uploads/2025/07/Nachhaltigkeitstag-2025_Plakat_A3-2.pdf|wp-content/uploads/download-manager-files/Nachhaltigkeitstag-2025_Plakat_A3.pdf,4
e45585f9669a94f0f340150b26ecb582fe2134277f06c5fcad4a81ce715985ea,wp-content/uploads/2025/07/175_2025_42_A_Mikrozensus_Halbzeit.pdf|wp-content/uploads/download-manager-files/175_2025_42_A_Mikrozensus_Halbzeit.pdf,2
e91eeaa57b3a58311a6fab56cbca788241ef373670167439a9432d60164cd0b8,wp-content/uploads/2025/12/Gemeindekurier-Weihnachten-2025-f.-Homepage.pdf|wp-content/uploads/download-manager-files/Gemeindekurier-Weihnachten-2025-f.-Homepage.pdf,2
92a497e286c8fe1c1cea8da0a21c1a6496190610fab0fd12a1e416cdb054e02d,wp-content/uploads/2025/12/Bekanntmachung-Beschwerdeausschusssitzung.pdf|wp-content/uploads/download-manager-files/Bekanntmachung-Beschwerdeausschusssitzung.pdf,2
ad1d3aef20bafb860cd29377debe68f7c8b1c9afe07a5d9d6d62d05dc0541938,wp-content/uploads/2025/05/BP35_Steinach_Ost_Begruendung_20240620.pdf|wp-content/uploads/download-manager-files/BP35_Steinach_Ost_Begruendung_20240620.pdf,2
21cc0113dd9163305a6c1188b4a4917662836c2dc77314b79afb0f57f29d5a29,wp-content/uploads/2025/05/BP35_Steinach_Ost_Textteil_20240620.pdf|wp-content/uploads/download-manager-files/BP35_Steinach_Ost_Textteil_20240620.pdf,2
74d1399b7844f93ea883c8c104e26eee269a51d42ff38d46cebc625928b10762,wp-content/uploads/2025/05/Bekanntmachung-Kostensatzung.pdf|wp-content/uploads/download-manager-files/1747054785wpdm_Bekanntmachung-Kostensatzung.pdf,2
ca4745806b100b3c41e156ba5f0774c6f695054fbca4d4743a75e122def83976,wp-content/uploads/2025/05/BP35_Geruchsprognose_230714.pdf|wp-content/uploads/download-manager-files/BPlanNr35_Geruchsprognose_230714.pdf|wp-content/uploads/download-manager-files/1747290899wpdm_BP35_Geruchsprognose_230714.pdf|wp-content/uploads/download-manager-files/BP35_Geruchsprognose_230714.pdf,4
55395d47c43ee4c4565aa7911d5d1b489d6598a9549054d97d4858619379bd5a,wp-content/uploads/2025/05/BP35_Steinach_Ost_Bekanntmachung_Satzungsbeschluss.pdf|wp-content/uploads/download-manager-files/BP35_Steinach_Ost_Bekanntmachung_Satzungsbeschluss.pdf,2
e238646587b83db46900bf6326ad6612a75f99312fe1575508ced93659cac8f1,wp-content/uploads/2025/05/BP35_Steinach_Ost_Planzeichnung_2024-06-20.pdf|wp-content/uploads/download-manager-files/BP35_Steinach_Ost_Planzeichnung_2024-06-20.pdf,2
78a6ca373f05b7e577d73aa3aa144ea2b7e7f9e405a0a4081a1cef364c4222fe,wp-content/uploads/2025/05/BP35_Steinach_Ost_Zusammenfassende_Erklaerung.pdf|wp-content/uploads/download-manager-files/BP35_Steinach_Ost_Zusammenfassende_Erklaerung.pdf,2
65ce6d0de24a0d1a7e488b97e04efa67251bc5e4198b42f358b9907a41eead7e,wp-content/uploads/2025/08/Ausschreibung-Architekturpreis.pdf|wp-content/uploads/2025/08/Ausschreibung-Architekturpreis-1.pdf|wp-content/uploads/download-manager-files/Ausschreibung-Architekturpreis.pdf,3
65593ac86ec4b5966141997075a5124726d855c0ca1c45b4fc2e11d875b219f7,wp-content/uploads/2025/08/Ehrungen-Satzung-ueber-die-Verleihung-von-Ehrungen-durch-die-Gemeinde-Merching-ab-07.08.2025.pdf|wp-content/uploads/download-manager-files/Ehrungen-Satzung-ueber-die-Verleihung-von-Ehrungen-durch-die-Gemeinde-Merching-ab-07.08.2025.pdf,2
134655e0a3070abef24b4b659019fce08361d41b93e0014fb5a9ad651c71d817,wp-content/uploads/2025/08/Feuerwehr-Satzung-ueber-Aufwendungd-und-Kostenersatz-fuer-Einsaetze-und-andere-Leistungen-gem.-Feuehrwehren-ab-01.01.2026.pdf|wp-content/uploads/2025/08/Feuerwehr-Satzung-ueber-Aufwendungd-und-Kostenersatz-fuer-Einsaetze-und-andere-Leistungen-gem.-Feuehrwehren-ab-01.01.2026-1.pdf|wp-content/uploads/download-manager-files/Feuerwehr-Satzung-ueber-Aufwendungd-und-Kostenersatz-fuer-Einsaetze-und-andere-Leistungen-gem.-Feuehrwehren-ab-01.01.2026.pdf|wp-content/uploads/download-manager-files/1765778685wpdm_Feuerwehr-Satzung-ueber-Aufwendungd-und-Kostenersatz-fuer-Einsaetze-und-andere-Leistungen-gem.-Feuehrwehren-ab-01.01.2026.pdf,4
1df156e333937f18348e925654fbbd1e9e1d23378d023fad54732979bb9658dc,wp-content/uploads/2025/08/2025-08-13_Bekanntmachung_Satzung_Aufwendungs-u.-Kostenersatz_f_Einsaetze_u_andere_Leistungen_gemeindlicher_Feuerwehren_ab_01-01-2026.pdf|wp-content/uploads/download-manager-files/2025-08-13_Bekanntmachung_Satzung_Aufwendungs-u.-Kostenersatz_f_Einsaetze_u_andere_Leistungen_gemeindlicher_Feuerwehren_ab_01-01-2026.pdf,2
359da421f1d62b9d19f6d1c1297edc265ca58267b955d5e79d66df7f505ae930,wp-content/uploads/2025/08/BGS_EWS_2026-Homepage-NEU.pdf|wp-content/uploads/2025/08/Entwaesserung-Beitrags-und-Gebuehrensatzung-zur-Entwaesserungssatzung-ab-01.01.2026_NEU.pdf|wp-content/uploads/download-manager-files/BGS_EWS_2026-Homepage-NEU.pdf|wp-content/uploads/download-manager-files/Entwaesserung-Beitrags-und-Gebuehrensatzung-zur-Entwaesserungssatzung-ab-01.01.2026_NEU.pdf,4
816a4eae32de71ef2b4eb463aff75573d3bde0d81956dd2e24436c8c1c8cc4f5,wp-content/uploads/2025/08/Spielplatzsatzung-ab-09.08.2025.pdf|wp-content/uploads/download-manager-files/Spielplatzsatzung-ab-09.08.2025.pdf,2
bb3e0050e15d4c61e1fcf3e0afda354809cf5e07a3dadda7a4e8e5d0d591431a,wp-content/uploads/2025/08/Wasser-Beitrags-und-Gebuehrensatzung-zur-Wasserabgabesatzung-ab-01.01.2026-1.pdf|wp-content/uploads/download-manager-files/1765777579wpdm_Wasser-Beitrags-und-Gebuehrensatzung-zur-Wasserabgabesatzung-ab-01.01.2026.pdf,2
c726db841f37ca331bc5025e08fed6a90bdad070fdec9c596ae75d525cf3925d,wp-content/uploads/2025/08/Entwaesserung-Beitrags-und-Gebuehrensatzung-zur-Entwaesserungssatzung-ab-01.01.20262026.pdf|wp-content/uploads/download-manager-files/Entwaesserung-Beitrags-und-Gebuehrensatzung-zur-Entwaesserungssatzung-ab-01.01.20262026.pdf,2
e853f0573e15bcd9b404623eb30c22c3470d38b70ec6be183a58c54ee79c313a,wp-content/uploads/2025/08/Feuerwehrkostensatzung_ab_01-01-2026.pdf|wp-content/uploads/download-manager-files/Feuerwehrkostensatzung_ab_01-01-2026.pdf,2
8653a6dcd13bb47a751402fa4d188c8b16954a5fa06e6880eed50450d5940417,wp-content/uploads/2025/08/Wasser-Beitrags-und-Gebuehrensatzung-zur-Wasserabgabesatzung-ab-01.01.2026.pdf|wp-content/uploads/download-manager-files/Wasser-Beitrags-und-Gebuehrensatzung-zur-Wasserabgabesatzung-ab-01.01.2026.pdf,2
0e445511fff55ff72139a686d34c5175e2f457c1b4b047270cf26de9ecfbec2a,wp-content/uploads/2025/10/Spielplatzsatzung-der-Gemeinde-Merching-vom-01.10.2025.pdf|wp-content/uploads/download-manager-files/Spielplatzsatzung-der-Gemeinde-Merching-vom-01.10.2025.pdf,2
011965d8b4682b5e8d1a131cbad4450b84c33fc6de4983b0404b580c2b30f101,wp-content/uploads/2025/02/B-Plan-Nr.-11-Datenschutzinformationspflicht.pdf|wp-content/uploads/download-manager-files/B-Plan-Nr.-11-Datenschutzinformationspflicht.pdf,2
2b134e80f3d1187096580571e2e4fe4f6d839e6c2480edaff8cfddbef5eef501,wp-content/uploads/2025/02/Bekanntm._ern_oeff_Ausl_3_Aend_BPNr11_Kirchenfeld_20250228.pdf|wp-content/uploads/download-manager-files/Bekanntm._ern_oeff_Ausl_3_Aend_BPNr11_Kirchenfeld_20250228.pdf,2
ddee2a62c73e52674b5e22db68f3a4613c4e97f2b6a289e43677b0bd1566a9eb,wp-content/uploads/2025/02/Aushang.pdf|wp-content/uploads/download-manager-files/Aushang.pdf,2
3d0fd56b309d4e6e03b4e51efbcdf2b6f143155c04ac8f13b440df6bd0810a13,wp-content/uploads/2025/02/Aushang-Homepage.pdf|wp-content/uploads/download-manager-files/1740068696wpdm_Aushang-Homepage.pdf,2
b40b243d0f4e5338cae1c8cfb97e2a71f6394287799c25e1eb14acc8d440bdf5,wp-content/uploads/download-manager-files/Satzung-Gemeideverfassunsrechts-Homepage.pdf|wp-content/uploads/2026/05/Satzung-Gemeideverfassunsrechts-Homepage.pdf,2
2cd96f3a1f2a55c62db0a6b05656d92c36eddcae04af4825b10d8fefc4793751,wp-content/uploads/download-manager-files/Amtsblatt-03-2023Jahrg.-78-Nr.-3.pdf|wp-content/uploads/2023/05/Amtsblatt-03-2023Jahrg.-78-Nr.-3.pdf,2
89f851bd2ff837b9c08f768651f77cc670d6bf81c97ab9562a4693eb09fe7679,wp-content/uploads/download-manager-files/BP34_Oestl_Nebelhornstrasse_Begruendung_20240620.pdf|wp-content/uploads/2024/11/BP34_Oestl_Nebelhornstrasse_Begruendung_20240620.pdf,2
9df084ba6d5f93f57640e3bab42cd90fe6689b40530422cf1d79ed521b7f7d13,wp-content/uploads/download-manager-files/2026-03-02-Lili-I-EOeT-Bekanntmachungstext.pdf|wp-content/uploads/2026/03/2026-03-02-Lili-I-EOeT-Bekanntmachungstext.pdf,2
f1f36a1e81e5057c9bb0e237fb53c2139183e19e8627bfa2747876b4c2003eae,wp-content/uploads/download-manager-files/Strassenreinigung-Herbst-2024.pdf|wp-content/uploads/download-manager-files/1731597404wpdm_Strassenreinigung-Herbst-2024.pdf,2
4906819932debae70879a974f6c8bc02728050b560a85e0b8b8c790be713c49e,wp-content/uploads/download-manager-files/1683279025wpdm_Bekanntmachung-ueber-oeffentl.-Auflegung-der-Vorschlagsliste.pdf|wp-content/uploads/download-manager-files/Bekanntmachung-Auflegung-der-Vorschlagsliste.pdf|wp-content/uploads/download-manager-files/Bekanntmachung-ueber-oeffentl.-Auflegung-der-Vorschlagsliste.pdf|wp-content/uploads/download-manager-files/1683279278wpdm_Bekanntmachung-ueber-oeffentl.-Auflegung-der-Vorschlagsliste.pdf,4
f5e9b337d93edf5c3e43cef4cf500dee400c19e242b44d1cadd0889b869e36a0,wp-content/uploads/download-manager-files/Gemeindekurier-Ostern-2024-f.-Homepage.pdf|wp-content/uploads/2024/03/Gemeindekurier-Ostern-2024-f.-Homepage.pdf,2
6945f9af4898bc3d0be22ce1062686acc444d1801477b00393d84e9ec95a2da1,wp-content/uploads/download-manager-files/Amtsblatt-03-2024Jahrg.-79-Nr.-03.pdf|wp-content/uploads/2024/03/Amtsblatt-03-2024Jahrg.-79-Nr.-03.pdf,2
0da27d1aa9c8b6c9035ae9c272ecc1f65b50d8def5d333e9ec5e955defcc08c0,wp-content/uploads/download-manager-files/Amtsblatt-10-202378-Nr.-10-entfaellt.pdf|wp-content/uploads/2023/10/Amtsblatt-10-202378-Nr.-10-entfaellt.pdf,2
7cecbb849025cc06fcf9380dfd3cfe856df0f7bca6f12a0fcb857badd106c673,wp-content/uploads/download-manager-files/Abschaffung-des-Kinderreisepasses-zum-01.01.2024.pdf|wp-content/uploads/2023/11/Abschaffung-des-Kinderreisepasses-zum-01.01.2024.pdf|wp-content/uploads/2023/11/Abschaffung-des-Kinderreisepasses-zum-01.01.2024-1.pdf,3
f92ed4dc084b8c47b9773405db3237a72173cc81f859d2fe4354365d88fd99a6,wp-content/uploads/download-manager-files/BP35_Steinach_Ost_Planzeichnung_Entwurf_2023-12-14.pdf|wp-content/uploads/download-manager-files/1706800483wpdm_BP35_Steinach_Ost_Planzeichnung_Entwurf_2023-12-14.pdf,2
bf100e0f70dc0cdf7b129ee1dba49ac6510003714c5fff74104d1e3e77302e4a,wp-content/uploads/download-manager-files/Infoblatt-Hochwasser-2024.pdf|wp-content/uploads/2024/06/Infoblatt-Hochwasser-2024.pdf,2
c748ff94e85e87dfb7eab43d505c335cbf2f17321a8dfe089ca1b1c16b7b2a06,wp-content/uploads/download-manager-files/BP34_Oestl_Nebelhornstrasse_Textteil_20240620.pdf|wp-content/uploads/2024/11/BP34_Oestl_Nebelhornstrasse_Textteil_20240620.pdf,2
882eb45d383acae8ebfc942772332f66776286a23054a90a5a6f91cf2c1623df,wp-content/uploads/download-manager-files/1732000425wpdm_Schallschutztechnische-Untersuchung-Anlagen.pdf|wp-content/uploads/download-manager-files/Schallschutztechnische-Untersuchung-Anlagen.pdf|wp-content/uploads/2024/11/Schallschutztechnische-Untersuchung-Anlagen.pdf,3
2f8293e481f726e9081d11cace24312880eedb9b700ffe7a923ca9bdcd701c96,wp-content/uploads/download-manager-files/010203-Programm-FSP-Sued-2026.pdf|wp-content/uploads/2026/01/010203-Programm-FSP-Sued-2026.pdf,2
d67639d39646af760f93682d66a56ed7b6723cf7e200dd4e7e21027a04dfa91b,wp-content/uploads/download-manager-files/Stellungnahme-fruehz.-Beteiligung_Regierung-v.-Schwaben_Abwaegung-29.06.2023.pdf|wp-content/uploads/2023/06/Stellungnahme-fruehz.-Beteiligung_Regierung-v.-Schwaben_Abwaegung-29.06.2023.pdf,2
8eefc7cfb72120968f7aba22013df751e4c73332525b958889560bf3acd3e742,wp-content/uploads/download-manager-files/1_Aenderung_BP_26_Entwurf_2023-01-19.pdf|wp-content/uploads/2023/02/1_Aenderung_BP_26_Entwurf_2023-01-19.pdf,2
7d5f62f71127a0d4c0c445e8bfae4f36de4d3f9bafb6efa7fd77821d50dfe61b,wp-content/uploads/download-manager-files/004_2026_42_A_Mikrozensus.pdf|wp-content/uploads/2026/01/004_2026_42_A_Mikrozensus.pdf,2
370a099e6ecf7b0386d61471a207751ec2a72a8710ab6ba5fb439c6d0f27d5de,wp-content/uploads/download-manager-files/BP_Nr34_Oestl._der_Nebelhornstrasse_1Aend_Textteil_m_VV_20251211.pdf|wp-content/uploads/2026/01/BP_Nr34_Oestl._der_Nebelhornstrasse_1Aend_Textteil_m_VV_20251211.pdf,2
b2d369fa27ab8196a00f86b639b9da23be7ef409be885cd35493260cabcc23ee,wp-content/uploads/download-manager-files/HH-Stellenplan.pdf|wp-content/uploads/download-manager-files/1736245870wpdm_HH-Stellenplan.pdf,2
065eb0a29ab88f7ef83c670dcb26a30a791ff19dbd08d5a5e1c1e41ea88ed409,wp-content/uploads/download-manager-files/BP-PV-Merching-Planzeichnung-Teil-A-29.06.2023.pdf|wp-content/uploads/download-manager-files/1688033834wpdm_BP-PV-Merching-Planzeichnung-Teil-A-29.06.2023.pdf|wp-content/uploads/2023/06/BP-PV-Merching-Planzeichnung-Teil-A-29.06.2023.pdf,3
9a188a418399bed4a0aba2632e4f7766e0c7b7cd5e3a6fe3e142ae24620ea6c4,wp-content/uploads/download-manager-files/Stellungnahme-fruehz.-Beteiligung_LRA-fuer-BP_Abwaegung-29.06.2023.pdf|wp-content/uploads/2023/06/Stellungnahme-fruehz.-Beteiligung_LRA-fuer-BP_Abwaegung-29.06.2023.pdf,2
cd8f8eef7d30216934ff98186a20680cc27b02ed1cb8cbaf4f01d77fe506380d,wp-content/uploads/download-manager-files/Rattenbekaempfung-Bekanntmachung-Maerz-2023.pdf|wp-content/uploads/download-manager-files/1678698284wpdm_Rattenbekaempfung-Bekanntmachung-Maerz-2023.pdf,2
8611a570e58c4c378a64d9b13fbbd9f58ef99b78c68994b00410cb89cef11a20,wp-content/uploads/download-manager-files/BP37_Suedlich_Nebelhornstrasse_Begruendung_2023-01-19.pdf|wp-content/uploads/2023/02/BP37_Suedlich_Nebelhornstrasse_Begruendung_2023-01-19.pdf,2
1e38f4a41d7ae954f4f9f668ee2a5a8de403ddf1dd067e638b2070784ca63df4,wp-content/uploads/download-manager-files/BZKF_BuergerTelefonKrebs-v.-F.-Hagen.pdf|wp-content/uploads/2026/01/BZKF_BuergerTelefonKrebs-v.-F.-Hagen.pdf,2
2982616f1f01916907c91c1dc9416bdd84fa798a545642341d134e38af9a9b54,wp-content/uploads/download-manager-files/Stellungnahme-fruehz.-Beteiligung_Denkmalpflege_Abwaegung-29.06.2023.pdf|wp-content/uploads/2023/06/Stellungnahme-fruehz.-Beteiligung_Denkmalpflege_Abwaegung-29.06.2023.pdf|wp-content/uploads/2023/06/Stellungnahme-fruehz.-Beteiligung_Denkmalpflege_Abwaegung-29.06.2023-1.pdf,3
bb159bfa07785a397119c80038566cf2387a3c178a2ef119858b5afbf87c8553,wp-content/uploads/download-manager-files/BP-PV-Merching_Festsetzungen-Teil-B-29.06.2023.pdf|wp-content/uploads/2023/06/BP-PV-Merching_Festsetzungen-Teil-B-29.06.2023.pdf,2
55755e8646bbf44d85968b2679482d75ae623e6581af838efd10002fa43212fa,wp-content/uploads/download-manager-files/oeffentl.-Bekanntmachung_GR-04.05.23.pdf|wp-content/uploads/2023/05/oeffentl.-Bekanntmachung_GR-04.05.23.pdf,2
12707a9b09b64b3464db744c8cc123244fba838845fb522cd9ed8e55ca4d9583,wp-content/uploads/download-manager-files/Merchinger-Ramadama-2026-PDF.pdf|wp-content/uploads/2026/03/Merchinger-Ramadama-2026-PDF.pdf|wp-content/uploads/2026/02/Merchinger-Ramadama-2026-PDF.pdf,3
9d4b23459e9f0d57e934253d4e0b90adf2eec00026faf45db38e602a05f3f70b,wp-content/uploads/download-manager-files/Oeffentliche-Bekanntmachung.pdf|wp-content/uploads/2024/11/Oeffentliche-Bekanntmachung.pdf,2
ccd0eb31ec161109a535fd3c90f45e5886f7a35baa098a0eeda9289991050da1,wp-content/uploads/download-manager-files/Oeffentl.-Bekanntmachung_GR_27.07.2023.pdf|wp-content/uploads/download-manager-files/1690187880wpdm_Oeffentl.-Bekanntmachung_GR_27.07.2023.pdf,2
81a9602951a4d47090e05bd57376487ed994f9a64e097a104e8d621159e5b5b5,wp-content/uploads/download-manager-files/1685441735wpdm_Satzung-30.05.2023.pdf|wp-content/uploads/download-manager-files/Satzung-30.05.2023.pdf|wp-content/uploads/download-manager-files/1685441615wpdm_Satzung-30.05.2023.pdf|wp-content/uploads/2023/05/Satzung-30.05.2023.pdf,4
2af2890e0feeddb189c3b5e862bb1c328ec79b23c01ac986b1279198188a2e95,wp-content/uploads/download-manager-files/BP-PV-Mandichosee_Teil-A_Planzeichnung-2023-10-26.pdf|wp-content/uploads/2023/11/BP-PV-Mandichosee_Teil-A_Planzeichnung-2023-10-26.pdf,2
6703ca695912b19b0994738c6c2b92b1fc89b6b12a8905ccb2864e2271be9e3c,wp-content/uploads/download-manager-files/BP-PV-Mandichosee_Teil-C_Begruendung-mit-Umweltbericht-2023-10-26.pdf|wp-content/uploads/2023/11/BP-PV-Mandichosee_Teil-C_Begruendung-mit-Umweltbericht-2023-10-26.pdf,2
b6e55be82dd6a044b7df2672037adc76bd82db720d3a82776daa7221f01c010b,wp-content/uploads/download-manager-files/1732000536wpdm_Schalltechnische-Untersuchung-11-05.2023.pdf|wp-content/uploads/2024/11/Schalltechnische-Untersuchung-11-05.2023.pdf,2
611f20c6be98f680e15c45f037ecfc3dc9778c7721ca18749c467e1e2fb0d6e8,wp-content/uploads/download-manager-files/Gemeinderatswahl-Bekanntmachung_Wahlergebnis_Anl_17_Homepage.pdf|wp-content/uploads/2026/03/Gemeinderatswahl-Bekanntmachung_Wahlergebnis_Anl_17_Homepage.pdf,2
358f0ab7e83a2500d4aeed06d3ba104a01bc71b053b44fc8e3b4c2465275fa8a,wp-content/uploads/download-manager-files/Satzung_WAS_2022.pdf|wp-content/uploads/filebase/satzungen-verordnungen-gemeinde-merching/Satzung_WAS_2022.pdf|wp-content/uploads/2023/11/Satzung_WAS_2022.pdf,3
863e363308794577c7423a944524cfe4a7317bad764d89f344211bf7000e2f21,wp-content/uploads/download-manager-files/BP-PV-Mandichosee_Teil-B_Festsetzungen-2023-10-26.pdf|wp-content/uploads/2023/11/BP-PV-Mandichosee_Teil-B_Festsetzungen-2023-10-26.pdf,2
22a092cf844f69974f95aa8fc46d6c38ee36f9cba70830ae92156bdf8e155f69,wp-content/uploads/download-manager-files/Aushang-Homepage.docx|wp-content/uploads/2023/04/Aushang-Homepage.docx,2
d404152a623063d54dc84f06c3f8736e79a4b40bac024fcbd16a22abf581bae2,wp-content/uploads/download-manager-files/1.Aenderung-BP-34-oestl.-Nebelhornstr.-Bekanntmachung-Satzungsbeschluss.pdf|wp-content/uploads/2026/01/1.Aenderung-BP-34-oestl.-Nebelhornstr.-Bekanntmachung-Satzungsbeschluss.pdf,2
fe614c8f43b4069e708b6a08073e0ad336cb369e7acd95bd77ccee904f9b7c87,wp-content/uploads/download-manager-files/BP-Nr.-39-PV-Merching-Teil-A-Planzeichnung-2023-10-26.pdf|wp-content/uploads/2024/03/BP-Nr.-39-PV-Merching-Teil-A-Planzeichnung-2023-10-26.pdf,2
0c36b3c3b18d6c7c09b0fe9548487a798550e1a4642d42bedd6295284d70447a,wp-content/uploads/download-manager-files/1682325696wpdm_Amtsblatt-04-2023Jahrg.-78-Nr.-4a.pdf|wp-content/uploads/download-manager-files/Amtsblatt-04-2023Jahrg.-78-Nr.-4a.pdf|wp-content/uploads/2023/04/Amtsblatt-04-2023Jahrg.-78-Nr.-4a.pdf,3
13af68db446b0e107a90cf8d0d519396ad15743f9bfe2d437bf6075b2f3fdc33,wp-content/uploads/download-manager-files/6.-Aenderung-FNP-Bekanntmachung_fruehz_Beteiligung.pdf|wp-content/uploads/2023/02/6.-Aenderung-FNP-Bekanntmachung_fruehz_Beteiligung.pdf,2
feee7188f902fa64a85bcac25474f7a61ad4c9c4f85489c094e9466455ba1b8a,wp-content/uploads/download-manager-files/Amtsblatt-08-2023Jahrg.-78-Nr.-08.pdf|wp-content/uploads/download-manager-files/1693901378wpdm_Amtsblatt-08-2023Jahrg.-78-Nr.-08.pdf|wp-content/uploads/2023/09/Amtsblatt-08-2023Jahrg.-78-Nr.-08.pdf|wp-content/uploads/2023/08/Amtsblatt-08-2023Jahrg.-78-Nr.-08.pdf,4
5b4e7c6627c9115a56ba18d6849f612f78a7a10f9ad7bf8e0edb22d86975661c,wp-content/uploads/download-manager-files/1688034797wpdm_FNP-PV-Merching_Begruendung-mit-Umweltbericht-Teil-B_03-29.06.2023.pdf|wp-content/uploads/download-manager-files/FNP-PV-Merching_Begruendung-mit-Umweltbericht-Teil-B_03-29.06.2023.pdf|wp-content/uploads/2023/06/FNP-PV-Merching_Begruendung-mit-Umweltbericht-Teil-B_03-29.06.2023.pdf,3
b61ab77d78ddf6027282103104744598b18fef8d26288d51b2d5f5e9e1f28af0,wp-content/uploads/download-manager-files/Stellungnahme-fruehz.-Beteiligung_WWA_Abwaegung-29.06.2023.pdf|wp-content/uploads/2023/06/Stellungnahme-fruehz.-Beteiligung_WWA_Abwaegung-29.06.2023.pdf,2
c20c468be0edf48a45fa610ec26185206c0985456a384709389001117bbb9a4c,wp-content/uploads/download-manager-files/Informationen-zur-Wahlwerbung_Europawahl_2024.pdf|wp-content/uploads/download-manager-files/1713433166wpdm_Informationen-zur-Wahlwerbung_Europawahl_2024.pdf,2
8e64e50856bc369ff8dc86fcd31022853aa0a5ae7b10daf24ab8d54b70463f6e,wp-content/uploads/download-manager-files/Amtsblatt-04-2023Jahrg.-78-Nr.-4.pdf|wp-content/uploads/2023/04/Amtsblatt-04-2023Jahrg.-78-Nr.-4.pdf,2
a2060a28b92511cd14c96066811421b024048574cf52f1ad8cffa35e623b7865,wp-content/uploads/download-manager-files/Amtsblatt-11-2023Jahrg.-78-Nr.-11.pdf|wp-content/uploads/2023/11/Amtsblatt-11-2023Jahrg.-78-Nr.-11.pdf,2
461fe0fafac1f431b8149ef124203214258a6bceb6009f62b233ced68365649f,wp-content/uploads/download-manager-files/EWS_Satzung_2022.pdf|wp-content/uploads/filebase/satzungen-verordnungen-gemeinde-merching/EWS_Satzung_2022.pdf|wp-content/uploads/2023/11/EWS_Satzung_2022.pdf,3
c3790e4469977cb6d634774fe6bff9ca4ab167ca2924cab9d597e19200c57438,wp-content/uploads/download-manager-files/Amtsblatt-01-2024Jahrg.-79-Nr.-01.pdf|wp-content/uploads/2024/01/Amtsblatt-01-2024Jahrg.-79-Nr.-01.pdf|wp-content/uploads/2023/12/Amtsblatt-01-2024Jahrg.-79-Nr.-01.pdf,3
9b2f75ac7d2ccc47301f76660f1e63a731ce70e1801f3ce2c222a59d6878ff97,wp-content/uploads/download-manager-files/Amtsblatt-06a-2023Jahrg.-78-Nr.-06a.pdf|wp-content/uploads/2023/07/Amtsblatt-06a-2023Jahrg.-78-Nr.-06a.pdf,2
716258ffda8e4f63398676fa3dd1f9c89c241dae96d82d11731a7ff1a69c5516,wp-content/uploads/download-manager-files/Bekanntmachung-Satzungsbeschluss.pdf|wp-content/uploads/download-manager-files/1691747473wpdm_Bekanntmachung-Satzungsbeschluss.pdf,2
379c2fd6a7604b5bc35d568213886b8c50e61110bca023a20f5b62a19461029a,wp-content/uploads/download-manager-files/5.-Aenderung-FNP-PV-Merching_Begruendung-mit-Umweltbericht-Teil-B.pdf|wp-content/uploads/2024/03/5.-Aenderung-FNP-PV-Merching_Begruendung-mit-Umweltbericht-Teil-B.pdf,2
009a9627463fe52a297c86813cd334d7dc782f46d74ca26f38c08e276ae0fecb,wp-content/uploads/download-manager-files/Rama-Dama-2023-Rathaus.pdf|wp-content/uploads/download-manager-files/1680160837wpdm_Rama-Dama-2023-Rathaus.pdf,2
fe47291e961a69a4764e4f9ae96810d7e01e7764cdbcfed65dd0889b3066fe91,wp-content/uploads/download-manager-files/BP-Nr.-39-PV-Merching-zusammenfassende-Erklaerung.pdf|wp-content/uploads/download-manager-files/1709650242wpdm_BP-Nr.-39-PV-Merching-zusammenfassende-Erklaerung.pdf,2
3fe1f242908a4785bfecb42c055c675aff6412807e8cd1600c72c1cb1de98308,wp-content/uploads/download-manager-files/Bekanntmachung_Geschaeftsordnung_Homepage.pdf|wp-content/uploads/2026/05/Bekanntmachung_Geschaeftsordnung_Homepage.pdf,2
aeb8988faccefc086a28c408284f9e35e5bbffa2ee9582e4ae7d5a3101db3496,wp-content/uploads/download-manager-files/1_Aenderung_BP_26_Begruendung_2023-01-19.pdf|wp-content/uploads/2023/02/1_Aenderung_BP_26_Begruendung_2023-01-19.pdf,2
94a8f1d2aad8a89024aee15e30a989338bb8ea10a96ff4f4e0897c1e18037982,wp-content/uploads/download-manager-files/Bekanntmachung-Friedhofs-und-Bestattungssatzung-ab-01.01.2027.pdf|wp-content/uploads/2026/07/Bekanntmachung-Friedhofs-und-Bestattungssatzung-ab-01.01.2027.pdf,2
40cbcf0cde15d9ad2fe62bf4ad0d51a902e1f10931ceb57fc31d8d4652e94563,wp-content/uploads/download-manager-files/Buergermeisterwahl-Bekanntmachung_Wahlergebnis_Anl_18-Direktwahl_Homepage.pdf|wp-content/uploads/2026/03/Buergermeisterwahl-Bekanntmachung_Wahlergebnis_Anl_18-Direktwahl_Homepage.pdf,2
4517b288837120f53475109ecdbb322c23d44b116d6d453f5ed1aaae72dd0f4f,wp-content/uploads/download-manager-files/1685442520wpdm_Vorkaufsrechtssatzung.pdf|wp-content/uploads/download-manager-files/Vorkaufsrechtssatzung.pdf|wp-content/uploads/2023/05/Vorkaufsrechtssatzung-1.pdf|wp-content/uploads/2023/05/Vorkaufsrechtssatzung.pdf,4
502317377dd9b1096c26ac7c0fded2fd0a52b39e21b99b7335a62f9dc79643d3,wp-content/uploads/download-manager-files/Datenschutzrechtliche-Informationspflichten-nach-Art.-13-und-14-DSGVO-29.06.2023.pdf|wp-content/uploads/2023/06/Datenschutzrechtliche-Informationspflichten-nach-Art.-13-und-14-DSGVO-29.06.2023.pdf,2
923355ae5a1fd0d23c7ee9aa3ea28b308917b58fd134d4e7c29984f9d2b7857e,wp-content/uploads/download-manager-files/FLY_Stromausfall_LAF_99x210mm_Merching_web.pdf|wp-content/uploads/2023/10/FLY_Stromausfall_LAF_99x210mm_Merching_web.pdf,2
df7cca7b5a1a0ac83b1a83c6e5f5bf237cbc19ad722947b3ee38bf5ebc2c4af6,wp-content/uploads/download-manager-files/FNP-PV-Mandichosee_Teil-A_Planzeichnung-2023-10-26.pdf|wp-content/uploads/2023/11/FNP-PV-Mandichosee_Teil-A_Planzeichnung-2023-10-26.pdf,2
56452b2a2bda833b63516f0e22b72da5b8c7a3c87afd710e05517d0ae830ac9e,wp-content/uploads/download-manager-files/Gemeindekurier-Ostern-2026-f.-Homepage.pdf|wp-content/uploads/2026/03/Gemeindekurier-Ostern-2026-f.-Homepage.pdf,2
396d92a6e62bdb502a3782b17b17b3cb58cf84dedb6f9744be44e2361709b2b4,wp-content/uploads/download-manager-files/Planzeichnung_Vorentwurf_6_Aend_FNP_Merching_2023-01-19.pdf|wp-content/uploads/2023/02/Planzeichnung_Vorentwurf_6_Aend_FNP_Merching_2023-01-19.pdf,2
b7bea03722052c9fb8fa8fdd2e7df90911752df57207f4d6138552c88fb7f23c,wp-content/uploads/download-manager-files/Verkuendung-des-Wahlergebnisses-OT-Hochdorf.pdf|wp-content/uploads/2026/04/Verkuendung-des-Wahlergebnisses-OT-Hochdorf.pdf,2
00872094066f7e59f3e262bbd43e36b30258b4e4746d5f1d5deab073b0a979a6,wp-content/uploads/download-manager-files/1787207868wpdm_Friedhofs-und-Bestattungssatzung-ab-01.01.2027-Homepage.pdf|wp-content/uploads/2026/07/Friedhofs-und-Bestattungssatzung-ab-01.01.2027-Homepage-1.pdf,2
177661623938c3440bf2259828f2497d43f242b14ad72a5d990f91cb545e0c23,wp-content/uploads/download-manager-files/BP35_Steinach_Ost_Textteil_Entwurf_2023-12-14.pdf|wp-content/uploads/download-manager-files/1706800511wpdm_BP35_Steinach_Ost_Textteil_Entwurf_2023-12-14.pdf,2
1ed4ae074b3ab6db52519e28ee87e440d34ea8b9d57f3cdff1a90b51f24839ad,wp-content/uploads/download-manager-files/Oeffentl.Bekanntmachung_GR1_Jan24.pdf|wp-content/uploads/2024/01/Oeffentl.Bekanntmachung_GR1_Jan24.pdf,2
3c59ff6e49f0d20ad236987f9fcaacf98510b470908f92c076e71e3d27d55a15,wp-content/uploads/download-manager-files/1768291253wpdm_BP_Nr34_Oestl._der_Nebelhornstrasse_1Aend_Begruendung_20251211.pdf|wp-content/uploads/download-manager-files/BP_Nr34_Oestl._der_Nebelhornstrasse_1Aend_Begruendung_20251211.pdf|wp-content/uploads/2026/01/BP_Nr34_Oestl._der_Nebelhornstrasse_1Aend_Begruendung_20251211.pdf,3
2dde34ea664cbfe32c9e144d43022d4bccd04ff34d5c405541631d3816c38eec,wp-content/uploads/download-manager-files/Amtsblatt-08a-2023Jahrg.-78-Nr.-08a.pdf|wp-content/uploads/2023/09/Amtsblatt-08a-2023Jahrg.-78-Nr.-08a.pdf,2
e83dc099af088919d9bf34af4018c89dab7e070be002e5330059ecf28d15c59c,wp-content/uploads/download-manager-files/1680160897wpdm_Rama-Dama-Hochdorf.pdf|wp-content/uploads/download-manager-files/Rama-Dama-Hochdorf.pdf|wp-content/uploads/2023/03/Rama-Dama-Hochdorf.pdf,3
ebe332fdb0dfcd33f9ea199ab4ceef7877690f2b3e53a14503f41eff6409e590,wp-content/uploads/download-manager-files/Amtsblatt-02-2023Jahrg.-78-Nr.-02.pdf|wp-content/uploads/2023/02/Amtsblatt-02-2023Jahrg.-78-Nr.-02.pdf,2
52bcccee654fad1a8618a4c5ff2764737d89f2791f41c244d6ea8fc4ad34341a,wp-content/uploads/download-manager-files/Leseclub-Merching.pdf|wp-content/uploads/2023/11/Leseclub-Merching.pdf,2
06dcf1f7437a04fce5fc43df501d75a995bc081fdf8ecaffcc6875ee30417e87,wp-content/uploads/download-manager-files/BP-PV-Merching_Begruendung-mit-Umweltbericht-Teil-C_07-29.06.2023.pdf|wp-content/uploads/2023/06/BP-PV-Merching_Begruendung-mit-Umweltbericht-Teil-C_07-29.06.2023.pdf,2
130e2d9cf8ec2a027d3076c7f0670fa92cfeabbd4d2213ad3cc6a0fb602b919e,wp-content/uploads/download-manager-files/5.-Aenderung-FNP-PV-Merching-Teil-A_Planzeichnung.pdf|wp-content/uploads/2024/03/5.-Aenderung-FNP-PV-Merching-Teil-A_Planzeichnung.pdf,2
df4e2d3911baacbe4f8d2fc36c0a4f8b6bc09df4782b9037c2d9b308082e8f93,wp-content/uploads/download-manager-files/PV-Merching_Kartierung-2023-04-27-29.06.2023.pdf|wp-content/uploads/2023/06/PV-Merching_Kartierung-2023-04-27-29.06.2023.pdf,2
5dd40f5276f7e74c5966ece2df33e13c65c1ae193b994264763af2768d4769f5,wp-content/uploads/download-manager-files/BP37-suedl.-Nebelhornstr.-Bekanntmachung-Satzungsbeschluss-.pdf|wp-content/uploads/2023/02/BP37-suedl.-Nebelhornstr.-Bekanntmachung-Satzungsbeschluss-.pdf,2
1f8b1f7d2d90a9b5aeb3afc18bef85e3f6a9b6b2efec5dd0eb968976e99ba617,wp-content/uploads/download-manager-files/oeffentl.Bekanntmachung-GSVV28.11.23.pdf|wp-content/uploads/download-manager-files/1700725440wpdm_oeffentl.Bekanntmachung-GSVV28.11.23.pdf,2
0b98be66cde35c57786bbd6c6e790ca1ba0bb867fcc5170b4a8ca035ad9c44ae,wp-content/uploads/download-manager-files/Bekanntmachung_Satzung-Gemeindeverfassungsrechts_Homepage.pdf|wp-content/uploads/2026/05/Bekanntmachung_Satzung-Gemeindeverfassungsrechts_Homepage.pdf,2
351e3d52fd08a60f7f48fb2131b527489a6ff209660d8e918ccd42027d60ea88,wp-content/uploads/download-manager-files/Bekanntmachung-Eroeffnung-Vergabeverfahren-BG-34.pdf|wp-content/uploads/2026/06/Bekanntmachung-Eroeffnung-Vergabeverfahren-BG-34.pdf,2
fa60528a7886e1644a4ea8f25bcdd7635d000b32ba2b2e8eb2d50e9aec02016c,wp-content/uploads/download-manager-files/Amtsblatt-08b-2023Jahrg.-78-Nr.-08b.pdf|wp-content/uploads/2023/09/Amtsblatt-08b-2023Jahrg.-78-Nr.-08b.pdf,2
0ca20b09a840fba66a137bea5e11d029d8440991786adfae6f3408a7d7a4264d,wp-content/uploads/download-manager-files/Bestattungsgebuehrensatzung-ab-01.01.2027-_Homepage.pdf|wp-content/uploads/2026/07/Bestattungsgebuehrensatzung-ab-01.01.2027-_Homepage.pdf,2
b6d4c16c021bbd41ae48403d72dcef6958bf4de5543dd1510dc1be62d1ca8f4f,wp-content/uploads/download-manager-files/5.-Aend.-Flaechennutzunngs-u.-Landschaftsplan-u.-Aufstell.-d.-vorhabensbez.-BP-Nr.-39-SG-Photovoltaikanl.-oestl.-der-Schmiechach.pdf|wp-content/uploads/2023/06/5.-Aend.-Flaechennutzunngs-u.-Landschaftsplan-u.-Aufstell.-d.-vorhabensbez.-BP-Nr.-39-SG-Photovoltaikanl.-oestl.-der-Schmiechach.pdf,2
89b975e42830390742b307634fe578ba1b0e3be17fb6ea6633a96ddf6460cd81,wp-content/uploads/download-manager-files/oeffentl.BekanntmachungGR_26.10.23.pdf|wp-content/uploads/download-manager-files/1698057852wpdm_oeffentl.BekanntmachungGR_26.10.23.pdf,2
196c6f9ba7cf9d19e804b65f926adaae819de5b857fc80e4e5b90629034c753d,wp-content/uploads/download-manager-files/Textteil_BPNr36_Freizeitanlage_Bauhof_2023-01-19.pdf|wp-content/uploads/2023/02/Textteil_BPNr36_Freizeitanlage_Bauhof_2023-01-19.pdf,2
9e0147abc6f5f2c96885439d528f0edc036425679fc5dc8b328e2c01f12cf2c6,wp-content/uploads/download-manager-files/Plakatierungsverordnung.pdf|wp-content/uploads/2024/01/Plakatierungsverordnung.pdf,2
686f755cee14c8f04a2e00c64d5b7cb1e8521be7451970c1c341798f0e31aaab,wp-content/uploads/download-manager-files/1.-Aenderung-B-Plan-Nr.-34-Datenschutzinformationspflicht.pdf|wp-content/uploads/download-manager-files/1768291132wpdm_1.-Aenderung-B-Plan-Nr.-34-Datenschutzinformationspflicht.pdf,2
3d950ca70e85d3f9ad02cb31dd1845ef50509b93329a523b2678ef434933a456,wp-content/uploads/download-manager-files/Bestattungsgebuehrensatzung-ab-2027_Homepage.pdf|wp-content/uploads/2026/07/Bestattungsgebuehrensatzung-ab-2027_Homepage.pdf,2
e6949b3fc338dc1d5401f6a04c2c24d482df4a269a1b6c44769899290efdd7a1,wp-content/uploads/download-manager-files/Steinach-Hochdorf-Bodenrichtwerte-2026.pdf|wp-content/uploads/2026/09/Steinach-Hochdorf-Bodenrichtwerte-2026.pdf,2
0e2bd196463d7ab616f12c2ed4c15b8f2dd093b3602f42b869ad7c174989eef5,wp-content/uploads/download-manager-files/Begruendung_Vorentwurf_2023-01-19.pdf|wp-content/uploads/2023/02/Begruendung_Vorentwurf_2023-01-19.pdf,2
e39cd6da359c05755fa6752db7cd19e83d1c8698c6dece5657b9ef3c5bffbb6d,wp-content/uploads/download-manager-files/Bekanntmachung-Satzung-GBS_BES-ab-01.01.2027.pdf|wp-content/uploads/2026/07/Bekanntmachung-Satzung-GBS_BES-ab-01.01.2027.pdf,2
3cd65f303d3c3d5f2746750a3f36e353b3948defa70579f66c22d101384c8e06,wp-content/uploads/download-manager-files/Begruendung_BPNr36_Freizeitanlage_Bauhof_2023-01-19ue.pdf|wp-content/uploads/2023/02/Begruendung_BPNr36_Freizeitanlage_Bauhof_2023-01-19ue.pdf,2
a9dba65f91c92a1e51b817e08abda0521a99cbbbcebf01b382555836b2b12f54,wp-content/uploads/download-manager-files/Bekanntmachung-Satzungsbeschluss-B-Plan-Nr.-36-Freizeitanlage.pdf|wp-content/uploads/2023/02/Bekanntmachung-Satzungsbeschluss-B-Plan-Nr.-36-Freizeitanlage.pdf,2
74db8e3459571191ec2dad224277e738db3de5a50e9723ce59c7702dac8bd734,wp-content/uploads/download-manager-files/Antrag-Fahrkarte.pdf|wp-content/uploads/2023/06/Antrag-Fahrkarte.pdf,2
a9b6b8787702c657d5f9d0a64d8164c84fe63f6eb1d7559fde54ae5bd1f73c29,wp-content/uploads/download-manager-files/Bekanntmachung-Abschlussbericht-Kommunale-Waermeplanung-PDF.pdf|wp-content/uploads/2026/01/Bekanntmachung-Abschlussbericht-Kommunale-Waermeplanung-PDF-1.pdf|wp-content/uploads/2026/01/Bekanntmachung-Abschlussbericht-Kommunale-Waermeplanung-PDF.pdf,3
cfca1ddb0ce6f623ae41fd77dd9cb58ab5f88c204e83351769abefc4b19b7fbd,wp-content/uploads/download-manager-files/BP34_Oestl_Nebelhornstrasse_Planzeichnung_Satzung_2024-06-20.pdf|wp-content/uploads/2024/11/BP34_Oestl_Nebelhornstrasse_Planzeichnung_Satzung_2024-06-20.pdf,2
c7907c0947a622e85c5016a1d28a29ad7cb087ea70d4433dc84c3ae001ac2691,wp-content/uploads/download-manager-files/B-Plan-Nr.-34-Datenschutzinformationspflicht.pdf|wp-content/uploads/2024/11/B-Plan-Nr.-34-Datenschutzinformationspflicht.pdf,2
3e29bb49b2d587dfbe68fdc40f02274875bb73f885276f81ec9e5ea828d5a9af,wp-content/uploads/download-manager-files/FNP-PV-Merching-Entwurf-Teil-A-29.06.2023.pdf|wp-content/uploads/2023/06/FNP-PV-Merching-Entwurf-Teil-A-29.06.2023.pdf,2
e101395740a7d4721ed440f29bd818966dcc4c3478b85dae4fab6d711838def0,wp-content/uploads/download-manager-files/Netzwerk-Familie-AELF-Kurse.pdf|wp-content/uploads/2023/09/Netzwerk-Familie-AELF-Kurse.pdf,2
acc70968b65dff30929ead92baf45fb00b5e9c2471624543710261577973e937,wp-content/uploads/download-manager-files/Gemeindekurier-Sommer-2024-f.-Homepage.pdf|wp-content/uploads/2024/07/Gemeindekurier-Sommer-2024-f.-Homepage.pdf,2
6f9a5b21d40a8a9e41368863202e509308a1459b4b76f9fc2524661fe7be37e4,wp-content/uploads/download-manager-files/1681206059wpdm_Aushang-Homepage.pdf|wp-content/uploads/2023/04/Aushang-Homepage.pdf,2
016fc55082f8cd3ddcda477ffd8d4331ca4214b95199c50316f8290e741a67c8,wp-content/uploads/download-manager-files/Merchinger-Rama-Dama-2026.pdf|wp-content/uploads/2026/02/Merchinger-Rama-Dama-2026.pdf,2
02d3421c118ef839aa2dbafc2fd9214f0a4f8dc7d8ecde9451335e1e4167aee6,wp-content/uploads/download-manager-files/Bekanntmachung-Vergabe-von-gemeindlichen-Wohnbaugrundstuecken.pdf|wp-content/uploads/2026/05/Bekanntmachung-Vergabe-von-gemeindlichen-Wohnbaugrundstuecken.pdf,2
9a42e19b00993f678944c69a92f8c2e2800ff37b119a27b2a6db05b09a04bd69,wp-content/uploads/download-manager-files/Friedhofs-und-Bestattungssatzung-ab-01.01.2027-Homepage.pdf|wp-content/uploads/2026/07/Friedhofs-und-Bestattungssatzung-ab-01.01.2027-Homepage.pdf,2
c07afddc2276a1a7243b32d4a60815fcf1128381041de8e2644393d6b7a31947,wp-content/uploads/download-manager-files/FNP-PV-Mandichosee_Teil-B_Begruendung-m.-Umweltbericht-2023-10-26.pdf|wp-content/uploads/2023/11/FNP-PV-Mandichosee_Teil-B_Begruendung-m.-Umweltbericht-2023-10-26.pdf,2
498330d34a55cc3e9087ed870d01d315b1f6d0670d6f1844b77978a8ffb5c7d1,wp-content/uploads/download-manager-files/Merching-Bodenrichtwerte-2026.pdf|wp-content/uploads/2026/09/Merching-Bodenrichtwerte-2026.pdf,2
cf287c1cde86a3e27640e005949c65917580c5356dfda2a7d0a38df641691efa,wp-content/uploads/download-manager-files/Bekanntmachung-Plakatierungsverordnung.pdf|wp-content/uploads/2023/12/Bekanntmachung-Plakatierungsverordnung.pdf,2
49791878877c7eee046e133a7c75354a17c79538670a9b37678c9827efc4832e,wp-content/uploads/download-manager-files/doc00268420240910131618.pdf|wp-content/uploads/2024/09/doc00268420240910131618.pdf,2
7c369b51035b39d6f002c97b815f9b30e710adf31b966552b0d6ccbe017a6767,wp-content/uploads/download-manager-files/Amtsblatt-05-2023Jahrg.-78-Nr.-05.pdf|wp-content/uploads/2023/05/Amtsblatt-05-2023Jahrg.-78-Nr.-05.pdf,2
c4e108ef313e1ad54232eaa51a220c9ce9ac4b8a2b0a637719b21a9c3bcb5977,wp-content/uploads/download-manager-files/BP37_Suedlich_der_Nebelhornstrasse_Plan_2023-01-19.pdf|wp-content/uploads/2023/02/BP37_Suedlich_der_Nebelhornstrasse_Plan_2023-01-19.pdf,2
24ef4260ebf6ad40ca2411bca03c1af58e780ba517be80e15a254f60a37af273,wp-content/uploads/download-manager-files/BP-PV-Mandichosees-Fachbeitrag-Artenschutz.pdf|wp-content/uploads/2023/11/BP-PV-Mandichosees-Fachbeitrag-Artenschutz.pdf,2
8e0b5ddd65d6ec423c4e56c7a47deea0452449b2cce96621f3fc5744097e9317,wp-content/uploads/download-manager-files/Gemeindekurier-Weihnachten-2023-f.-Homepage.pdf|wp-content/uploads/2023/12/Gemeindekurier-Weihnachten-2023-f.-Homepage.pdf,2
9480d86c4210f2f2a758cd077c373577845a952c513aafa3b63ca78cb5866764,wp-content/uploads/download-manager-files/Bekanntmachung-Grd.St_HundeSt.-2025.pdf|wp-content/uploads/2024/11/Bekanntmachung-Grd.St_HundeSt.-2025.pdf,2
2afdcea3c87d92c2b21caf13bcd3580664a6e5d7d746bb534b7c8ac043d9894b,wp-content/uploads/download-manager-files/Gemeindekurier-Weihnachten-2024-f.-Homepage.pdf|wp-content/uploads/2024/12/Gemeindekurier-Weihnachten-2024-f.-Homepage.pdf,2
9f8b727aa4a1c1869768f2c501ea034e0036ea6c4e32b68e5997cc32b162a039,wp-content/uploads/download-manager-files/Planzeichnung_BPNr36_Freizeitanlage_Bauhof_2023-01-19.pdf|wp-content/uploads/2023/02/Planzeichnung_BPNr36_Freizeitanlage_Bauhof_2023-01-19.pdf,2
832ba4d780a0ce0d18ad455dba77e2f5e93d06f9212187deee3038bf9294f98f,wp-content/uploads/download-manager-files/Amtsblatt-02-2024Jahrg.-79-Nr.-02.pdf|wp-content/uploads/2024/02/Amtsblatt-02-2024Jahrg.-79-Nr.-02.pdf,2
8a4b70338b0ac256c760e6e57343256b8b1fe395c37a2b3e12473c9051a17f6f,wp-content/uploads/download-manager-files/BGS_WAS_Satzung_2022.pdf|wp-content/uploads/filebase/satzungen-verordnungen-gemeinde-merching/BGS_WAS_Satzung_2022.pdf|wp-content/uploads/2023/11/BGS_WAS_Satzung_2022.pdf,3
d31f6e964b7fe308abf343883c5ea387211993c3202b34f8cd229c15301c7fce,wp-content/uploads/download-manager-files/Gemeindekurier-November-2023-f.-Homepage.pdf|wp-content/uploads/2023/10/Gemeindekurier-November-2023-f.-Homepage.pdf,2
ddace3ad558f22c5923e9808e228e5feadf2334c3594cf8cabca0160b2dd0ff6,wp-content/uploads/download-manager-files/Rechtsverordnung-ueber-die-Zulassung-des-Betriebs-von-Autowaschanlagen-an-Sonn-und-Feiertagen.pdf|wp-content/uploads/2026/06/Rechtsverordnung-ueber-die-Zulassung-des-Betriebs-von-Autowaschanlagen-an-Sonn-und-Feiertagen.pdf,2
47b32f822cfabb1e68c9d39055d67a4e96c594390a9bea53a44ee90736c5ce4e,wp-content/uploads/download-manager-files/Zusammenfassende-Erklaerung.pdf|wp-content/uploads/2024/11/Zusammenfassende-Erklaerung.pdf,2
6ccba4257be734188352484c093615f613d853525d4eb69a135cb56e71dc5a54,wp-content/uploads/download-manager-files/1689056111wpdm_Stellenausschreibung-Bauhof-Bekanntmachung.pdf|wp-content/uploads/download-manager-files/Stellenausschreibung-Bauhof-Bekanntmachung.pdf,2
f1a2fb10265e525b058f0984ae10ddb25453a0370e2482c9f68291677f0f34f4,wp-content/uploads/download-manager-files/Gemeindekurier-Herbst-2024-f.-Homepage.pdf|wp-content/uploads/2024/10/Gemeindekurier-Herbst-2024-f.-Homepage.pdf,2
2b17873cb822cc92684041a773de9595af9856521942a55e510da16840f751fe,wp-content/uploads/download-manager-files/Trinkwasserwerte-f.-Homepage-vom-Bauhof-26.02.26.pdf|wp-content/uploads/2026/02/Trinkwasserwerte-f.-Homepage-vom-Bauhof-26.02.26.pdf,2
c364a0a53cf41c50be1ec4a47d01e551887ff0b277e71e11cbb49974c14a445b,wp-content/uploads/download-manager-files/Verordnung-der-Gemeinde-Merching-ueber-das-Anbringen-von-Anschlaegen-u.-Plakaten.pdf|wp-content/uploads/2023/12/Verordnung-der-Gemeinde-Merching-ueber-das-Anbringen-von-Anschlaegen-u.-Plakaten.pdf,2
ba4b9776950b7aacde842f9599c97ba5491dc3dff310f89c5a5ce4a33912b390,wp-content/uploads/download-manager-files/Gemeindekurier-April-2023-f.-Homepage-neu.pdf|wp-content/uploads/2023/05/Gemeindekurier-April-2023-f.-Homepage-neu.pdf,2
e8cc97d4c4c32df0ff114072e6a167f88c9a5a99c07903543e1cf24462f29d50,wp-content/uploads/download-manager-files/Amtsblatt-07-2023Jahrg.-78-Nr.-07.pdf|wp-content/uploads/2023/07/Amtsblatt-07-2023Jahrg.-78-Nr.-07.pdf,2
bf6984d2f9071c33ac37fc1c785c5255c2a5090ab1371c1e66e1e739b829b5ce,wp-content/uploads/download-manager-files/Anmeldeformular-2024-1-HJ.pdf|wp-content/uploads/2024/04/Anmeldeformular-2024-1-HJ.pdf,2
ab0329efdf734e0a5639a36e97fc524ed8f0b30822c9b1f95cb440b06bbed052,wp-content/uploads/download-manager-files/Amtsblatt-12-2023Jahrg.-78-Nr.-12.pdf|wp-content/uploads/2023/12/Amtsblatt-12-2023Jahrg.-78-Nr.-12.pdf,2
f35f81c296e422c459bc14fce66d3355e46ff115742165fbbc5616c8f9da7784,wp-content/uploads/download-manager-files/Hebesatzsatzung_2025.pdf|wp-content/uploads/2024/10/Hebesatzsatzung_2025.pdf,2
15f3310cd7c01742f63f8e74a720d6717004a2eb970d890e1751da759e896565,wp-content/uploads/download-manager-files/Amtsblatt-10a-2023Jahrg.-78-Nr.-10a.pdf|wp-content/uploads/2023/10/Amtsblatt-10a-2023Jahrg.-78-Nr.-10a.pdf,2
fe7a2ed0aabcfd0c245d02fab4f3c1cf9557b5c30401ad4298b9b370b01bc035,wp-content/uploads/download-manager-files/landwirtschaftliche-Flaechen-Bodenrichtwerte-2026.pdf|wp-content/uploads/2026/09/landwirtschaftliche-Flaechen-Bodenrichtwerte-2026.pdf,2
c2f8cd7ddb59734fea86aaf3aebb9719fcccf3f1c5eb995d1baf6ba52f199f18,wp-content/uploads/download-manager-files/Information-Ortssprecherwahl-Steinach-u.-Hochdorf_Beilage-Kurier-Ostern-2026-f.-Hochdorf-u.-Steinach-f.-Homepage.pdf|wp-content/uploads/2026/03/Information-Ortssprecherwahl-Steinach-u.-Hochdorf_Beilage-Kurier-Ostern-2026-f.-Hochdorf-u.-Steinach-f.-Homepage.pdf,2
2cd1f6434c11d4e2b64ba1da737cb8b1b6275d57c58d7396e964d6ab1e9d6bc9,wp-content/uploads/download-manager-files/Bekanntmachung_Wahlhelfer_Aufforderung.pdf|wp-content/uploads/2023/06/Bekanntmachung_Wahlhelfer_Aufforderung.pdf,2
eb177dcdc8b1bae65b180be1de3eb67331b42a282e682c37e31426a97878ced3,wp-content/uploads/download-manager-files/Gemeindekurier-Sommer-2026-f.-Homepage.pdf|wp-content/uploads/2026/07/Gemeindekurier-Sommer-2026-f.-Kurier.pdf,2
fdf6e7b4ec61b9c64aef3ef7bc250a06d55538ed2bb2def4334879d4836a9d9e,wp-content/uploads/download-manager-files/Amtsblatt-06-2026Jahrg.-81-Nr.-06.pdf|wp-content/uploads/2026/06/Amtsblatt-06-2026Jahrg.-81-Nr.-06.pdf,2
e19654e68d930b3f8d4f1770799449438c00ad7cae5c12bfe9ec5a16475f63c5,wp-content/uploads/download-manager-files/1775727067wpdm_Wahlbekanntmachung-Homepage.pdf|wp-content/uploads/2026/04/Wahlbekanntmachung-Homepage.pdf,2
790a1fbbf9d2c5ff39ebc99b3aaa318b06df1ea7c571e8729d603d6188ad0e97,wp-content/uploads/download-manager-files/1787207996wpdm_Friedhofs-und-Bestattungssatzung-ab-01.01.2027-Homepage.pdf|wp-content/uploads/2026/07/Friedhofs-und-Bestattungssatzung-ab-01.01.2027-Homepage-2.pdf,2
35fecc7978a040eae2e30b8b3a0b9ec3b45309c85199bab4854ae28d2c15d534,wp-content/uploads/download-manager-files/Stellungnahme-fruehz.-Beteiligung_LRA-fuer-FNP_Abwaegung-29.06.2023.pdf|wp-content/uploads/2023/06/Stellungnahme-fruehz.-Beteiligung_LRA-fuer-FNP_Abwaegung-29.06.2023.pdf,2
f929aaa219d3389ddfc12ae3521420a6a6351eff003052c57d7cc84925a0acbd,wp-content/uploads/download-manager-files/BP37_Suedlich_Nebelhornstrasse_Textteil_2023-01-19.pdf|wp-content/uploads/2023/02/BP37_Suedlich_Nebelhornstrasse_Textteil_2023-01-19.pdf,2
66ced8a7a9a2eb3e0ddc3926697631c27cd0b54ab19bc6f376f750a5c6edb75c,wp-content/uploads/download-manager-files/Amtsblatt-12a-2023Jahrg.-78-Nr.-12a.pdf|wp-content/uploads/2023/12/Amtsblatt-12a-2023Jahrg.-78-Nr.-12a.pdf,2
7030076fbefc1a22028970226ed29b10fc6c460d426f22021c63500723fe227f,wp-content/uploads/download-manager-files/Amtsblatt-09-2023Jahrg.-78-Nr.-09.pdf|wp-content/uploads/2023/09/Amtsblatt-09-2023Jahrg.-78-Nr.-09.pdf,2
ac0dfae1db9254946c9ac7d86e184c10b2e7a6f1e1f2f0601e6c7861ac7ee1ff,wp-content/uploads/download-manager-files/Amtsblatt-06-2023Jahrg.-78-Nr.-06.pdf|wp-content/uploads/2023/06/Amtsblatt-06-2023Jahrg.-78-Nr.-06.pdf,2
95d7b40e196f4e4a44f81ba51a1999e3d340e4fd7fd3218236e727d1dcf2de16,wp-content/uploads/download-manager-files/1_Aenderung_BP_26_Bekanntmachung-Satzungsbeschluss.pdf|wp-content/uploads/2023/02/1_Aenderung_BP_26_Bekanntmachung-Satzungsbeschluss.pdf,2
d67393cf4013806ef9f07f9eee1be1383e3be179e4354f440c448832e775a057,wp-content/uploads/download-manager-files/Bekanntmachung-Verbandsversammlung-24.06.2026.pdf|wp-content/uploads/2026/06/Bekanntmachung-Verbandsversammlung-24.06.2026-1.pdf|wp-content/uploads/2026/06/Bekanntmachung-Verbandsversammlung-24.06.2026.pdf,3
30c94a6ade1747dbe40ca83b2343b67dd03ce7189264c4a5a575054264dff7b2,wp-content/uploads/download-manager-files/Modernisierungsbuendnis-2026_vhs-Kurs-Merching.pdf|wp-content/uploads/2026/03/Modernisierungsbuendnis-2026_vhs-Kurs-Merching.pdf,2
ff004dce422b7aeda5bb11a634ad67b9a4a4ad1909f342c343858ea8ce8c20ff,wp-content/uploads/2024/01/Amtsblatt-01-2024Jahrg.-79-Nr.-01-pdf-106x150.jpg|wp-content/uploads/2023/12/Amtsblatt-01-2024Jahrg.-79-Nr.-01-pdf-106x150.jpg,2
e7a156abbff7e1a7b20e291f3101b320ce84112e353cd96fed892992ed29c030,wp-content/uploads/2024/01/Amtsblatt-01-2024Jahrg.-79-Nr.-01-pdf-212x300.jpg|wp-content/uploads/2023/12/Amtsblatt-01-2024Jahrg.-79-Nr.-01-pdf-212x300.jpg,2
1146cae48e82ad267d90cf7b61643e0b5d397ec0c79251748ac0430403958a70,wp-content/uploads/2024/01/Amtsblatt-01-2024Jahrg.-79-Nr.-01-pdf.jpg|wp-content/uploads/2023/12/Amtsblatt-01-2024Jahrg.-79-Nr.-01-pdf.jpg,2
7fcad795b2d169ee8c31c3f3d3c98b849e56b5547d6370bcf4546f722b7992f9,wp-content/uploads/2024/01/Amtsblatt-01-2024Jahrg.-79-Nr.-01-pdf-724x1024.jpg|wp-content/uploads/2023/12/Amtsblatt-01-2024Jahrg.-79-Nr.-01-pdf-724x1024.jpg,2
140db27485f0218e7ff8ccb407bc3f2b680394aba7d873adbe27cccdfc3dab79,wp-content/uploads/2024/06/Energieberatung-Landkreis-Aichach-Friedberg-Typo-schwarz-RGB-scaled-e1629102681482.jpg|wp-content/uploads/2021/08/Energieberatung-Landkreis-Aichach-Friedberg-Typo-schwarz-RGB-scaled-e1629102681482.jpg,2
5de81fdeeee5d29eeded858f9910e3390bc479fdc285fcc7c1098a62973804a7,wp-content/uploads/2024/05/QRCode_StoermelderApp_Merching_210602.png|wp-content/uploads/2021/03/QRCode_StoermelderApp_Merching_210602.png|wp-content/uploads/2021/03/QR_Merching.png,3
cadcbe0cdc3904b24fdcb50ee31abdb19cc8c6a83906e1f09fa80276054748ac,wp-content/uploads/filebase/Bekanntmachung-GBS_BES-Satzung.pdf|wp-content/uploads/filebase/oeffentliche-bekannmachungen/Bekanntmachung-GBS_BES-Satzung_2_2.pdf,2
1b1867ca1d2f3d9b3f87b57d0f2fd376bc9b6d613adefd13e7b10204284bb19e,wp-content/uploads/2026/03/Logo-Ambulante-Snipping-Tool-1.jpg|wp-content/uploads/2026/03/Logo-Ambulante-Snipping-Tool.jpg,2
8cd656b2617a470fc387f0804edd42393c571f8b03f8da619f9ebf5ea6dfb9ff,wp-content/uploads/2026/03/Logo-Ambulante-Snipping-Tool-150x54.jpg|wp-content/uploads/2026/03/Logo-Ambulante-Snipping-Tool-1-150x54.jpg,2
f17a49098a1ad0677012028cd4cbc9720ba1a5b67c708b1e7f57bec1cf717042,wp-content/uploads/2026/03/Merchinger-Ramadama-2026-PDF-pdf-724x1024.jpg|wp-content/uploads/2026/02/Merchinger-Ramadama-2026-PDF-pdf-724x1024.jpg,2
1f48f1aa48aa4321c2cf0c45b59685b1b0322fa996b5a5471c69e4416d6690aa,wp-content/uploads/2026/03/Logo-Ambulante-Snipping-Tool-300x45.jpg|wp-content/uploads/2026/03/Logo-Ambulante-Snipping-Tool-1-300x45.jpg,2
4e772f3840ac05b4508b4ab5ffa5bf71b9cbc1fa7a70259e217927ddd19b3010,wp-content/uploads/2026/03/Merchinger-Ramadama-2026-PDF-pdf-212x300.jpg|wp-content/uploads/2026/02/Merchinger-Ramadama-2026-PDF-pdf-212x300.jpg,2
8e025580b756b99fc49c150b8002a49fefcdb9d2f9029f2829acf46543482306,wp-content/uploads/2026/03/Merchinger-Ramadama-2026-PDF-pdf.jpg|wp-content/uploads/2026/02/Merchinger-Ramadama-2026-PDF-pdf.jpg,2
94caccfe4d76a14d5d857ded4dc7034bb9eae9d0f443c9001926e1efa64b9656,wp-content/uploads/2026/03/Merchinger-Ramadama-2026-PDF-pdf-106x150.jpg|wp-content/uploads/2026/02/Merchinger-Ramadama-2026-PDF-pdf-106x150.jpg,2
9e4db43cd1d9e89cc8db33aef0c0fa5a9677ba86ef4b9355e41a75615c2065b0,wp-content/uploads/2026/01/Bekanntmachung-Abschlussbericht-Kommunale-Waermeplanung-PDF-1-pdf-106x150.jpg|wp-content/uploads/2026/01/Bekanntmachung-Abschlussbericht-Kommunale-Waermeplanung-PDF-pdf-106x150.jpg,2
b565ad4767d5ee827150eea66b8e8adce4f700fc5e75509277a6878578c381ea,wp-content/uploads/2026/01/Bekanntmachung-Abschlussbericht-Kommunale-Waermeplanung-PDF-1-pdf.jpg|wp-content/uploads/2026/01/Bekanntmachung-Abschlussbericht-Kommunale-Waermeplanung-PDF-pdf.jpg,2
ef6c405b585a9f92f0eb7736c379bb0107d188c05b9ddcb7942b9d9074680e35,wp-content/uploads/2026/01/Bekanntmachung-Abschlussbericht-Kommunale-Waermeplanung-PDF-pdf-212x300.jpg|wp-content/uploads/2026/01/Bekanntmachung-Abschlussbericht-Kommunale-Waermeplanung-PDF-1-pdf-212x300.jpg,2
3e98c60e5f423c3a3debb4548e0a940e7d83709efe4f4344aa579e94df6179f0,wp-content/uploads/2026/01/Bekanntmachung-Abschlussbericht-Kommunale-Waermeplanung-PDF-pdf-724x1024.jpg|wp-content/uploads/2026/01/Bekanntmachung-Abschlussbericht-Kommunale-Waermeplanung-PDF-1-pdf-724x1024.jpg,2
3cb8e48e8a7bad7184a9a01d39d91a0765b8b434bec8448c43df8a938ad91a26,wp-content/uploads/2026/06/Bekanntmachung-Verbandsversammlung-24.06.2026-pdf.jpg|wp-content/uploads/2026/06/Bekanntmachung-Verbandsversammlung-24.06.2026-1-pdf.jpg,2
63149a38b9692ab5121f4d9e015ebaa8badcc252f0c87a0b3e10a9ee782ec62a,wp-content/uploads/2026/06/Bekanntmachung-Verbandsversammlung-24.06.2026-pdf-106x150.jpg|wp-content/uploads/2026/06/Bekanntmachung-Verbandsversammlung-24.06.2026-1-pdf-106x150.jpg,2
10f3013dd5d67de3ae5641c1fbe89ffa2b17ead36c9c5d3212976be5a6a178eb,wp-content/uploads/2026/06/Bekanntmachung-Verbandsversammlung-24.06.2026-1-pdf-212x300.jpg|wp-content/uploads/2026/06/Bekanntmachung-Verbandsversammlung-24.06.2026-pdf-212x300.jpg,2
89e5a84ffba427d585b85bd1c62b345d0ceccc6af9ad7932d3951e7305e4c255,wp-content/uploads/2026/06/Bekanntmachung-Verbandsversammlung-24.06.2026-pdf-724x1024.jpg|wp-content/uploads/2026/06/Bekanntmachung-Verbandsversammlung-24.06.2026-1-pdf-724x1024.jpg,2
566765f0fecc2838670293c47c5cf2b6dd5a91fee056d510ee408326c298ebd1,wp-content/uploads/2026/05/logo-quadratisch.png|wp-content/uploads/2026/05/logo-quadratisch-1.png,2
26408f859eb8adc6bed8d09f1911f8be218d71938de53dc1dfc931dea4322f7a,wp-content/uploads/2021/03/logo-Familienstuetzpunkt-pdf-106x150.jpg|wp-content/uploads/2021/03/logo-Familienstuetzpunkt-1-pdf-106x150.jpg,2
6c9e7e2c634e87d3c6c9bb6f4e4bb3552f3a9036c837ec45b0537689a54656fa,wp-content/uploads/2021/03/QR_Merching-768x768.png|wp-content/uploads/2021/03/QRCode_StoermelderApp_Merching_210602-768x768.png,2
4cdc26545bcc6a22b03ff0eed615734a1063cb17dd0193b3034fbfc3a76a8f3b,wp-content/uploads/2021/03/logo-Familienstuetzpunkt-pdf-212x300.jpg|wp-content/uploads/2021/03/logo-Familienstuetzpunkt-1-pdf-212x300.jpg,2
a392c431f66c2ab4eefd5c3867c1116a6457f849b71a317894ae1ef655938f0f,wp-content/uploads/2021/03/QR_Merching-300x300.png|wp-content/uploads/2021/03/QRCode_StoermelderApp_Merching_210602-300x300.png,2
4e65aeec3017dbb41d88ad8d1c97b82ee43a21efe7ad23777ed5846f04667532,wp-content/uploads/2021/03/QR_Merching-150x150.png|wp-content/uploads/2021/03/QRCode_StoermelderApp_Merching_210602-150x150.png,2
3cb68760cd72188820c6d87f1e95d1b07f98c7607673914b7a86ca5849d62c39,wp-content/uploads/2021/03/logo-Familienstuetzpunkt.pdf|wp-content/uploads/2021/03/logo-Familienstuetzpunkt-1.pdf,2
73cf76a234b52ecddb331ca0a1686cc042693b5f4570c1fb4579dc3c324e016e,wp-content/uploads/2021/03/logo-Familienstuetzpunkt-pdf.jpg|wp-content/uploads/2021/03/logo-Familienstuetzpunkt-1-pdf.jpg,2
add6bb25d44baf0ea188d8d1b5dcd5fbdf20a4ccf6ceac09a0d013dc58f16056,wp-content/uploads/2021/03/logo-Familienstuetzpunkt-1-pdf-724x1024.jpg|wp-content/uploads/2021/03/logo-Familienstuetzpunkt-pdf-724x1024.jpg,2
f2c5a1362b564076f91ca844fc9f19a31226959729bef2e8bcf44deb5cb7f065,wp-content/uploads/2021/02/Bild-Landratsamt-Hilfe-Corona-Feb.-2021-neu-1.pdf|wp-content/uploads/2021/02/Bild-Landratsamt-Hilfe-Corona-Feb.-2021-neu.pdf,2
d5814156e4a7652efc59a7c50daa00113ab728b0c1f32bb5aff8b314cf471fcc,wp-content/uploads/2021/02/Bild-Landratsamt-Hilfe-Corona-Feb.-2021-neu-1-pdf-106x150.jpg|wp-content/uploads/2021/02/Bild-Landratsamt-Hilfe-Corona-Feb.-2021-neu-pdf-106x150.jpg,2
8f9a17cfcebe6981f76348908fdd8c4b57f9da4db54291319b37e9c6b9b15f71,wp-content/uploads/2021/02/Bild-Landratsamt-Hilfe-Corona-Feb.-2021-neu-pdf-212x300.jpg|wp-content/uploads/2021/02/Bild-Landratsamt-Hilfe-Corona-Feb.-2021-neu-1-pdf-212x300.jpg,2
6f13e08677666d2cdf1e362a17b40f14e1f5eef8faf84a98ff9ef97bf74f8f5c,wp-content/uploads/2021/02/Bild-Landratsamt-Hilfe-Corona-Feb.-2021-neu-1-pdf-724x1024.jpg|wp-content/uploads/2021/02/Bild-Landratsamt-Hilfe-Corona-Feb.-2021-neu-pdf-724x1024.jpg,2
97969a7edaebaaaf1a15ef40e94096fba20432c92c0bcdefed27669644ea90b9,wp-content/uploads/2021/02/Bild-Landratsamt-Hilfe-Corona-Feb.-2021-neu-pdf.jpg|wp-content/uploads/2021/02/Bild-Landratsamt-Hilfe-Corona-Feb.-2021-neu-1-pdf.jpg,2
3b70fe3c5c81eedfb3b3130c13c3a53110949a45f8d66eba86d3b7a6f85b7b04,wp-content/uploads/2023/09/Amtsblatt-08-2023Jahrg.-78-Nr.-08-pdf-724x1024.jpg|wp-content/uploads/2023/08/Amtsblatt-08-2023Jahrg.-78-Nr.-08-pdf-724x1024.jpg,2
443ff0850b3693e1966b111a53c4be1a56f3bd0a3cfe3295e80b264318c47787,wp-content/uploads/2023/09/Amtsblatt-08-2023Jahrg.-78-Nr.-08-pdf-106x150.jpg|wp-content/uploads/2023/08/Amtsblatt-08-2023Jahrg.-78-Nr.-08-pdf-106x150.jpg,2
a60ddae57067cec035842c7a32bb3bbdde6d8240958ab89d24564f4cbc0373d2,wp-content/uploads/2023/09/Amtsblatt-08-2023Jahrg.-78-Nr.-08-pdf-212x300.jpg|wp-content/uploads/2023/08/Amtsblatt-08-2023Jahrg.-78-Nr.-08-pdf-212x300.jpg,2
f13c24287d280cc3ac0e1c03ea9e18cf95a797ff9152e52281c8771093b081e0,wp-content/uploads/2023/09/Amtsblatt-08-2023Jahrg.-78-Nr.-08-pdf.jpg|wp-content/uploads/2023/08/Amtsblatt-08-2023Jahrg.-78-Nr.-08-pdf.jpg,2
55fde2b2413df1676f277e2189c89f1b36b8a38850f43157b7d67fd12e2c2d73,wp-content/uploads/2023/11/Abschaffung-des-Kinderreisepasses-zum-01.01.2024-1-pdf-106x150.jpg|wp-content/uploads/2023/11/Abschaffung-des-Kinderreisepasses-zum-01.01.2024-pdf-106x150.jpg,2
baea35d15968917e684075fbe2a8a8f32ae7a8831b56a53cb515b5c9cabded2b,wp-content/uploads/2023/11/Abschaffung-des-Kinderreisepasses-zum-01.01.2024-1-pdf.jpg|wp-content/uploads/2023/11/Abschaffung-des-Kinderreisepasses-zum-01.01.2024-pdf.jpg,2
004ace3cc6f041d1b17411bdfbe8cbb104145d76d5d322a06d138da88bf2f18d,wp-content/uploads/2023/11/Abschaffung-des-Kinderreisepasses-zum-01.01.2024-pdf-212x300.jpg|wp-content/uploads/2023/11/Abschaffung-des-Kinderreisepasses-zum-01.01.2024-1-pdf-212x300.jpg,2
1c6e248d57aafda7f79e20f4288405ae79afdffc060c929dfc03d39321751762,wp-content/uploads/2023/11/Abschaffung-des-Kinderreisepasses-zum-01.01.2024-1-pdf-724x1024.jpg|wp-content/uploads/2023/11/Abschaffung-des-Kinderreisepasses-zum-01.01.2024-pdf-724x1024.jpg,2
a4cb27010d7bc0b747e946febb7330df13d9e07088c7dfc95e7eac815ffa9b8b,wp-content/uploads/2023/06/Stellungnahme-fruehz.-Beteiligung_Denkmalpflege_Abwaegung-29.06.2023-1-pdf-106x150.jpg|wp-content/uploads/2023/06/Stellungnahme-fruehz.-Beteiligung_Denkmalpflege_Abwaegung-29.06.2023-pdf-106x150.jpg,2
a31e3c33d99739c6366301bb1fe4d8ae9ec6b8bfab2a12ea5022f9338a1f6127,wp-content/uploads/2023/06/Stellungnahme-fruehz.-Beteiligung_Denkmalpflege_Abwaegung-29.06.2023-1-pdf.jpg|wp-content/uploads/2023/06/Stellungnahme-fruehz.-Beteiligung_Denkmalpflege_Abwaegung-29.06.2023-pdf.jpg,2
6da7607f96c07706dd347b67a5b1f6d7f4495fecd6826645ea4658c5f02ec342,wp-content/uploads/2023/06/Bekanntmachung_ern_oeff_Ausl_BPNr34_Oestl_Nebelhornstr-pdf-106x150.jpg|wp-content/uploads/2023/05/Bekanntmachung_ern_oeff_Ausl_BPNr34_Oestl_Nebelhornstr-pdf-106x150.jpg,2
5e42f2768931bac0488e12c20aa435003f2a0e7f32c0d9ab3be5bd4c6d729eab,wp-content/uploads/2023/06/Stellungnahme-fruehz.-Beteiligung_Denkmalpflege_Abwaegung-29.06.2023-1-pdf-212x300.jpg|wp-content/uploads/2023/06/Stellungnahme-fruehz.-Beteiligung_Denkmalpflege_Abwaegung-29.06.2023-pdf-212x300.jpg,2
2f017aa220a8a0af55a9435edb84c07cb59a03b6ad41a40181a78ed84e3d05ed,wp-content/uploads/2023/06/Bekanntmachung_ern_oeff_Ausl_BPNr34_Oestl_Nebelhornstr-pdf-724x1024.jpg|wp-content/uploads/2023/05/Bekanntmachung_ern_oeff_Ausl_BPNr34_Oestl_Nebelhornstr-pdf-724x1024.jpg,2
8dd58de05c2eee7d30c3cb49109c4cd7930c93f511212b3cdde74622b5ee9c29,wp-content/uploads/2023/06/Bekanntmachung_ern_oeff_Ausl_BPNr34_Oestl_Nebelhornstr-pdf-212x300.jpg|wp-content/uploads/2023/05/Bekanntmachung_ern_oeff_Ausl_BPNr34_Oestl_Nebelhornstr-pdf-212x300.jpg,2
bf9c50c3459516a028dddf0f1cf7e3765fdbc57aee7d89854606fd27f56bb8c2,wp-content/uploads/2023/06/Bekanntmachung_ern_oeff_Ausl_BPNr34_Oestl_Nebelhornstr-pdf.jpg|wp-content/uploads/2023/05/Bekanntmachung_ern_oeff_Ausl_BPNr34_Oestl_Nebelhornstr-pdf.jpg,2
ab61b0724aae7ccddebd53386e489cd1b89a6b9bdf1352512a892700f5f44bab,wp-content/uploads/2023/06/Stellungnahme-fruehz.-Beteiligung_Denkmalpflege_Abwaegung-29.06.2023-pdf-724x1024.jpg|wp-content/uploads/2023/06/Stellungnahme-fruehz.-Beteiligung_Denkmalpflege_Abwaegung-29.06.2023-1-pdf-724x1024.jpg,2
2d77dea9177c4c11fe53617b12cc8b124567c7b7af87a3cd1a5e465e5cb067e3,wp-content/uploads/2023/06/Bekanntmachung_ern_oeff_Ausl_BPNr34_Oestl_Nebelhornstr.pdf|wp-content/uploads/2023/05/Bekanntmachung_ern_oeff_Ausl_BPNr34_Oestl_Nebelhornstr.pdf,2
56cc901ce037b3af81158b3217123f08c8f3286c01d41f3bbe85ea4f49feccaa,wp-content/uploads/2023/05/Vorkaufsrechtssatzung-pdf-724x1024.jpg|wp-content/uploads/2023/05/Vorkaufsrechtssatzung-1-pdf-724x1024.jpg,2
e27ce50b38594475ac901f05bc832e8bb4e8be2e8fd79ddb45c812c604f45f0b,wp-content/uploads/2023/05/Vorkaufsrechtssatzung-pdf.jpg|wp-content/uploads/2023/05/Vorkaufsrechtssatzung-1-pdf.jpg,2
53bd5e1fcf32de573fda5501ec0bb39d07a371d10651cbd65220b1033ee8d275,wp-content/uploads/2023/05/Vorkaufsrechtssatzung-pdf-212x300.jpg|wp-content/uploads/2023/05/Vorkaufsrechtssatzung-1-pdf-212x300.jpg,2
5c36955c10a3ed77eacee23662ceabf121b7dc65bda118f5bcdcd631b4ad5816,wp-content/uploads/2023/05/Vorkaufsrechtssatzung-1-pdf-106x150.jpg|wp-content/uploads/2023/05/Vorkaufsrechtssatzung-pdf-106x150.jpg,2
