source_id,url,checked_live
22,"https://maps.google.de/maps?f=q&source=embed&hl=de&geocode=&q=Hauptstra%C3%9Fe+26,+86504+Merching&aq=&sll=51.151786,10.415039&sspn=10.012923,26.784668&ie=UTF8&hq=&hnear=Hauptstra%C3%9Fe+26,+86504+Merching,+Schwaben,+Bayern&t=m&ll=48.248769,10.987058&spn=0.010002,0.032187&z=15",False
22,"https://maps.google.de/maps?f=q&source=s_q&hl=de&geocode=&q=Hauptstra%C3%9Fe+26,+86504+Merching&aq=&sll=51.151786,10.415039&sspn=10.012923,26.784668&ie=UTF8&hq=&hnear=Hauptstra%C3%9Fe+26,+86504+Merching,+Schwaben,+Bayern&t=m&ll=48.248769,10.987058&spn=0.010002,0.032187&z=15&output=embed",False
231,"http://maps.google.de/maps?f=q&source=embed&hl=de&geocode=&q=am+lerchenberg+,+Merching&aq=&sll=48.243425,11.003494&sspn=0.375428,0.891953&ie=UTF8&hq=&hnear=Am+Lerchenberg,+86504+Merching,+Bayern&ll=48.24588,10.99361&spn=0.011731,0.027874&t=m&z=14",False
231,"http://maps.google.de/maps?f=q&source=s_q&hl=de&geocode=&q=am+lerchenberg+,+Merching&aq=&sll=48.243425,11.003494&sspn=0.375428,0.891953&ie=UTF8&hq=&hnear=Am+Lerchenberg,+86504+Merching,+Bayern&ll=48.24588,10.99361&spn=0.011731,0.027874&t=m&z=14&output=embed",False
233,http://www.avv-augsburg.de/,False
310,http://formular-server.de/AIC_FS/findform?shortname=juePAS4001511102401&formtecid=2&areashortname=Merching,False
310,http://www.personalausweisportal.de,False
344,http://geoportal.bayern.de/bayernatlas?lon=4424950.0&zoom=12&base=910&lat=5345960.0,False
415,http://www.landgasthof-aumiller.de,False
415,http://www.landhotel-gasthof-huber.de,False
415,http://www.tsv-merching.de,False
441,https://buergerinfo-merching.digitalfabrix.de/info.asp,False
2316,http://www.unser-ferienprogramm.de/merching,False
810,http://formular-server.de/AIC_FS/findform?shortname=juePAS4001511102401&formtecid=2&areashortname=Merching,False
810,https://www.auswaertiges-amt.de/de/ReiseUndSicherheit/reise-und-sicherheitshinweise,False
1987,https://www.fuehrungszeugnis.bund.de/,False
1999,https://geoportal.lra-aic-fdb.de/?state=%5B%5B%5B10.977417%2C48.217277%2C5346.34%5D%2C%5B10.977346%2C48.244422%2C516.36%5D%2C5696.24%2C359.9%2C-58%2C0%5D%2C%22CesiumMap%22%2C%5B%227ca6ad40-70d1-4f88-8794-c983fa6a1dfa%22%2C%22a866ad47-7ed7-478d-b9b2-500ceb48af51%22%2C%22540069b9-c5bb-4375-a6a6-a14aacd44829%22%5D%2C%5B%5B%22Rechtskr%C3%A4ftige+Bebauungspl%C3%A4ne%22%2C1%2C0%5D%2C%5B%22Satzungen%22%2C1%2C0%5D%5D%2C%5B%5D%2C0%2C%5B%5D%5D,False
2025,http://www.schulen-merching.de,False
2027,http://www.Frisuraktuell.de,False
2027,http://www.Metallbauweiss.de,False
2027,http://www.concordia.de/hermann-grad,False
2027,http://www.dagdasolutions.de,False
2027,http://www.elektro-schweiger.de,False
2027,http://www.forum-verlag.com,False
2027,http://www.freilacke.de,False
2027,http://www.giboth.de,False
2027,http://www.kerber-elektrotechnik.de,False
2027,http://www.lachenmair.info,False
2027,http://www.luichtl.de,False
2027,http://www.modeimpavillon-merching.de,False
2027,http://www.ops-roboter.de,False
2027,http://www.outdoor-production.com,False
2027,http://www.pohlgrafik.de,False
2027,http://www.ringenberger.de,False
2027,http://www.schreinerei-meidert.de,False
2027,http://www.sedlmair.de,False
2028,https://www.csu.de/verbaende/ov/merching/,False
2029,http://www.kindergarten-merching.de/,False
2029,http://www.schulen-merching.de/,False
2029,https://abfallwirtschaft.lra-aic-fdb.de/,False
2029,https://buergerauskunft.zemaonline.de/bgausk/,False
2029,https://energieportal.bayernwerk.de/schadensmelder/reporting/09771145,False
2029,https://www.buergerservice-portal.de/bayern/merching/bsp_ewo_briefwahl,False
2029,https://www.buergerservice-portal.de/bayern/merching/bsp_fis_webablesung,False
2029,https://www.umweltpakt.bayern.de/laerm/faq/353/laermschutz-ruhezeiten-in-wohngebieten,False
2847,https://www.buergerservice-portal.de/bayern/merching/,False
3658,http://ec.europa.eu/consumers/odr/,False
3658,http://www.datenschutz-bayern.de/,False
8134,http://www.bmi.bund.de/SharedDocs/faqs/DE/themen/moderne-verwaltung/reisepass/reisepass-faq.html;jsessionid=A489678D680A51F3181F3EF0DF1F72BA.1_cid504,False
4798,https://pixabay.com/de/photos/zimmer-zimmer-frei-tourismus-schild-2365613/,False
5492,https://www.yumpu.com/de/embed/view/cQhpE90Mqa4til8v,False
9197,https://www.grundsteuer.bayern.de/,False
8722,https://energieportal.bayernwerk.de/schadensmelder/reporting/09771145,False
8824,http://www.grundsteuer.bayern.de,False
8824,https://www.finanzamt.bayern.de/Informationen/Formulare/Weitere_Themen_A_bis_Z/Grundsteuer/BayGrSt_5_Anleitung.pdf,False
8824,https://www.finanzamt.bayern.de/Informationen/Formulare/Weitere_Themen_A_bis_Z/Grundsteuer/BayGrSt_5_Grundsteueraenderungsanzeige.pdf,False
8971,https://www.statistik.bayern.de/presse/mitteilungen/2026/pm004/index.html,False
10399,https://www.augsburg.de/umwelt-soziales/umwelt/bekanntmachungen-umweltamt,False
10418,https://lra-aic-fdb.de/wahlen/,False
10418,https://wahlen.osrz-akdb.de/sw-p/771145/1/20260308/buergermeisterwahl_gemeinde/index.html,False
10418,https://wahlen.osrz-akdb.de/sw-p/771145/2/20260308/gemeinderatswahl_gemeinde/index.html,False
10570,https://www.baupilot.com/,False
10754,https://www.stmuv.bayern.de/aktuell/presse/pressemitteilung.htm?PMNr=62/26,False
link:15,http://www.bayerischeregiobahn.de/,False
link:12,http://formular-server.de/AIC_FS/findform?shortname=jueANT4001401051402&formtecid=2&areashortname=Merching,False
link:9,http://www.aic.mifaz.de/,False
link:10,http://www.avv-augsburg.de/fahrplan/fahrplanauskunft,False
link:11,http://formular-server.de/AIC_FS/findform?shortname=jueANM4091501004404&formtecid=2&areashortname=Merching,False
link:14,http://wittelsbacherland.de/,False
link:16,http://formular-server.de/AIC_FS/findform?shortname=jueMEL4091501005404&formtecid=2&areashortname=Merching,False
link:17,http://formular-server.de/AIC_FS/findform?shortname=jueMEL4091501009403&formtecid=2&areashortname=Merching,False
link:25,http://formular-server.de/AIC_FS/findform?shortname=jue4001502501402&formtecid=2&areashortname=Merching,False
link:27,http://formular-server.de/AIC_FS/findform?shortname=jueANT4001391002401&formtecid=2&areashortname=Merching,False
link:28,http://formular-server.de/AIC_FS/findform?shortname=jueANT4008231011401&formtecid=2&areashortname=Merching,False
link:29,http://formular-server.de/AIC_FS/findform?shortname=jueANZ4178236042402&formtecid=2&areashortname=Merching,False
link:30,http://formular-server.de/AIC_FS/findform?shortname=jueJUG4008237404401&formtecid=2&areashortname=Merching,False
link:31,http://formular-server.de/AIC_FS/findform?shortname=jueMB4098237412401&formtecid=2&areashortname=Merching,False
link:32,http://formular-server.de/AIC_FS/findform?shortname=jue_USG4096024005403&formtecid=2&areashortname=Merching,False
link:33,http://formular-server.de/AIC_FS/findform?shortname=jueANZ4096024003403&formtecid=2&areashortname=Merching,False
link:34,http://formular-server.de/AIC_FS/findform?shortname=jueBAU4096021101404&formtecid=2&areashortname=Merching,False
link:35,http://formular-server.de/AIC_FS/findform?shortname=jueBER4006021101401&formtecid=2&areashortname=Merching,False
link:36,http://formular-server.de/AIC_FS/findform?shortname=jueANT4096021002404&formtecid=2&areashortname=Merching,False
link:37,http://formular-server.de/AIC_FS/findform?shortname=jueBAU4096024001405&formtecid=2&areashortname=Merching,False
link:38,http://formular-server.de/AIC_FS/findform?shortname=jueBAU4096021104402&formtecid=2&areashortname=Merching,False
link:39,http://formular-server.de/AIC_FS/findform?shortname=jue_USG4096021001403&formtecid=2&areashortname=Merching,False
link:40,http://formular-server.de/AIC_FS/findform?shortname=jueBAU4096021105402&formtecid=2&areashortname=Merching,False
link:41,http://formular-server.de/AIC_FS/findform?shortname=jueBAU4096021102402&formtecid=2&areashortname=Merching,False
link:42,http://formular-server.de/AIC_FS/findform?shortname=jueANT4008225007401&formtecid=2&areashortname=Merching,False
link:43,http://formular-server.de/AIC_FS/findform?shortname=jueGEW4008221101401&formtecid=2&areashortname=Merching,False
link:44,http://formular-server.de/AIC_FS/findform?shortname=jueGEW4008221021402&formtecid=2&areashortname=Merching,False
link:45,http://formular-server.de/AIC_FS/findform?shortname=jueGEW4008221022402&formtecid=2&areashortname=Merching,False
link:46,http://formular-server.de/AIC_FS/findform?shortname=jueGEW4008221003402&formtecid=2&areashortname=Merching,False
link:47,http://formular-server.de/AIC_FS/findform?shortname=jueANT4008237401401&formtecid=2&areashortname=Merching,False
link:48,http://formular-server.de/AIC_FS/findform?shortname=jueANT4092001003402&formtecid=2&areashortname=Merching,False
link:49,http://formular-server.de/AIC_FS/findform?shortname=jueANT4000912501402&formtecid=2&areashortname=Merching,False
link:50,http://formular-server.de/AIC_FS/findform?shortname=jueANT4005541001402&formtecid=2&areashortname=Merching,False
link:51,http://formular-server.de/AIC_FS/findform?shortname=jueEWW4006851108402&formtecid=2&areashortname=Merching,False
link:52,http://formular-server.de/AIC_FS/findform?shortname=jueWOH4006851112401&formtecid=2&areashortname=Merching,False
link:53,http://formular-server.de/AIC_FS/findform?shortname=jueWOH4006851112401&formtecid=2&areashortname=Merching,False
link:54,http://formular-server.de/AIC_FS/findform?shortname=jueSOZ4006806001406&formtecid=2&areashortname=Merching,False
link:55,http://formular-server.de/AIC_FS/findform?shortname=jueSOZ4006806004402&formtecid=2&areashortname=Merching,False
link:56,http://formular-server.de/AIC_FS/findform?shortname=jue_STR4009521011402&formtecid=2&areashortname=Merching,False
link:57,http://formular-server.de/AIC_FS/findform?shortname=jueEIN4009521002402&formtecid=2&areashortname=Merching,False
link:61,http://formular-server.de/AIC_FS/findform?shortname=jue_STR4009234003401&formtecid=2&areashortname=Merching,False
link:62,http://formular-server.de/AIC_FS/findform?shortname=jue_STR4009526701402&formtecid=2&areashortname=Merching,False
link:63,http://formular-server.de/AIC_FS/findform?shortname=jueBES4096851102402&formtecid=2&areashortname=Merching,False
link:64,http://www.lra-aic-fdb.de/,False
link:65,http://www.sichermobil.bayern.de/,False
link:66,http://www.behoerdenwegweiser.bayern.de/,False
link:67,http://www.deutsche-rentenversicherung.de/Allgemein/de/Navigation/5_Services/04_formulare_und_antraege/FormulareUndAntraege_node.html,False
link:68,http://www.zbfs.bayern.de/aufgaben.html,False
link:69,http://www.finanzamt.bayern.de/Informationen/Formulare/default.php?f=augsburg-land&c=n&d=x&t=x,False
link:71,http://www.lra-aic-fdb.de/klimaschutz,False
link:72,https://www.gemeinde-merching.de/wp-content/uploads/2013/06/Mandat_Mittelschulverband.pdf,False
link:73,https://www.gemeinde-merching.de/wp-content/uploads/2013/06/Mandat_Grundschulverband.pdf,False
link:79,http://www.energieatlas.bayern.de,False
link:80,http://formular-server.de/AIC_FS/findform?shortname=juePAS4001511102401&formtecid=2&areashortname=Merching,False
link:81,http://formular-server.de/AIC_FS/findform?shortname=jue_4001504002402&formtecid=2&areashortname=Merching,False
link:82,http://formular-server.de/AIC_FS/findform?shortname=jueANT4001514005401&formtecid=2&areashortname=Merching,False
link:83,http://www.lra-aic-fdb.de/home/wirtschaft-und-tourismus/termine-und-veranstaltungen,False
link:84,https://www.gemeinde-merching.de/download/wasserversorgung/Antrag_fuer_Bauwasserbezug.pdf,False
link:85,https://www.gemeinde-merching.de/download/wasserversorgung/Antrag_fuer_Wasserbezug.pdf,False
link:86,http://buergernetz-mering.businesscatalyst.com/,False
link:87,https://www.gemeinde-merching.de/download/MandatGemeindeMerchingab2016.pdf,False
link:89,https://www.gemeinde-merching.de/buergerservice/gemeinderat/,False
link:90,https://www.gemeinde-merching.de/download/wasserversorgung/Anmeldung_eines_Gartenwasserzaehlers.pdf,False
link:91,https://www.hochwasserinfo.bayern.de/,False
