source_id,title,original_filename,path,source_url,exists_in_backup,bytes,sha256,category_id,offline,review
5,Erhebung Verwaltungskosten - Satzung über die Erhebung von Verwaltungskosten für Amtshandlungen im eigenen Wirkungskreis der Gemeinde Merching - Kostensatzung,,wp-content/uploads/filebase/satzungen-verordnungen-gemeinde-merching/web_kostensatzung_2002.pdf,https://www.gemeinde-merching.de/wp-content/uploads/filebase/satzungen-verordnungen-gemeinde-merching/web_kostensatzung_2002.pdf,True,22559,7a5de96ac4ea773c6108b8c502158ed17e5901d5ec4c01e273d0111e03994f33,2,0,Legacy WP-Filebase: match Download Manager copies and live URLs before creating duplicate Documents
7,Straßenausbaubeitrag - Satzung für die Erhebung eines Straßenausbaubeitrag (Ausbaubeitragssatzung - ABS),,wp-content/uploads/filebase/satzungen-verordnungen-gemeinde-merching/web_ausbaubeitragssatzung_22102002.pdf,https://www.gemeinde-merching.de/wp-content/uploads/filebase/satzungen-verordnungen-gemeinde-merching/web_ausbaubeitragssatzung_22102002.pdf,True,34559,cc790d9a1ad9b881e52708eb8e95788e4040e644dec694e34779c3e60f149f80,2,0,Legacy WP-Filebase: match Download Manager copies and live URLs before creating duplicate Documents
9,Ehrungen - Satzung über die Verleihung von Ehrungen durch die Gemeinde Merching,,wp-content/uploads/filebase/satzungen-verordnungen-gemeinde-merching/web_ehrenordung_vom_30012002.pdf,https://www.gemeinde-merching.de/wp-content/uploads/filebase/satzungen-verordnungen-gemeinde-merching/web_ehrenordung_vom_30012002.pdf,True,20245,8dd1ce89263c2c8bfc95bab59a029971e297bf9977eb12b65070816db648cd3e,2,0,Legacy WP-Filebase: match Download Manager copies and live URLs before creating duplicate Documents
10,Erschließungsbeiträge - Satzung über die Erschließungsbeiträge in der Fassung der 2. Änderung vom 15.05.1992,,wp-content/uploads/filebase/satzungen-verordnungen-gemeinde-merching/web_erschliessungsbeitragssatzung_fassung_2_aend_15051992.pdf,https://www.gemeinde-merching.de/wp-content/uploads/filebase/satzungen-verordnungen-gemeinde-merching/web_erschliessungsbeitragssatzung_fassung_2_aend_15051992.pdf,True,19938,a98ea9f3a4dd33c246b68d25fe504264ad6b46e149adaaf204c007323bd63bca,2,0,Legacy WP-Filebase: match Download Manager copies and live URLs before creating duplicate Documents
12,Hausnummerierung - Satzung über die Hausnummerierung,,wp-content/uploads/filebase/satzungen-verordnungen-gemeinde-merching/web_hausnummerierungssatzung_13021995.pdf,https://www.gemeinde-merching.de/wp-content/uploads/filebase/satzungen-verordnungen-gemeinde-merching/web_hausnummerierungssatzung_13021995.pdf,True,16713,6c5c322ce2ef35ba402e82336044e9a9049f412a3beaa0ba2a502fa0770cf06f,2,0,Legacy WP-Filebase: match Download Manager copies and live URLs before creating duplicate Documents
14,Kleineinleiter - Satzung für die Erhebung einer Kommunalabgabe zur Abwälzung der Abwasserabgabe für Kleineinleiter,,wp-content/uploads/filebase/satzungen-verordnungen-gemeinde-merching/web_kleineinleitersatzung_09082005.pdf,https://www.gemeinde-merching.de/wp-content/uploads/filebase/satzungen-verordnungen-gemeinde-merching/web_kleineinleitersatzung_09082005.pdf,True,15911,2b64eede2291421cb23658cba87f88ab9b1662c08f92d66ea2ad5ecd4aa22abe,2,0,Legacy WP-Filebase: match Download Manager copies and live URLs before creating duplicate Documents
36,Bebauungsplan mit integriertem Grünordnungsplan,,wp-content/uploads/filebase/bebauungsplaene/Bebauungsplan-27-mit-Gruenordnungsplan.pdf,https://www.gemeinde-merching.de/wp-content/uploads/filebase/bebauungsplaene/Bebauungsplan-27-mit-Gruenordnungsplan.pdf,True,687225,21e4801aa7bbb9180dd05ca4342002f487661016b4904146636e79b76be2cf42,6,0,Legacy WP-Filebase: match Download Manager copies and live URLs before creating duplicate Documents
43,Information zur elektronischen Lohnsteuerkarte,,wp-content/uploads/filebase/Informationsmaterial/elektronische Lohnsteuerkarte.pdf,https://www.gemeinde-merching.de/wp-content/uploads/filebase/Informationsmaterial/elektronische Lohnsteuerkarte.pdf,True,932317,bcd2ca7bd3a962ef439448b179065c407eb8e321901ab462d389bb7758930442,7,0,Legacy WP-Filebase: match Download Manager copies and live URLs before creating duplicate Documents
44,Vereinsförderrichtlinien der Gemeinde Merching ab 2013,,wp-content/uploads/filebase/richtlinien-gemeinde-merching/Vereinsförderrichtlinien 2013.pdf,https://www.gemeinde-merching.de/wp-content/uploads/filebase/richtlinien-gemeinde-merching/Vereinsförderrichtlinien 2013.pdf,True,41828,cd974e098dfa5bd25961f3a5fc49676a3ca0bb76cf10461d7e910e5dcd7174d9,3,0,Legacy WP-Filebase: match Download Manager copies and live URLs before creating duplicate Documents
154,Mittelschulverband - Verbandssatzung 2014,,wp-content/uploads/filebase/satzungen-verordnungen-schulverbaende-merching/MSV Verbandssatzung Muster 2014.pdf,https://www.gemeinde-merching.de/wp-content/uploads/filebase/satzungen-verordnungen-schulverbaende-merching/MSV Verbandssatzung Muster 2014.pdf,True,16055,0e88cbfe0450fd3274e35aef930813f6a1f9b75c9497e85d473570f8945cf342,4,0,Legacy WP-Filebase: match Download Manager copies and live URLs before creating duplicate Documents
155,Grundschulverband - Verbandssatzung 2014,,wp-content/uploads/filebase/satzungen-verordnungen-schulverbaende-merching/GSV Verbandssatzung Entwurf 2014.pdf,https://www.gemeinde-merching.de/wp-content/uploads/filebase/satzungen-verordnungen-schulverbaende-merching/GSV Verbandssatzung Entwurf 2014.pdf,True,15890,188393cb25b7a89194a40ec7add50ff7d1be1813e88e918b0f8aec523a8963ac,4,0,Legacy WP-Filebase: match Download Manager copies and live URLs before creating duplicate Documents
243,Antrag Fuer Wasserbezug,,wp-content/uploads/filebase/wasserversorgung/Antrag_fuer_Wasserbezug.pdf,https://www.gemeinde-merching.de/wp-content/uploads/filebase/wasserversorgung/Antrag_fuer_Wasserbezug.pdf,True,302289,bb9710ae591f7b472beaa85041f432d9d72660dc74bb4a0a641d26660be1ad5c,11,0,Legacy WP-Filebase: match Download Manager copies and live URLs before creating duplicate Documents
621,Bauwasserbezugsvertrag,,wp-content/uploads/filebase/wasserversorgung/Bauwasserbezugsvertrag.pdf,https://www.gemeinde-merching.de/wp-content/uploads/filebase/wasserversorgung/Bauwasserbezugsvertrag.pdf,True,293577,17231749753d7bf3f384acc4d29b16f7b51f9f15c5f351dec4c7c0d45d3d4400,11,0,Legacy WP-Filebase: match Download Manager copies and live URLs before creating duplicate Documents
252,Einfriedung - Satzung der Gemeinde Merching über die Höhe von Einfriedungen (Einfriedungssatzung),Microsoft-Word-Satzung-über-die-Höhe-von-Einfriedungen.PDF,wp-content/uploads/filebase/satzungen-verordnungen-gemeinde-merching/Microsoft-Word-Satzung-ueber-die-Hoehe-von-Einfriedungen.PDF,https://www.gemeinde-merching.de/wp-content/uploads/filebase/satzungen-verordnungen-gemeinde-merching/Microsoft-Word-Satzung-ueber-die-Hoehe-von-Einfriedungen.PDF,True,24642,9049c59d69d765428df222ac97db7f837693e01f070b899b3cc52cce37cfda6d,2,0,Legacy WP-Filebase: match Download Manager copies and live URLs before creating duplicate Documents
253,Mandat Gemeinde Merching,,wp-content/uploads/filebase/MandatGemeindeMerchingab2016.pdf,https://www.gemeinde-merching.de/wp-content/uploads/filebase/MandatGemeindeMerchingab2016.pdf,True,13270,f8660a5dfd6ee164a38896b059ac76f24b6bcd2adbe32a2b5e30e68277199fa8,0,0,Legacy WP-Filebase: match Download Manager copies and live URLs before creating duplicate Documents
280,Wasser - Beitrags- und Gebührensatzung zur Wasserabgabesatzung 2018,,wp-content/uploads/filebase/BGS_WAS_Satzung-2018.PDF,https://www.gemeinde-merching.de/wp-content/uploads/filebase/BGS_WAS_Satzung-2018.PDF,True,127673,dbea0df842a8795f08aadb0f5bd237bc4d54578bef7a3228ce752ac2c8b2d188,0,0,Legacy WP-Filebase: match Download Manager copies and live URLs before creating duplicate Documents
285,Geschäftsordnung - Geschäftsordnung Satzung 2018,,wp-content/uploads/filebase/satzungen-verordnungen-gemeinde-merching/GeschO_Satzung-2018.PDF,https://www.gemeinde-merching.de/wp-content/uploads/filebase/satzungen-verordnungen-gemeinde-merching/GeschO_Satzung-2018.PDF,True,289142,944e923f0af4c063235fe455a00126a15a2408c7c0c8fa1ecad60c1d98938c21,2,0,Legacy WP-Filebase: match Download Manager copies and live URLs before creating duplicate Documents
297,Anmeldung eines Gartenwasserzählers,,wp-content/uploads/filebase/wasserversorgung/Anmeldung_eines_Gartenwasserzaehlers_NEU_ab_2022.pdf,https://www.gemeinde-merching.de/wp-content/uploads/filebase/wasserversorgung/Anmeldung_eines_Gartenwasserzaehlers_NEU_ab_2022.pdf,True,426162,07d54f5e29cd4ce4be904c2ceda0922db271d3aa4d03fbabadea479060ae241b,11,0,Legacy WP-Filebase: match Download Manager copies and live URLs before creating duplicate Documents
306,Bestattung - Gebührensatzung zur Satzung für die öffentl. Bestattungseinrichtung (GBS/BES) der Gemeinde Merching vom 25.06.18 - gültig ab 01.01.2019,Bestattungsgebührensatzung-ab-2019.pdf,wp-content/uploads/filebase/satzungen-verordnungen-gemeinde-merching/Bestattungsgebuehrensatzung-ab-2019.pdf,https://www.gemeinde-merching.de/wp-content/uploads/filebase/satzungen-verordnungen-gemeinde-merching/Bestattungsgebuehrensatzung-ab-2019.pdf,True,977600,0a9a49c7016be543fd49c9d619fc8a5a9f0ab860c7524609a4fad51306b5432b,2,0,Legacy WP-Filebase: match Download Manager copies and live URLs before creating duplicate Documents
308,Bestattung - Gebührensatzung zur Satzung für die öffentl. Bestattungseinrichtung ab 01.01.2019 - Anlage,Bestattungsgebührensatzung-ab-2019-Anlage.pdf,wp-content/uploads/filebase/satzungen-verordnungen-gemeinde-merching/Bestattungsgebuehrensatzung-ab-2019-Anlage_2.pdf,https://www.gemeinde-merching.de/wp-content/uploads/filebase/satzungen-verordnungen-gemeinde-merching/Bestattungsgebuehrensatzung-ab-2019-Anlage_2.pdf,True,533040,b76064ac70483c8687e1e9f35fe26aba6621be2e00f5928c25afac980e4a447e,2,0,Legacy WP-Filebase: match Download Manager copies and live URLs before creating duplicate Documents
309,Landesamt f. Digitalisierung - Bekanntmachung über Laserscanningvermessungen,,wp-content/uploads/filebase/Informationsmaterial/Mitteilung-Landesamt-f.-Digitalisierung-Juli-2018.pdf,https://www.gemeinde-merching.de/wp-content/uploads/filebase/Informationsmaterial/Mitteilung-Landesamt-f.-Digitalisierung-Juli-2018.pdf,True,453732,6e2c8257d42d8a1e1d1e1fd5731a14defdc110efcad2e0baa32d83b40910cc43,7,0,Legacy WP-Filebase: match Download Manager copies and live URLs before creating duplicate Documents
313,Feuerwehr - Feuerwehrkostensatzung 2019 - gilt bis 31.03.2021,,wp-content/uploads/filebase/satzungen-verordnungen-gemeinde-merching/Feuerwehrkostensatzung-2019.pdf,https://www.gemeinde-merching.de/wp-content/uploads/filebase/satzungen-verordnungen-gemeinde-merching/Feuerwehrkostensatzung-2019.pdf,True,409770,4410559d70d3a55b5c83e302e8419440aa1300ce3df019733ddfc1b037449746,2,0,Legacy WP-Filebase: match Download Manager copies and live URLs before creating duplicate Documents
464,Feuerwehr - Satzung über Aufwendungs- und Kostenersatz für Einsätze und andere Leistungen gemeindlicher Feuerwehren ab 01.04.2021,,wp-content/uploads/filebase/satzungen-verordnungen-gemeinde-merching/Feuerwehrkostensatzung-2021.pdf,https://www.gemeinde-merching.de/wp-content/uploads/filebase/satzungen-verordnungen-gemeinde-merching/Feuerwehrkostensatzung-2021.pdf,True,420778,31948f9304db74b0d8603cf5db0d9b9e89229f60780de21771a6561943606036,2,0,Legacy WP-Filebase: match Download Manager copies and live URLs before creating duplicate Documents
401,Blauzungenkrankheit - Amtsblatt 75 Nr. 4b des Landkreises Aichach-Friedberg,,wp-content/uploads/filebase/Informationsmaterial/Amtsblatt-04b-202075-Nr.-04b-002-Blauzungenkrankheit.pdf,https://www.gemeinde-merching.de/wp-content/uploads/filebase/Informationsmaterial/Amtsblatt-04b-202075-Nr.-04b-002-Blauzungenkrankheit.pdf,True,98986,2c1b5f695a3bee88f5cb2115dbdc6747a34161c3c5548fcb9db34d75f9a5eb53,7,0,Legacy WP-Filebase: match Download Manager copies and live URLs before creating duplicate Documents
406,Geschäftsordnung - Geschäftsordnung 2020,,wp-content/uploads/filebase/satzungen-verordnungen-gemeinde-merching/GeschO.pdf,https://www.gemeinde-merching.de/wp-content/uploads/filebase/satzungen-verordnungen-gemeinde-merching/GeschO.pdf,True,417648,da4ab61c6c507dd50f1763f556d049071dc089b70270a1cb89100f6782b13fe3,2,0,Legacy WP-Filebase: match Download Manager copies and live URLs before creating duplicate Documents
407,Gemeindeverfassungsrecht - Satzung zur Regelung von Fragen des örtlichen Gemeindeverfassungsrechts 06.05.2020,,wp-content/uploads/filebase/satzungen-verordnungen-gemeinde-merching/Satzung-Gemeindeverf.pdf,https://www.gemeinde-merching.de/wp-content/uploads/filebase/satzungen-verordnungen-gemeinde-merching/Satzung-Gemeindeverf.pdf,True,736324,909a046e66f2fc0e7aca0749e45df6acf3d16d2c53cc816b8b4a51384af345d7,2,0,Legacy WP-Filebase: match Download Manager copies and live URLs before creating duplicate Documents
649,Bestattung - Satzung über die öffentl. Bestattungseinrichtung der Gemeinde Merching vom 18.07.2022 - gültig ab 01.01.2023,,wp-content/uploads/filebase/satzungen-verordnungen-gemeinde-merching/Friedhofs-und-Bestattungssatzung-ab-01.01.2023.pdf,https://www.gemeinde-merching.de/wp-content/uploads/filebase/satzungen-verordnungen-gemeinde-merching/Friedhofs-und-Bestattungssatzung-ab-01.01.2023.pdf,True,3539182,041a0455697bb585bab3457ad19d4373f125318f079cb4cae226ecd607a892fe,2,0,Legacy WP-Filebase: match Download Manager copies and live URLs before creating duplicate Documents
452,Hundesteuer - Satzung der Gemeinde Merching für die Erhebung einer Hundesteuer (Hundesteuersatzung - HStS) ab 2021,,wp-content/uploads/filebase/satzungen-verordnungen-gemeinde-merching/Hundesteuersatzung-2021-ausgefertigt.pdf,https://www.gemeinde-merching.de/wp-content/uploads/filebase/satzungen-verordnungen-gemeinde-merching/Hundesteuersatzung-2021-ausgefertigt.pdf,True,1788376,f2079e556de1af3d4ed4f0ba4ebc5acb2cff7b7de5665851f20439329b55c155,2,0,Legacy WP-Filebase: match Download Manager copies and live URLs before creating duplicate Documents
483,Stellplatz - Stellplatzsatzung der Gemeinde Merching vom 19.03.2021,,wp-content/uploads/filebase/satzungen-verordnungen-gemeinde-merching/Stellplatzsatzung_18-03-2021.pdf,https://www.gemeinde-merching.de/wp-content/uploads/filebase/satzungen-verordnungen-gemeinde-merching/Stellplatzsatzung_18-03-2021.pdf,True,1780746,9a1230b971f1b3ceca972831cf7988753e01a5211e837bd3aad9d541f3ecad0f,2,0,Legacy WP-Filebase: match Download Manager copies and live URLs before creating duplicate Documents
560,Entwässerungssatzung,,wp-content/uploads/filebase/satzungen-verordnungen-gemeinde-merching/EWS_Satzung_2022.pdf,https://www.gemeinde-merching.de/wp-content/uploads/filebase/satzungen-verordnungen-gemeinde-merching/EWS_Satzung_2022.pdf,True,9853787,461fe0fafac1f431b8149ef124203214258a6bceb6009f62b233ced68365649f,2,0,Legacy WP-Filebase: match Download Manager copies and live URLs before creating duplicate Documents
561,Entwässerung - Beitrags- und Gebührensatzung zur Entwässerungssatzung,,wp-content/uploads/filebase/satzungen-verordnungen-gemeinde-merching/BGS_EWS-Satzung_2022.pdf,https://www.gemeinde-merching.de/wp-content/uploads/filebase/satzungen-verordnungen-gemeinde-merching/BGS_EWS-Satzung_2022.pdf,True,5522618,2306d67fce3697f2cdc42189d55eeff6e40c241f4b37fb3686c903dd1fc7291e,2,0,Legacy WP-Filebase: match Download Manager copies and live URLs before creating duplicate Documents
563,Wasser - Beitrags- und Gebührensatzung zur Wasserabgabesatzung,,wp-content/uploads/filebase/satzungen-verordnungen-gemeinde-merching/BGS_WAS_Satzung_2022.pdf,https://www.gemeinde-merching.de/wp-content/uploads/filebase/satzungen-verordnungen-gemeinde-merching/BGS_WAS_Satzung_2022.pdf,True,4957219,8a4b70338b0ac256c760e6e57343256b8b1fe395c37a2b3e12473c9051a17f6f,2,0,Legacy WP-Filebase: match Download Manager copies and live URLs before creating duplicate Documents
540,Landespflegegeld unterstützt Pflegebedürftige - Pressemitteilung Landratsamt Aichach-Friedberg 08/2021,,wp-content/uploads/filebase/Informationsmaterial/20210805_Landespflegegeld-2.pdf,https://www.gemeinde-merching.de/wp-content/uploads/filebase/Informationsmaterial/20210805_Landespflegegeld-2.pdf,True,225545,c5045009ee0d877b7727cb174fb909a58e1637224d5781d5e710346d6b4a0451,7,0,Legacy WP-Filebase: match Download Manager copies and live URLs before creating duplicate Documents
562,Wasser - Wasserabgabesatzung,,wp-content/uploads/filebase/satzungen-verordnungen-gemeinde-merching/Satzung_WAS_2022.pdf,https://www.gemeinde-merching.de/wp-content/uploads/filebase/satzungen-verordnungen-gemeinde-merching/Satzung_WAS_2022.pdf,True,8568526,358f0ab7e83a2500d4aeed06d3ba104a01bc71b053b44fc8e3b4c2465275fa8a,2,0,Legacy WP-Filebase: match Download Manager copies and live URLs before creating duplicate Documents
566,Reinigungs- und Winterdienstverordnung vom 04.11.2021,,wp-content/uploads/filebase/satzungen-verordnungen-gemeinde-merching/Reinigungs-und-Winterdienstverordnung.pdf,https://www.gemeinde-merching.de/wp-content/uploads/filebase/satzungen-verordnungen-gemeinde-merching/Reinigungs-und-Winterdienstverordnung.pdf,True,2447960,f5bf90932b107c6f37a1557cb115e367ed14cc07ea12492d8fdf00d374d26af6,2,0,Legacy WP-Filebase: match Download Manager copies and live URLs before creating duplicate Documents
614,Grundsteuerreform - Die neue Grundsteuer in Bayern,,wp-content/uploads/filebase/Informationsmaterial/Grundsteuerreform-Textbeitrag-fuer-kommunale-Veroeffentlichungen.pdf,https://www.gemeinde-merching.de/wp-content/uploads/filebase/Informationsmaterial/Grundsteuerreform-Textbeitrag-fuer-kommunale-Veroeffentlichungen.pdf,True,196927,1d996215fc9c005cb9d2d9d607d8800b5489f577ceaeee50396d7b654516aee7,7,0,Legacy WP-Filebase: match Download Manager copies and live URLs before creating duplicate Documents
639,2022 - II Gemeindekurier Sommer,,wp-content/uploads/filebase/gemeinde-kurier-merching/Gemeindekurier-Sommer-2022.pdf,https://www.gemeinde-merching.de/wp-content/uploads/filebase/gemeinde-kurier-merching/Gemeindekurier-Sommer-2022.pdf,True,716881,94c219fc8d0b0276b09545bf90f601e4fb5a1f0babef962233379fd33589a4c3,5,0,Legacy WP-Filebase: match Download Manager copies and live URLs before creating duplicate Documents
620,2022 - I Gemeindekurier Ostern,,wp-content/uploads/filebase/gemeinde-kurier-merching/Gemeindekurier-Ostern-2022-f.-Homepage.pdf,https://www.gemeinde-merching.de/wp-content/uploads/filebase/gemeinde-kurier-merching/Gemeindekurier-Ostern-2022-f.-Homepage.pdf,True,1130871,294bf167d56bbf8d89a3a03e145246b43a05ccde732669c53da0e6bd35038b56,5,0,Legacy WP-Filebase: match Download Manager copies and live URLs before creating duplicate Documents
650,Satzung 2022 BES,,wp-content/uploads/filebase/Satzung-2022_BES.docx,https://www.gemeinde-merching.de/wp-content/uploads/filebase/Satzung-2022_BES.docx,True,52394,de0cf03be0558708c7333f9688a19979af55fa183b96478059948ae7ccaf5d96,0,0,Legacy WP-Filebase: match Download Manager copies and live URLs before creating duplicate Documents
642,Bekanntmachung GBS BES Satzung,,wp-content/uploads/filebase/Bekanntmachung-GBS_BES-Satzung.pdf,https://www.gemeinde-merching.de/wp-content/uploads/filebase/Bekanntmachung-GBS_BES-Satzung.pdf,True,388792,cadcbe0cdc3904b24fdcb50ee31abdb19cc8c6a83906e1f09fa80276054748ac,0,0,Legacy WP-Filebase: match Download Manager copies and live URLs before creating duplicate Documents
643,2023 - Bekanntmachung Gebührensatzung Bestattung,,wp-content/uploads/filebase/oeffentliche-bekannmachungen/Bekanntmachung-GBS_BES-Satzung_2_2.pdf,https://www.gemeinde-merching.de/wp-content/uploads/filebase/oeffentliche-bekannmachungen/Bekanntmachung-GBS_BES-Satzung_2_2.pdf,True,388792,cadcbe0cdc3904b24fdcb50ee31abdb19cc8c6a83906e1f09fa80276054748ac,13,0,Legacy WP-Filebase: match Download Manager copies and live URLs before creating duplicate Documents
646,Bekanntmachung Friedhofs-und Bestattungssatzung,,wp-content/uploads/filebase/oeffentliche-bekannmachungen/Bekanntmachung_Friedhofs-und-Bestattungssatzung.pdf,https://www.gemeinde-merching.de/wp-content/uploads/filebase/oeffentliche-bekannmachungen/Bekanntmachung_Friedhofs-und-Bestattungssatzung.pdf,True,386083,cf0e4c27f70d804a7fa4cb432c74a2f39e061f700834a7efe257d9bab0c553ca,13,0,Legacy WP-Filebase: match Download Manager copies and live URLs before creating duplicate Documents
651,Bestattung - Gebührensatzung zur Satzung für die öffentl. Bestattungseinrichtung (GBS/BES) der Gemeinde Merching vom 18.07.2022 - gültig ab 01.01.2023,,wp-content/uploads/filebase/satzungen-verordnungen-gemeinde-merching/Bestattungsgebuehrensatzung-ab-01.01.2023.pdf,https://www.gemeinde-merching.de/wp-content/uploads/filebase/satzungen-verordnungen-gemeinde-merching/Bestattungsgebuehrensatzung-ab-01.01.2023.pdf,True,1528360,ac5188be30f836cf37749f53253d3c7553f96b3e9c2e006aa8442c782d9ff45a,2,0,Legacy WP-Filebase: match Download Manager copies and live URLs before creating duplicate Documents
652,Bestattung - Satzung über die öffentl. Bestattungseinrichtung d. Gemeinde Merching 2011,,wp-content/uploads/filebase/satzungen-verordnungen-gemeinde-merching/BES-2011-f.-homepage.pdf,https://www.gemeinde-merching.de/wp-content/uploads/filebase/satzungen-verordnungen-gemeinde-merching/BES-2011-f.-homepage.pdf,True,142545,98cf0270479a3ec94795cf466943369726130cb676051ffd7a7209093f9a852c,2,0,Legacy WP-Filebase: match Download Manager copies and live URLs before creating duplicate Documents
653,Bekanntmachung Bodenrichtwerte 31.12.2021,,wp-content/uploads/filebase/oeffentliche-bekannmachungen/Bekanntmachung-Bodenrichtwerte-31.12.2021.pdf,https://www.gemeinde-merching.de/wp-content/uploads/filebase/oeffentliche-bekannmachungen/Bekanntmachung-Bodenrichtwerte-31.12.2021.pdf,True,352247,db83da00795bf7c261c5eda795f9e614fc297b98f10d3e3d6003bb4dde48314d,13,0,Legacy WP-Filebase: match Download Manager copies and live URLs before creating duplicate Documents
714,2022 - III Gemeindekurier November 2022,,wp-content/uploads/filebase/gemeinde-kurier-merching/Gemeindekurier-November-2022-neu.pdf,https://www.gemeinde-merching.de/wp-content/uploads/filebase/gemeinde-kurier-merching/Gemeindekurier-November-2022-neu.pdf,True,654782,969de1e5c8906ac3015a9503690b9e8d46ebf3735a68dc1de803493ad7948dad,5,0,Legacy WP-Filebase: match Download Manager copies and live URLs before creating duplicate Documents
720,Amtsblatt _2022_Jahrg.77_Nr.12,,wp-content/uploads/filebase/Informationsmaterial/Amtsblatt-12-2022Jahrg.-77-Nr.-12-ohne-Anlage.pdf,https://www.gemeinde-merching.de/wp-content/uploads/filebase/Informationsmaterial/Amtsblatt-12-2022Jahrg.-77-Nr.-12-ohne-Anlage.pdf,True,287174,918868d37eb7eac2ed8d1b61b6c82fb77a244446cb735a76974f6e4ca12dc20f,7,0,Legacy WP-Filebase: match Download Manager copies and live URLs before creating duplicate Documents
722,Grundsteuererklärung Informationen 14.12.2022,,wp-content/uploads/filebase/Informationsmaterial/GrSt_Info_Gemeinden_14.12.2022.pdf,https://www.gemeinde-merching.de/wp-content/uploads/filebase/Informationsmaterial/GrSt_Info_Gemeinden_14.12.2022.pdf,True,237885,81922e2e68490126de0c5c134565f680247db0cec69b6d4ff0879b0b2dc82534,7,0,Legacy WP-Filebase: match Download Manager copies and live URLs before creating duplicate Documents
721,2022_12_15 Bekanntmachung öffentl. Gemeinderatssitzung,,wp-content/uploads/filebase/gemeinderat/Oeffentl.-BekanntmachungGR_15122022.pdf,https://www.gemeinde-merching.de/wp-content/uploads/filebase/gemeinderat/Oeffentl.-BekanntmachungGR_15122022.pdf,True,130655,914dfd375d627274e25413be988c4261aa9905ea6e67dfe46ce0e731956cf831,1,0,Legacy WP-Filebase: match Download Manager copies and live URLs before creating duplicate Documents
723,2022 - IV Gemeindekurier Weihnachten,,wp-content/uploads/filebase/gemeinde-kurier-merching/Gemeindekurier-Weihnachten-2022-f.-Homepage.pdf,https://www.gemeinde-merching.de/wp-content/uploads/filebase/gemeinde-kurier-merching/Gemeindekurier-Weihnachten-2022-f.-Homepage.pdf,True,1607063,bdbcaf045dc046e768bd9ee2f07791eb5c78f2a84d6733715cdd562251a4780d,5,0,Legacy WP-Filebase: match Download Manager copies and live URLs before creating duplicate Documents
724,"Flurneuordnung Lechhausen III, Bekanntgabe, 22.12.2022",,wp-content/uploads/filebase/oeffentliche-bekannmachungen/Bekanntmachung-Flurneuord.-Lechhausen.pdf,https://www.gemeinde-merching.de/wp-content/uploads/filebase/oeffentliche-bekannmachungen/Bekanntmachung-Flurneuord.-Lechhausen.pdf,True,388101,6a942030dac11ec7b0e1a57b6c923bde3c07bead7ca07df36c2dadee12329202,13,0,Legacy WP-Filebase: match Download Manager copies and live URLs before creating duplicate Documents
725,Bekanntmachung Überschwemmungsgebiet der Paar und der Steinach 07.12.2022,,wp-content/uploads/filebase/oeffentliche-bekannmachungen/Bekanntmachung-Ueberschwemmungsgebiet-der-Paar-und-der-Steinach-07.12.22.pdf,https://www.gemeinde-merching.de/wp-content/uploads/filebase/oeffentliche-bekannmachungen/Bekanntmachung-Ueberschwemmungsgebiet-der-Paar-und-der-Steinach-07.12.22.pdf,True,301980,b6959bc166e204789db52ac299741012846180a4ee91bd682d1de07245edad68,13,0,Legacy WP-Filebase: match Download Manager copies and live URLs before creating duplicate Documents
