source_id,title,enabled,scheduled_date,created_at,action,new_status,review
6749,Kommunale IT-Sicherheit,1,2026-11-09 05:00:00,2024-11-22 08:15:19,change-status,draft,Verify enabled flag + current metadata + WordPress timezone; never apply historical jobs as current expiry
10477,Balkonkraftwerk o. klassiche Photovoltaikanlage - Sonnenstrom für jeden Bedarf,1,2027-01-01 08:49:00,2026-04-08 10:03:08,change-status,draft,Verify enabled flag + current metadata + WordPress timezone; never apply historical jobs as current expiry
10485,Solaroffensive Wittelsbacher Land,1,2027-01-01 09:08:00,2026-04-08 10:08:41,change-status,draft,Verify enabled flag + current metadata + WordPress timezone; never apply historical jobs as current expiry
10508,Pressemitteilung Landratsamt Aichach-Friedberg - Geflügelpest: Sperrzone aufgehoben,1,2026-12-01 09:40:00,2026-04-14 10:44:50,change-status,draft,Verify enabled flag + current metadata + WordPress timezone; never apply historical jobs as current expiry
10515,Pressemitteilung Landratsamt Aichach-Friedberg : Bündnis f. Demokratie spricht Förderempfehlungen für 2026 aus,1,2027-01-01 11:01:00,2026-04-16 12:11:36,change-status,draft,Verify enabled flag + current metadata + WordPress timezone; never apply historical jobs as current expiry
10826,"Fotowettbewerb ""Ein Herz für regionale Lebensmittel""",1,2026-10-16 08:56:00,2026-08-06 11:02:15,change-status,draft,Verify enabled flag + current metadata + WordPress timezone; never apply historical jobs as current expiry
10833,Neue Termine für kostenlose Rückgabe von Pflanzenschutz-Verpackungen - Entsorgungssystem PAMIRA,1,2027-12-01 08:55:00,2026-08-12 09:55:57,change-status,draft,Verify enabled flag + current metadata + WordPress timezone; never apply historical jobs as current expiry
10844,Urlaub trotz Pflege,1,2026-11-01 16:07:00,2026-08-27 17:09:25,change-status,draft,Verify enabled flag + current metadata + WordPress timezone; never apply historical jobs as current expiry
10848,Fachstelle f. pflegende Angehörige - Tageskurs für ehrenamtlich tätige Einzelperson am 27.10.2026 in Aichach,1,2026-10-28 08:38:00,2026-09-03 09:15:36,change-status,draft,Verify enabled flag + current metadata + WordPress timezone; never apply historical jobs as current expiry
10867,Pressemitteilung: Region wehrt sich gegen geplante Ausdünnung des Regionalverkehrs zwischen Augsburg und München,1,2026-12-01 10:59:00,2026-09-03 12:02:02,change-status,draft,Verify enabled flag + current metadata + WordPress timezone; never apply historical jobs as current expiry
10881,Fundsache,1,2026-11-15 10:08:00,2026-09-08 11:12:13,delete,draft,Verify enabled flag + current metadata + WordPress timezone; never apply historical jobs as current expiry
10890,Suizidprävention - Pressemitteilung Landratsamt Aichach-Friedberg,1,2027-08-01 10:09:00,2026-09-10 12:11:20,change-status,draft,Verify enabled flag + current metadata + WordPress timezone; never apply historical jobs as current expiry
10914,Fundfahrrad,1,2026-11-24 08:15:00,2026-09-17 09:18:00,change-status,draft,Verify enabled flag + current metadata + WordPress timezone; never apply historical jobs as current expiry
10925,Fundsache,1,2026-12-08 07:13:00,2026-10-01 08:16:29,delete,draft,Verify enabled flag + current metadata + WordPress timezone; never apply historical jobs as current expiry
10931,"Unterstützung für Menschen mit Pfegebedarf - Tagesschulung zur ""Ehrenamtlich tätigen Einzelperson""",1,2026-10-28 11:37:00,2026-10-01 12:39:57,change-status,draft,Verify enabled flag + current metadata + WordPress timezone; never apply historical jobs as current expiry
10928,E-Rechnung im Verein: Online-Seminar des Landratsamtes informiert über neue Anforderungen,1,2026-11-01 11:12:00,2026-10-01 12:45:48,change-status,draft,Verify enabled flag + current metadata + WordPress timezone; never apply historical jobs as current expiry
10940,DB InfraGO AG führt am 20.10.26 Bauarbeiten durch (Bf Kissing - Bf Augsburg Hbf u. Bf Mammendorf - Bf Mering),1,2026-10-22 09:39:00,2026-10-08 11:45:29,change-status,draft,Verify enabled flag + current metadata + WordPress timezone; never apply historical jobs as current expiry
10942,DB InfraGO AG führt am 13.10. u. 14.10.26 Bauarbeiten durch (Bf Mering - Bf Egling),1,2026-10-15 09:45:35,2026-10-08 11:47:59,change-status,draft,Verify enabled flag + current metadata + WordPress timezone; never apply historical jobs as current expiry
10944,Workshop Freiwilligenagentur: Wie gewinnen wir neue Freiwillige? Alle im Blick - Ehrenamt neu gestalten,1,2026-10-21 09:49:00,2026-10-08 11:52:50,change-status,draft,Verify enabled flag + current metadata + WordPress timezone; never apply historical jobs as current expiry
10947,Veranstaltung Landratsamt Aichach-Friedberg: Ratschen über Photovoltaik - SolarTreffs in verschiedenen Gemeinden,1,2026-11-17 10:53:00,2026-10-08 12:03:51,change-status,draft,Verify enabled flag + current metadata + WordPress timezone; never apply historical jobs as current expiry
10952,Vollsperrung Bahnübergang zwischen Brunnen und St. 2052 im Zeitraum vom 13.10.2026 - 15.10.2026,1,2026-10-19 04:36:00,2026-10-09 06:56:36,delete,draft,Verify enabled flag + current metadata + WordPress timezone; never apply historical jobs as current expiry
