gallery_id,picture_id,sort_order,path,exists_in_backup,exclude_flag,alt_present,description_present,linked_post_id
1,75,0,wp-content/gallery/merching/maibaum_0.jpg,False,1,True,True,0
1,76,0,wp-content/gallery/merching/nepomuk.jpg,False,0,True,True,0
1,77,0,wp-content/gallery/merching/pfarrhof.jpg,False,0,True,True,0
1,78,0,wp-content/gallery/merching/bild-kirche-neu.jpg,False,0,True,True,0
1,79,0,wp-content/gallery/merching/kopie-von-snc000881.jpg,False,0,True,True,0
1,82,0,wp-content/gallery/merching/bacherleh-in-steinach.jpg,False,0,True,True,0
1,83,0,wp-content/gallery/merching/maibaum-steinach.jpg,False,0,True,True,0
1,11,1,wp-content/gallery/merching/kirche-merching_4.jpg,False,0,True,True,0
1,2,2,wp-content/gallery/merching/der-bayrische-himmel-ueber-merching.jpg,False,0,True,True,0
1,14,3,wp-content/gallery/merching/maibaum.jpg,False,0,True,True,0
1,57,4,wp-content/gallery/merching/kindergarten.jpg,False,0,True,True,0
1,58,5,wp-content/gallery/merching/kinderkrippe.jpg,False,0,True,True,0
1,60,6,wp-content/gallery/merching/klostergarten.jpg,False,0,True,True,0
1,61,7,wp-content/gallery/merching/maibaum-merching.jpg,False,0,True,True,0
1,63,8,wp-content/gallery/merching/pfarramt-figur.jpg,False,0,True,True,0
1,64,9,wp-content/gallery/merching/pfarramt.jpg,False,0,True,True,0
1,65,10,wp-content/gallery/merching/skulptur-im-friedhof.jpg,False,0,True,True,0
1,1,11,wp-content/gallery/merching/an-der-paar.jpg,False,0,True,True,0
1,67,12,wp-content/gallery/merching/kapelle-st-margaretha011.jpg,False,0,True,True,0
1,3,13,wp-content/gallery/merching/felder-am-ortsrand.jpg,False,0,True,True,0
1,55,14,wp-content/gallery/merching/feuerwehr-merching.jpg,False,0,True,True,0
1,26,15,wp-content/gallery/merching/feuerwehrauto-merching.jpg,False,0,True,True,0
1,4,16,wp-content/gallery/merching/feuerwehrhaus-merching.jpg,False,1,True,True,0
1,56,17,wp-content/gallery/merching/grund-und-mittelschule.jpg,False,0,True,True,0
1,52,18,wp-content/gallery/merching/cimg1913.jpg,False,0,True,True,0
1,62,19,wp-content/gallery/merching/mehrzweckhalle.jpg,False,0,True,True,0
1,53,20,wp-content/gallery/merching/cimg1914.jpg,False,0,True,True,0
1,69,21,wp-content/gallery/merching/kirche-steinach-001.jpg,False,0,True,True,0
1,5,22,wp-content/gallery/merching/hochdorf.jpg,False,0,True,True,0
1,6,23,wp-content/gallery/merching/im-ort-merching.jpg,False,0,True,True,0
1,70,24,wp-content/gallery/merching/kapelle-und-kreuz008.jpg,False,0,True,True,0
1,7,25,wp-content/gallery/merching/kirche-hochdorf.jpg,False,0,True,True,0
1,8,26,wp-content/gallery/merching/kirche-merching.jpg,False,0,True,True,0
1,9,27,wp-content/gallery/merching/kirche-merching_2.jpg,False,0,True,True,0
1,10,28,wp-content/gallery/merching/kirche-merching_3.jpg,False,0,True,True,0
1,59,29,wp-content/gallery/merching/kirche-merching_0.jpg,False,0,True,True,0
1,13,30,wp-content/gallery/merching/kirchturmuhr-merching.jpg,False,0,True,True,0
1,12,31,wp-content/gallery/merching/kirche-steinach.jpg,False,0,True,True,0
1,15,32,wp-content/gallery/merching/mandicho-stausee_1.jpg,False,0,True,True,0
1,16,33,wp-content/gallery/merching/mandicho-stausee_2.jpg,False,0,True,True,0
1,17,34,wp-content/gallery/merching/merching2.jpg,False,0,True,True,0
1,18,35,wp-content/gallery/merching/rathaus-merching.jpg,False,0,True,True,0
1,19,36,wp-content/gallery/merching/rathaus-merching2.jpg,False,0,True,True,0
1,20,37,wp-content/gallery/merching/rathaus-merching3.jpg,False,0,True,True,0
1,21,38,wp-content/gallery/merching/rathaus-merching4.jpg,False,0,True,True,0
1,66,39,wp-content/gallery/merching/sprudelstein.jpg,False,0,True,True,0
1,22,40,wp-content/gallery/merching/saeule.jpg,False,0,True,True,0
1,23,41,wp-content/gallery/merching/schule-merching.jpg,False,0,True,True,0
1,24,42,wp-content/gallery/merching/segelboote-am-mandichosee.jpg,False,0,True,True,0
1,25,43,wp-content/gallery/merching/stausee.jpg,False,0,True,True,0
2,37,1,wp-content/gallery/naherholungsgebiet-mandichosee/merching_mandichosee_19.jpg,True,0,True,True,0
2,28,2,wp-content/gallery/naherholungsgebiet-mandichosee/merching_mandichosee_10.jpg,True,0,True,True,0
2,29,3,wp-content/gallery/naherholungsgebiet-mandichosee/merching_mandichosee_11.jpg,True,0,True,True,0
2,30,4,wp-content/gallery/naherholungsgebiet-mandichosee/merching_mandichosee_12.jpg,True,0,True,True,0
2,31,5,wp-content/gallery/naherholungsgebiet-mandichosee/merching_mandichosee_13.jpg,True,0,True,True,0
2,32,6,wp-content/gallery/naherholungsgebiet-mandichosee/merching_mandichosee_14.jpg,True,0,True,True,0
2,33,7,wp-content/gallery/naherholungsgebiet-mandichosee/merching_mandichosee_15.jpg,True,0,True,True,0
2,34,8,wp-content/gallery/naherholungsgebiet-mandichosee/merching_mandichosee_16.jpg,True,0,True,True,0
2,35,9,wp-content/gallery/naherholungsgebiet-mandichosee/merching_mandichosee_17.jpg,True,0,True,True,0
2,41,10,wp-content/gallery/naherholungsgebiet-mandichosee/merching_mandichosee_4.jpg,True,0,True,True,0
2,36,11,wp-content/gallery/naherholungsgebiet-mandichosee/merching_mandichosee_18.jpg,True,0,True,True,0
2,39,12,wp-content/gallery/naherholungsgebiet-mandichosee/merching_mandichosee_20.jpg,True,0,True,True,0
2,40,13,wp-content/gallery/naherholungsgebiet-mandichosee/merching_mandichosee_3.jpg,True,0,True,True,0
2,38,14,wp-content/gallery/naherholungsgebiet-mandichosee/merching_mandichosee_2.jpg,True,0,True,True,0
2,27,15,wp-content/gallery/naherholungsgebiet-mandichosee/merching_mandichosee_1.jpg,True,0,True,True,0
2,42,16,wp-content/gallery/naherholungsgebiet-mandichosee/merching_mandichosee_5.jpg,True,0,True,True,0
2,44,17,wp-content/gallery/naherholungsgebiet-mandichosee/merching_mandichosee_7.jpg,True,0,True,True,0
2,45,18,wp-content/gallery/naherholungsgebiet-mandichosee/merching_mandichosee_8.jpg,True,0,True,True,0
2,43,19,wp-content/gallery/naherholungsgebiet-mandichosee/merching_mandichosee_6.jpg,True,0,True,True,0
2,46,20,wp-content/gallery/naherholungsgebiet-mandichosee/merching_mandichosee_9.jpg,True,0,True,True,0
3,54,1,wp-content/gallery/gewerbegebiet-am-lerchenpark/cimg1915.jpg,False,0,True,True,0
3,47,2,wp-content/gallery/gewerbegebiet-am-lerchenpark/cimg1916.jpg,False,0,True,True,0
3,48,3,wp-content/gallery/gewerbegebiet-am-lerchenpark/cimg1917.jpg,False,0,True,True,0
3,49,4,wp-content/gallery/gewerbegebiet-am-lerchenpark/cimg1918.jpg,False,0,True,True,0
3,50,5,wp-content/gallery/gewerbegebiet-am-lerchenpark/cimg1919.jpg,False,0,True,True,0
3,51,6,wp-content/gallery/gewerbegebiet-am-lerchenpark/cimg1920.jpg,False,0,True,True,0
4,71,0,wp-content/gallery/sommerspass/mandicho-stausee_1.jpg,False,0,True,True,0
4,72,0,wp-content/gallery/sommerspass/mandicho-stausee_2.jpg,False,0,True,True,0
4,73,0,wp-content/gallery/sommerspass/segelboote-am-mandichosee.jpg,False,0,True,True,0
4,74,0,wp-content/gallery/sommerspass/stausee.jpg,False,0,True,True,0
5,84,0,wp-content/gallery/merchinger-advent/w-01.jpg,True,0,True,True,0
5,85,0,wp-content/gallery/merchinger-advent/w-02.jpg,True,0,True,True,0
5,86,0,wp-content/gallery/merchinger-advent/w-03.jpg,True,0,True,True,0
5,87,0,wp-content/gallery/merchinger-advent/w-04.jpg,True,0,True,True,0
5,88,0,wp-content/gallery/merchinger-advent/w-05.jpg,True,0,True,True,0
5,89,0,wp-content/gallery/merchinger-advent/w-06.jpg,True,0,True,True,0
5,90,0,wp-content/gallery/merchinger-advent/w-07.jpg,True,0,True,True,0
5,91,0,wp-content/gallery/merchinger-advent/w-08.jpg,True,0,True,True,0
5,92,0,wp-content/gallery/merchinger-advent/w-09.jpg,True,0,True,True,0
5,93,0,wp-content/gallery/merchinger-advent/w-10.jpg,True,0,True,True,0
5,94,0,wp-content/gallery/merchinger-advent/w-11.jpg,True,0,True,True,0
5,95,0,wp-content/gallery/merchinger-advent/w-12.jpg,True,0,True,True,0
5,96,0,wp-content/gallery/merchinger-advent/w-13.jpg,True,0,True,True,0
5,97,0,wp-content/gallery/merchinger-advent/w-14.jpg,True,0,True,True,0
5,98,0,wp-content/gallery/merchinger-advent/w-15.jpg,True,0,True,True,0
5,99,0,wp-content/gallery/merchinger-advent/w-16.jpg,True,0,True,True,0
5,100,0,wp-content/gallery/merchinger-advent/w-17.jpg,True,0,True,True,0
5,101,0,wp-content/gallery/merchinger-advent/w-18.jpg,True,0,True,True,0
5,102,0,wp-content/gallery/merchinger-advent/w-19.jpg,True,0,True,True,0
5,103,0,wp-content/gallery/merchinger-advent/w-20.jpg,True,0,True,True,0
5,104,0,wp-content/gallery/merchinger-advent/w-21.jpg,True,0,True,True,0
5,105,0,wp-content/gallery/merchinger-advent/w-22.jpg,True,0,True,True,0
5,106,0,wp-content/gallery/merchinger-advent/w-23.jpg,True,0,True,True,0
5,107,0,wp-content/gallery/merchinger-advent/w-24.jpg,True,0,True,True,0
5,108,0,wp-content/gallery/merchinger-advent/w-25.jpg,True,0,True,True,0
5,109,0,wp-content/gallery/merchinger-advent/w-26.jpg,True,0,True,True,0
5,110,0,wp-content/gallery/merchinger-advent/w-27.jpg,True,0,True,True,0
5,111,0,wp-content/gallery/merchinger-advent/w-28.jpg,True,0,True,True,0
5,112,0,wp-content/gallery/merchinger-advent/w-29.jpg,True,0,True,True,0
5,113,0,wp-content/gallery/merchinger-advent/w-30.jpg,True,0,True,True,0
5,114,0,wp-content/gallery/merchinger-advent/w-31.jpg,True,0,True,True,0
5,115,0,wp-content/gallery/merchinger-advent/w-32.jpg,True,0,True,True,0
5,116,0,wp-content/gallery/merchinger-advent/w-33.jpg,True,0,True,True,0
5,117,0,wp-content/gallery/merchinger-advent/w-34.jpg,True,0,True,True,0
5,118,0,wp-content/gallery/merchinger-advent/w-35.jpg,True,0,True,True,0
5,119,0,wp-content/gallery/merchinger-advent/w-36.jpg,True,0,True,True,0
5,120,0,wp-content/gallery/merchinger-advent/w-37.jpg,True,0,True,True,0
5,121,0,wp-content/gallery/merchinger-advent/w-38.jpg,True,0,True,True,0
5,122,0,wp-content/gallery/merchinger-advent/w-39.jpg,True,0,True,True,0
5,123,0,wp-content/gallery/merchinger-advent/w-40.jpg,True,0,True,True,0
5,124,0,wp-content/gallery/merchinger-advent/w-41.jpg,True,0,True,True,0
5,125,0,wp-content/gallery/merchinger-advent/w-42.jpg,True,0,True,True,0
5,126,0,wp-content/gallery/merchinger-advent/w-43.jpg,True,0,True,True,0
5,127,0,wp-content/gallery/merchinger-advent/w-44.jpg,True,0,True,True,0
5,128,0,wp-content/gallery/merchinger-advent/w-45.jpg,True,0,True,True,0
6,129,0,wp-content/gallery/2024-buergerball/6.JPG,True,0,True,True,0
6,130,0,wp-content/gallery/2024-buergerball/2.jpg,True,0,True,True,0
6,131,0,wp-content/gallery/2024-buergerball/3.JPG,True,0,True,True,0
6,132,0,wp-content/gallery/2024-buergerball/4.JPG,True,0,True,True,0
6,133,0,wp-content/gallery/2024-buergerball/1.JPG,True,0,True,True,0
6,134,0,wp-content/gallery/2024-buergerball/7.JPG,True,0,True,True,0
6,135,0,wp-content/gallery/2024-buergerball/8.JPG,True,0,True,True,0
6,136,0,wp-content/gallery/2024-buergerball/11.JPG,True,0,True,True,0
6,137,0,wp-content/gallery/2024-buergerball/10.JPG,True,0,True,True,0
6,138,0,wp-content/gallery/2024-buergerball/9.JPG,True,0,True,True,0
6,139,0,wp-content/gallery/2024-buergerball/12.JPG,True,0,True,True,0
6,140,0,wp-content/gallery/2024-buergerball/13.JPG,True,0,True,True,0
6,141,0,wp-content/gallery/2024-buergerball/14.JPG,True,0,True,True,0
6,142,0,wp-content/gallery/2024-buergerball/15.JPG,True,0,True,True,0
6,143,0,wp-content/gallery/2024-buergerball/16.JPG,True,0,True,True,0
6,144,0,wp-content/gallery/2024-buergerball/21.jpg,True,0,True,True,0
6,145,0,wp-content/gallery/2024-buergerball/20.JPG,True,0,True,True,0
6,146,0,wp-content/gallery/2024-buergerball/18.JPG,True,0,True,True,0
6,147,0,wp-content/gallery/2024-buergerball/19.JPG,True,0,True,True,0
6,148,0,wp-content/gallery/2024-buergerball/17.JPG,True,0,True,True,0
6,149,0,wp-content/gallery/2024-buergerball/DSC07311.JPG,True,0,True,True,0
6,150,0,wp-content/gallery/2024-buergerball/DSC07298.JPG,True,0,True,True,0
6,151,0,wp-content/gallery/2024-buergerball/DSC07299.JPG,True,0,True,True,0
6,152,0,wp-content/gallery/2024-buergerball/DSC07315.JPG,True,0,True,True,0
6,153,0,wp-content/gallery/2024-buergerball/DSC07310.JPG,True,0,True,True,0
6,154,0,wp-content/gallery/2024-buergerball/DSC07309.JPG,True,0,True,True,0
6,155,0,wp-content/gallery/2024-buergerball/DSC07317.JPG,True,0,True,True,0
6,156,0,wp-content/gallery/2024-buergerball/DSC07318.JPG,True,0,True,True,0
6,157,0,wp-content/gallery/2024-buergerball/DSC07320.JPG,True,0,True,True,0
6,158,0,wp-content/gallery/2024-buergerball/DSC07319.JPG,True,0,True,True,0
6,159,0,wp-content/gallery/2024-buergerball/DSC07321.JPG,True,0,True,True,0
6,160,0,wp-content/gallery/2024-buergerball/DSC07325.JPG,False,0,True,True,0
6,161,0,wp-content/gallery/2024-buergerball/DSC07322.JPG,True,0,True,True,0
6,162,0,wp-content/gallery/2024-buergerball/DSC07333.JPG,True,0,True,True,0
6,163,0,wp-content/gallery/2024-buergerball/DSC07336.JPG,True,0,True,True,0
6,164,0,wp-content/gallery/2024-buergerball/DSC07337.JPG,True,0,True,True,0
6,165,0,wp-content/gallery/2024-buergerball/DSC07342.JPG,True,0,True,True,0
6,166,0,wp-content/gallery/2024-buergerball/DSC07351.JPG,True,0,True,True,0
6,167,0,wp-content/gallery/2024-buergerball/DSC07346.JPG,True,0,True,True,0
6,168,0,wp-content/gallery/2024-buergerball/DSC07338.JPG,True,0,True,True,0
6,169,0,wp-content/gallery/2024-buergerball/DSC07356.JPG,True,0,True,True,0
6,170,0,wp-content/gallery/2024-buergerball/DSC07358.JPG,True,0,True,True,0
6,171,0,wp-content/gallery/2024-buergerball/DSC07359.JPG,True,0,True,True,0
6,172,0,wp-content/gallery/2024-buergerball/DSC07361.JPG,True,0,True,True,0
6,173,0,wp-content/gallery/2024-buergerball/DSC07362.JPG,True,0,True,True,0
6,174,0,wp-content/gallery/2024-buergerball/DSC07365.JPG,True,0,True,True,0
6,175,0,wp-content/gallery/2024-buergerball/DSC07364.JPG,True,0,True,True,0
6,176,0,wp-content/gallery/2024-buergerball/DSC07367.JPG,True,0,True,True,0
6,177,0,wp-content/gallery/2024-buergerball/DSC07366.JPG,True,0,True,True,0
6,178,0,wp-content/gallery/2024-buergerball/DSC07369.JPG,True,0,True,True,0
6,179,0,wp-content/gallery/2024-buergerball/DSC07370.JPG,True,0,True,True,0
6,180,0,wp-content/gallery/2024-buergerball/DSC07410.JPG,True,0,True,True,0
6,181,0,wp-content/gallery/2024-buergerball/DSC07405.JPG,True,0,True,True,0
6,182,0,wp-content/gallery/2024-buergerball/DSC07408.JPG,True,0,True,True,0
6,183,0,wp-content/gallery/2024-buergerball/DSC07409.JPG,True,0,True,True,0
6,184,0,wp-content/gallery/2024-buergerball/DSC07407.JPG,True,0,True,True,0
6,185,0,wp-content/gallery/2024-buergerball/DSC07406.JPG,True,0,True,True,0
6,186,0,wp-content/gallery/2024-buergerball/DSC07411.JPG,True,0,True,True,0
6,187,0,wp-content/gallery/2024-buergerball/DSC07413.JPG,True,0,True,True,0
6,188,0,wp-content/gallery/2024-buergerball/DSC07419.JPG,True,0,True,True,0
6,189,0,wp-content/gallery/2024-buergerball/DSC07415.JPG,True,0,True,True,0
6,190,0,wp-content/gallery/2024-buergerball/DSC07416.JPG,True,0,True,True,0
6,191,0,wp-content/gallery/2024-buergerball/DSC07418.JPG,True,0,True,True,0
6,192,0,wp-content/gallery/2024-buergerball/DSC07423.JPG,True,0,True,True,0
6,193,0,wp-content/gallery/2024-buergerball/DSC07435.JPG,True,0,True,True,0
6,194,0,wp-content/gallery/2024-buergerball/DSC07438.JPG,True,0,True,True,0
6,195,0,wp-content/gallery/2024-buergerball/DSC07449.JPG,True,0,True,True,0
6,196,0,wp-content/gallery/2024-buergerball/DSC07371.JPG,True,0,True,True,0
6,197,0,wp-content/gallery/2024-buergerball/DSC07444.JPG,True,0,True,True,0
6,198,0,wp-content/gallery/2024-buergerball/DSC07450.JPG,True,0,True,True,0
6,199,0,wp-content/gallery/2024-buergerball/DSC07374.JPG,True,0,True,True,0
6,200,0,wp-content/gallery/2024-buergerball/DSC07382.JPG,True,0,True,True,0
6,201,0,wp-content/gallery/2024-buergerball/DSC07386.JPG,True,0,True,True,0
6,202,0,wp-content/gallery/2024-buergerball/DSC07387.JPG,True,0,True,True,0
6,203,0,wp-content/gallery/2024-buergerball/DSC07389.JPG,True,0,True,True,0
6,204,0,wp-content/gallery/2024-buergerball/DSC07388.JPG,True,0,True,True,0
6,205,0,wp-content/gallery/2024-buergerball/DSC07393.JPG,True,0,True,True,0
6,206,0,wp-content/gallery/2024-buergerball/DSC07394.JPG,True,0,True,True,0
6,207,0,wp-content/gallery/2024-buergerball/DSC07390.JPG,True,0,True,True,0
6,208,0,wp-content/gallery/2024-buergerball/DSC07395.JPG,True,0,True,True,0
6,209,0,wp-content/gallery/2024-buergerball/DSC07398.JPG,True,0,True,True,0
6,210,0,wp-content/gallery/2024-buergerball/DSC07400.JPG,True,0,True,True,0
6,211,0,wp-content/gallery/2024-buergerball/DSC07404.JPG,True,0,True,True,0
6,212,0,wp-content/gallery/2024-buergerball/DSC07401.JPG,True,0,True,True,0
6,213,0,wp-content/gallery/2024-buergerball/DSC07476.JPG,True,0,True,True,0
6,214,0,wp-content/gallery/2024-buergerball/DSC07481.JPG,True,0,True,True,0
6,215,0,wp-content/gallery/2024-buergerball/DSC07482.JPG,True,0,True,True,0
6,216,0,wp-content/gallery/2024-buergerball/DSC07480.JPG,True,0,True,True,0
6,217,0,wp-content/gallery/2024-buergerball/DSC07484.JPG,True,0,True,True,0
6,218,0,wp-content/gallery/2024-buergerball/DSC07473.JPG,True,0,True,True,0
6,219,0,wp-content/gallery/2024-buergerball/DSC07488.JPG,True,0,True,True,0
6,220,0,wp-content/gallery/2024-buergerball/DSC07486.JPG,True,0,True,True,0
6,221,0,wp-content/gallery/2024-buergerball/DSC07492.JPG,True,0,True,True,0
6,222,0,wp-content/gallery/2024-buergerball/DSC07491.JPG,True,0,True,True,0
6,223,0,wp-content/gallery/2024-buergerball/DSC07493.JPG,True,0,True,True,0
6,224,0,wp-content/gallery/2024-buergerball/DSC07490.JPG,True,0,True,True,0
6,225,0,wp-content/gallery/2024-buergerball/DSC07489.JPG,True,0,True,True,0
6,226,0,wp-content/gallery/2024-buergerball/DSC07494.JPG,True,0,True,True,0
6,227,0,wp-content/gallery/2024-buergerball/DSC07496.JPG,True,0,True,True,0
6,228,0,wp-content/gallery/2024-buergerball/DSC07502.JPG,True,0,True,True,0
6,229,0,wp-content/gallery/2024-buergerball/DSC07497.JPG,True,0,True,True,0
6,230,0,wp-content/gallery/2024-buergerball/DSC07503.JPG,True,0,True,True,0
6,231,0,wp-content/gallery/2024-buergerball/DSC07504.JPG,True,0,True,True,0
6,232,0,wp-content/gallery/2024-buergerball/DSC07505.JPG,True,0,True,True,0
6,233,0,wp-content/gallery/2024-buergerball/DSC07508.JPG,True,0,True,True,0
6,234,0,wp-content/gallery/2024-buergerball/DSC07521.JPG,True,0,True,True,0
6,235,0,wp-content/gallery/2024-buergerball/DSC07506.JPG,True,0,True,True,0
6,236,0,wp-content/gallery/2024-buergerball/DSC07524.JPG,True,0,True,True,0
6,237,0,wp-content/gallery/2024-buergerball/DSC07522.JPG,True,0,True,True,0
6,238,0,wp-content/gallery/2024-buergerball/DSC07525.JPG,True,0,True,True,0
6,239,0,wp-content/gallery/2024-buergerball/DSC07451.JPG,True,0,True,True,0
6,240,0,wp-content/gallery/2024-buergerball/DSC07452.JPG,True,0,True,True,0
6,241,0,wp-content/gallery/2024-buergerball/DSC07455.JPG,True,0,True,True,0
6,242,0,wp-content/gallery/2024-buergerball/DSC07454.JPG,True,0,True,True,0
6,243,0,wp-content/gallery/2024-buergerball/DSC07458.JPG,True,0,True,True,0
6,244,0,wp-content/gallery/2024-buergerball/DSC07456.JPG,True,0,True,True,0
6,245,0,wp-content/gallery/2024-buergerball/DSC07453.JPG,True,0,True,True,0
6,246,0,wp-content/gallery/2024-buergerball/DSC07460.JPG,True,0,True,True,0
6,247,0,wp-content/gallery/2024-buergerball/DSC07462.JPG,True,0,True,True,0
6,248,0,wp-content/gallery/2024-buergerball/DSC07461.JPG,True,0,True,True,0
6,249,0,wp-content/gallery/2024-buergerball/DSC07463.JPG,True,0,True,True,0
6,250,0,wp-content/gallery/2024-buergerball/DSC07466.JPG,True,0,True,True,0
6,251,0,wp-content/gallery/2024-buergerball/DSC07465.JPG,True,0,True,True,0
6,252,0,wp-content/gallery/2024-buergerball/DSC07464.JPG,True,0,True,True,0
6,253,0,wp-content/gallery/2024-buergerball/DSC07467.JPG,True,0,True,True,0
6,254,0,wp-content/gallery/2024-buergerball/DSC07468.JPG,True,0,True,True,0
6,255,0,wp-content/gallery/2024-buergerball/DSC07469.JPG,True,0,True,True,0
6,256,0,wp-content/gallery/2024-buergerball/DSC07470.JPG,True,0,True,True,0
6,257,0,wp-content/gallery/2024-buergerball/DSC07471.JPG,True,0,True,True,0
7,258,0,wp-content/gallery/2024-krippenweg/1.jpg,True,0,True,True,0
7,259,0,wp-content/gallery/2024-krippenweg/5.jpg,True,0,True,True,0
7,260,0,wp-content/gallery/2024-krippenweg/20240106_125929-002.jpg,True,0,True,True,0
7,261,0,wp-content/gallery/2024-krippenweg/3.jpg,True,0,True,True,0
7,262,0,wp-content/gallery/2024-krippenweg/4.jpg,True,0,True,True,0
7,263,0,wp-content/gallery/2024-krippenweg/20240106_130139.jpg,True,0,True,True,0
7,264,0,wp-content/gallery/2024-krippenweg/2.jpg,True,0,True,True,0
7,265,0,wp-content/gallery/2024-krippenweg/1a.jpg,True,0,True,True,0
7,266,0,wp-content/gallery/2024-krippenweg/20240106_131203.jpg,True,0,True,True,0
7,267,0,wp-content/gallery/2024-krippenweg/20240106_132326.jpg,True,0,True,True,0
7,268,0,wp-content/gallery/2024-krippenweg/20240106_143634.jpg,True,0,True,True,0
7,269,0,wp-content/gallery/2024-krippenweg/20240106_144202.jpg,True,0,True,True,0
7,270,0,wp-content/gallery/2024-krippenweg/20240106_144551.jpg,True,0,True,True,0
7,271,0,wp-content/gallery/2024-krippenweg/20240106_144956.jpg,True,0,True,True,0
7,272,0,wp-content/gallery/2024-krippenweg/20240106_145607.jpg,True,0,True,True,0
7,273,0,wp-content/gallery/2024-krippenweg/20240106_145613.jpg,True,0,True,True,0
7,274,0,wp-content/gallery/2024-krippenweg/20240106_145631.jpg,True,0,True,True,0
7,275,0,wp-content/gallery/2024-krippenweg/20240106_143920.jpg,True,0,True,True,0
7,276,0,wp-content/gallery/2024-krippenweg/20240106_143503.jpg,True,0,True,True,0
7,277,0,wp-content/gallery/2024-krippenweg/20240106_145755.jpg,True,0,True,True,0
7,278,0,wp-content/gallery/2024-krippenweg/20240106_145733.jpg,True,0,True,True,0
7,279,0,wp-content/gallery/2024-krippenweg/20240106_150209.jpg,True,0,True,True,0
7,280,0,wp-content/gallery/2024-krippenweg/20240106_145812.jpg,True,0,True,True,0
7,281,0,wp-content/gallery/2024-krippenweg/20240106_151238.jpg,True,0,True,True,0
7,282,0,wp-content/gallery/2024-krippenweg/20240106_151752.jpg,True,0,True,True,0
7,283,0,wp-content/gallery/2024-krippenweg/20240106_152846.jpg,True,0,True,True,0
7,284,0,wp-content/gallery/2024-krippenweg/20240106_150651.jpg,True,0,True,True,0
7,285,0,wp-content/gallery/2024-krippenweg/20240106_153315.jpg,True,0,True,True,0
7,286,0,wp-content/gallery/2024-krippenweg/20240106_154337.jpg,True,0,True,True,0
7,287,0,wp-content/gallery/2024-krippenweg/20240106_154756.jpg,True,0,True,True,0
7,288,0,wp-content/gallery/2024-krippenweg/20240106_155536.jpg,True,0,True,True,0
7,289,0,wp-content/gallery/2024-krippenweg/20240106_160640.jpg,True,0,True,True,0
7,290,0,wp-content/gallery/2024-krippenweg/20240106_160205.jpg,True,0,True,True,0
7,291,0,wp-content/gallery/2024-krippenweg/20240106_160521.jpg,True,0,True,True,0
7,292,0,wp-content/gallery/2024-krippenweg/20240106_161511.jpg,True,0,True,True,0
7,293,0,wp-content/gallery/2024-krippenweg/20240106_160450.jpg,True,0,True,True,0
8,296,1,wp-content/gallery/2025-adventsfenster/Fenster-1.JPG,True,0,True,False,0
8,294,2,wp-content/gallery/2025-adventsfenster/Fenster-2.JPG,True,0,True,False,0
8,295,3,wp-content/gallery/2025-adventsfenster/Fenster-3.JPG,True,0,True,False,0
8,302,4,wp-content/gallery/2025-adventsfenster/Fenster-4.JPG,True,0,True,False,0
8,300,5,wp-content/gallery/2025-adventsfenster/Fenster-5.JPG,True,0,True,False,0
8,301,6,wp-content/gallery/2025-adventsfenster/Fenster-6.JPG,True,0,True,False,0
8,297,7,wp-content/gallery/2025-adventsfenster/Fenster-7.JPG,True,0,True,False,0
8,298,8,wp-content/gallery/2025-adventsfenster/Fenster-8.JPG,True,0,True,False,0
8,299,9,wp-content/gallery/2025-adventsfenster/Fenster-9.JPG,True,0,True,False,0
8,305,10,wp-content/gallery/2025-adventsfenster/Fenster-10.JPG,True,0,True,False,0
8,304,11,wp-content/gallery/2025-adventsfenster/Fenster-11.JPG,True,0,True,False,0
8,303,12,wp-content/gallery/2025-adventsfenster/Fenster-12.JPG,True,0,True,False,0
8,307,13,wp-content/gallery/2025-adventsfenster/Fenster-13.JPG,True,0,True,False,0
8,306,14,wp-content/gallery/2025-adventsfenster/Fenster-14.JPG,True,0,True,False,0
8,308,15,wp-content/gallery/2025-adventsfenster/Fenster-15.JPG,True,0,True,False,0
8,309,16,wp-content/gallery/2025-adventsfenster/Fenster-16.JPG,True,0,True,False,0
8,311,17,wp-content/gallery/2025-adventsfenster/Fenster-17.JPG,True,0,True,False,0
8,310,18,wp-content/gallery/2025-adventsfenster/Fenster-18.JPG,True,0,True,False,0
8,312,19,wp-content/gallery/2025-adventsfenster/Fenster-19.JPG,True,0,True,False,0
8,313,20,wp-content/gallery/2025-adventsfenster/Fenster-20.JPG,True,0,True,False,0
8,314,21,wp-content/gallery/2025-adventsfenster/Fenster-21-Kerzenlichtstunde.JPG,True,0,True,False,0
8,315,22,wp-content/gallery/2025-adventsfenster/Fenster-22.JPG,True,0,True,False,0
8,316,23,wp-content/gallery/2025-adventsfenster/Fenster-23.JPG,True,0,True,False,0
8,317,24,wp-content/gallery/2025-adventsfenster/Fenster-24-Hirtenfeuer.JPG,True,0,True,False,0
