source_url,target_url,kind
http://www.gemeinde-merching.de/buergerservice/downloads/,https://www.wpdownloadmanager.com/,link
http://www.gemeinde-merching.de/buergerservice/lebenslagen/eheschliessung,https://www.wpdownloadmanager.com/,link
http://www.gemeinde-merching.de/buergerservice/lebenslagen/eheschliessung/,https://www.wpdownloadmanager.com/,link
http://www.gemeinde-merching.de/buergerservice/lebenslagen/ein-umzug-steht-bevor/,https://www.wpdownloadmanager.com/,link
http://www.gemeinde-merching.de/buergerservice/lebenslagen/fuehrungszeugnis-auskunft-aus-dem-gewerbezentralregister/,https://www.fuehrungszeugnis.bund.de/,link
http://www.gemeinde-merching.de/buergerservice/lebenslagen/fuehrungszeugnis-auskunft-aus-dem-gewerbezentralregister/,https://www.wpdownloadmanager.com/,link
http://www.gemeinde-merching.de/buergerservice/lebenslagen/personalausweis/,http://formular-server.de/AIC_FS/findform?shortname=juePAS4001511102401&formtecid=2&areashortname=Merching,link
http://www.gemeinde-merching.de/buergerservice/lebenslagen/personalausweis/,http://www.personalausweisportal.de,link
http://www.gemeinde-merching.de/buergerservice/lebenslagen/personalausweis/,https://www.wpdownloadmanager.com/,link
http://www.gemeinde-merching.de/buergerservice/lebenslagen/reisepass/,http://formular-server.de/AIC_FS/findform?shortname=juePAS4001511102401&formtecid=2&areashortname=Merching,link
http://www.gemeinde-merching.de/buergerservice/lebenslagen/reisepass/,https://www.auswaertiges-amt.de/de/ReiseUndSicherheit/reise-und-sicherheitshinweise,link
http://www.gemeinde-merching.de/buergerservice/lebenslagen/reisepass/,https://www.wpdownloadmanager.com/,link
http://www.gemeinde-merching.de/buergerservice/lebenslagen/wertstoffsammlung/,https://www.wpdownloadmanager.com/,link
https://www.gemeinde-merching.de/,https://www.wpdownloadmanager.com/,link
https://www.gemeinde-merching.de/10917-2/,https://www.wpdownloadmanager.com/,link
https://www.gemeinde-merching.de/6807/,https://www.wpdownloadmanager.com/,link
https://www.gemeinde-merching.de/6808/,https://www.wpdownloadmanager.com/,link
https://www.gemeinde-merching.de/6809/,https://www.wpdownloadmanager.com/,link
https://www.gemeinde-merching.de/6810/,https://www.wpdownloadmanager.com/,link
https://www.gemeinde-merching.de/6811/,https://www.wpdownloadmanager.com/,link
https://www.gemeinde-merching.de/6812/,https://www.wpdownloadmanager.com/,link
https://www.gemeinde-merching.de/6813/,https://www.wpdownloadmanager.com/,link
https://www.gemeinde-merching.de/6814/,https://www.wpdownloadmanager.com/,link
https://www.gemeinde-merching.de/6815/,https://www.wpdownloadmanager.com/,link
https://www.gemeinde-merching.de/6817/,https://www.wpdownloadmanager.com/,link
https://www.gemeinde-merching.de/6819/,https://www.wpdownloadmanager.com/,link
https://www.gemeinde-merching.de/6820/,https://www.wpdownloadmanager.com/,link
https://www.gemeinde-merching.de/6821/,https://www.wpdownloadmanager.com/,link
https://www.gemeinde-merching.de/6822/,https://www.wpdownloadmanager.com/,link
https://www.gemeinde-merching.de/6823/,https://www.wpdownloadmanager.com/,link
https://www.gemeinde-merching.de/6824/,https://www.wpdownloadmanager.com/,link
https://www.gemeinde-merching.de/6825/,https://www.wpdownloadmanager.com/,link
https://www.gemeinde-merching.de/6826/,https://www.wpdownloadmanager.com/,link
https://www.gemeinde-merching.de/6827/,https://www.wpdownloadmanager.com/,link
https://www.gemeinde-merching.de/6828/,https://www.wpdownloadmanager.com/,link
https://www.gemeinde-merching.de/6829/,https://www.wpdownloadmanager.com/,link
https://www.gemeinde-merching.de/6830/,https://www.wpdownloadmanager.com/,link
https://www.gemeinde-merching.de/6831/,https://www.wpdownloadmanager.com/,link
https://www.gemeinde-merching.de/6832/,https://www.wpdownloadmanager.com/,link
https://www.gemeinde-merching.de/6834/,https://www.wpdownloadmanager.com/,link
https://www.gemeinde-merching.de/6835/,https://www.wpdownloadmanager.com/,link
https://www.gemeinde-merching.de/6836/,https://www.wpdownloadmanager.com/,link
https://www.gemeinde-merching.de/6837/,https://www.wpdownloadmanager.com/,link
https://www.gemeinde-merching.de/6838/,https://www.wpdownloadmanager.com/,link
https://www.gemeinde-merching.de/6840/,https://www.wpdownloadmanager.com/,link
https://www.gemeinde-merching.de/6841/,https://www.wpdownloadmanager.com/,link
https://www.gemeinde-merching.de/6842/,https://www.wpdownloadmanager.com/,link
https://www.gemeinde-merching.de/6843/,https://www.wpdownloadmanager.com/,link
https://www.gemeinde-merching.de/6844/,https://www.wpdownloadmanager.com/,link
https://www.gemeinde-merching.de/6845/,https://www.wpdownloadmanager.com/,link
https://www.gemeinde-merching.de/6855/,https://www.wpdownloadmanager.com/,link
https://www.gemeinde-merching.de/6856/,https://www.wpdownloadmanager.com/,link
https://www.gemeinde-merching.de/6857/,https://www.wpdownloadmanager.com/,link
https://www.gemeinde-merching.de/6858/,https://www.wpdownloadmanager.com/,link
https://www.gemeinde-merching.de/6859/,https://www.wpdownloadmanager.com/,link
https://www.gemeinde-merching.de/6860/,https://www.wpdownloadmanager.com/,link
https://www.gemeinde-merching.de/6865/,https://www.wpdownloadmanager.com/,link
https://www.gemeinde-merching.de/6866/,https://www.wpdownloadmanager.com/,link
https://www.gemeinde-merching.de/6868/,https://www.wpdownloadmanager.com/,link
https://www.gemeinde-merching.de/6869/,https://www.wpdownloadmanager.com/,link
https://www.gemeinde-merching.de/6870/,https://www.wpdownloadmanager.com/,link
https://www.gemeinde-merching.de/6871/,https://www.wpdownloadmanager.com/,link
https://www.gemeinde-merching.de/9231/,https://www.wpdownloadmanager.com/,link
https://www.gemeinde-merching.de/9644/,https://www.wpdownloadmanager.com/,link
https://www.gemeinde-merching.de/?attachment_id=5810,https://www.wpdownloadmanager.com/,link
https://www.gemeinde-merching.de/?attachment_id=8815,https://lra-aic-fdb.de/landkreis/klimaschutz/termine-klimaschutz,link
https://www.gemeinde-merching.de/?attachment_id=8815,https://www.wpdownloadmanager.com/,link
https://www.gemeinde-merching.de/?attachment_id=8817,https://lra-aic-fdb.de/landkreis/klimaschutz/termine-klimaschutz,link
https://www.gemeinde-merching.de/?attachment_id=8817,https://www.wpdownloadmanager.com/,link
https://www.gemeinde-merching.de/?attachment_id=8818,http://www.lra-aic-fdb.de/pflegestuetzpunkt,link
https://www.gemeinde-merching.de/?attachment_id=8818,https://www.wpdownloadmanager.com/,link
https://www.gemeinde-merching.de/?attachment_id=8819,http://wittelsbacherland.de/,link
https://www.gemeinde-merching.de/?attachment_id=8819,https://www.wpdownloadmanager.com/,link
https://www.gemeinde-merching.de/?p=5152&post_type=encyclopedia,https://www.wpdownloadmanager.com/,link
https://www.gemeinde-merching.de/?p=5157&post_type=encyclopedia,https://www.wpdownloadmanager.com/,link
https://www.gemeinde-merching.de/?wpdmdl=8722,https://fonts.googleapis.com/css2?family=Sen,asset
https://www.gemeinde-merching.de/abschaffung-des-kinderreisepasses-zum-1-januar-2024/,http://www.bmi.bund.de/SharedDocs/faqs/DE/themen/moderne-verwaltung/reisepass/reisepass-faq.html;jsessionid=A489678D680A51F3181F3EF0DF1F72BA.1_cid504,link
https://www.gemeinde-merching.de/abschaffung-des-kinderreisepasses-zum-1-januar-2024/,https://www.wpdownloadmanager.com/,link
https://www.gemeinde-merching.de/abschaffung-kinderreisepass-zum-01-01-2024/,https://www.wpdownloadmanager.com/,link
https://www.gemeinde-merching.de/aenderungen-am-grundbesitz-dem-finanzamt-anzeigen/,https://www.wpdownloadmanager.com/,link
https://www.gemeinde-merching.de/aktuelles/,https://www.wpdownloadmanager.com/,link
https://www.gemeinde-merching.de/aktuelles/aus-dem-rathaus/,https://www.wpdownloadmanager.com/,link
https://www.gemeinde-merching.de/aktuelles/aus-merching/,https://www.wpdownloadmanager.com/,link
https://www.gemeinde-merching.de/aktuelles/ausschreibungen/,https://www.wpdownloadmanager.com/,link
https://www.gemeinde-merching.de/aktuelles/fundsachen/,https://www.wpdownloadmanager.com/,link
https://www.gemeinde-merching.de/aktuelles/landratsamt-andere-behoerden/,https://www.wpdownloadmanager.com/,link
https://www.gemeinde-merching.de/aktuelles/oeffentliche-bekanntmachungen/,https://www.wpdownloadmanager.com/,link
https://www.gemeinde-merching.de/aktuelles/stellenanzeigen/,https://www.wpdownloadmanager.com/,link
https://www.gemeinde-merching.de/alle-downloads/,https://www.wpdownloadmanager.com/,link
https://www.gemeinde-merching.de/amtsblatt-landkreis-aichach-friedberg-06-2026-jahrgang-81/,https://www.wpdownloadmanager.com/,link
https://www.gemeinde-merching.de/amtsblatt-nr-01-2023-der-regierung-von-schwaben/,https://www.wpdownloadmanager.com/,link
https://www.gemeinde-merching.de/author/aumiller/,https://www.wpdownloadmanager.com/,link
https://www.gemeinde-merching.de/author/aumiller/page/2/,https://www.wpdownloadmanager.com/,link
https://www.gemeinde-merching.de/author/aumiller/page/3/,https://www.wpdownloadmanager.com/,link
https://www.gemeinde-merching.de/author/aumiller/page/4/,https://www.wpdownloadmanager.com/,link
https://www.gemeinde-merching.de/author/aumiller/page/5/,https://www.wpdownloadmanager.com/,link
https://www.gemeinde-merching.de/author/hagen/,https://www.wpdownloadmanager.com/,link
https://www.gemeinde-merching.de/balkonkraftwerk-o-klassiche-photovoltaikanlage-sonnenstrom-fuer-jeden-bedarf/,https://www.wpdownloadmanager.com/,link
https://www.gemeinde-merching.de/bekanntmachung-beschwerdeausschuss/,https://www.wpdownloadmanager.com/,link
https://www.gemeinde-merching.de/bekanntmachung-der-beitrags-und-gebuehrensatzung-zur-entwaesserungssatzung-der-gemeinde-merching-v-12-12-2025/,https://www.wpdownloadmanager.com/,link
https://www.gemeinde-merching.de/bekanntmachung-der-beitrags-und-gebuehrensatzung-zur-wasserabgabesatzung-der-gemeinde-merching-v-12-12-2025/,https://www.wpdownloadmanager.com/,link
https://www.gemeinde-merching.de/bekanntmachung-des-abschliessenden-ergebnisses-der-wahl-des-ersten-buergermeisters-am-08-maerz-2026/,https://www.wpdownloadmanager.com/,link
https://www.gemeinde-merching.de/bekanntmachung-des-abschliessenden-ergebnisses-der-wahl-des-gemeinderats-am-08-maerz-2026/,https://www.wpdownloadmanager.com/,link
https://www.gemeinde-merching.de/bekanntmachung-fuer-den-eroerterungstermin-licca-liber-i/,https://www.wpdownloadmanager.com/,link
https://www.gemeinde-merching.de/bekanntmachung-grundsteuer-und-hundesteuer-2025/,https://www.wpdownloadmanager.com/,link
https://www.gemeinde-merching.de/bekanntmachung-kostensatzung/,https://www.wpdownloadmanager.com/,link
https://www.gemeinde-merching.de/bekanntmachung-ueber-die-aufforderung-zur-einreichung-von-wahlvorschlaegen-fuer-die-wahl-des-gemeinderats-und-der-ersten-buergermeisterin-des-ersten-buergermeisters/,https://www.wpdownloadmanager.com/,link
https://www.gemeinde-merching.de/bekanntmachung-ueber-die-eintragungsmoeglichkeiten-in-unterstuetzungslisten/,https://www.wpdownloadmanager.com/,link
https://www.gemeinde-merching.de/bekanntmachung-v-12-05-2026-vergabe-von-gemeindlichen-wohnbaugrundstuecken/,https://www.baupilot.com/,link
https://www.gemeinde-merching.de/bekanntmachung-v-12-05-2026-vergabe-von-gemeindlichen-wohnbaugrundstuecken/,https://www.wpdownloadmanager.com/,link
https://www.gemeinde-merching.de/bekanntmachungen-zur-1-aenderung-des-bebauungsplanes-nr-34-oestlich-der-nebelhornstrasse/,https://www.wpdownloadmanager.com/,link
https://www.gemeinde-merching.de/blaualgen-tychonema-am-mandichosee/,https://www.wpdownloadmanager.com/,link
https://www.gemeinde-merching.de/bodenrichtwerte-ab-01-01-2026/,https://www.wpdownloadmanager.com/,link
https://www.gemeinde-merching.de/brunnenregenerierung-abgeschlossen/,https://www.wpdownloadmanager.com/,link
https://www.gemeinde-merching.de/buergerservice/,https://www.wpdownloadmanager.com/,link
https://www.gemeinde-merching.de/buergerservice/alle-downloads-in-der-uebersicht/,https://www.wpdownloadmanager.com/,link
https://www.gemeinde-merching.de/buergerservice/buergerservice-von-a-z/,http://www.kindergarten-merching.de/,link
https://www.gemeinde-merching.de/buergerservice/buergerservice-von-a-z/,http://www.schulen-merching.de/,link
https://www.gemeinde-merching.de/buergerservice/buergerservice-von-a-z/,https://abfallwirtschaft.lra-aic-fdb.de/,link
https://www.gemeinde-merching.de/buergerservice/buergerservice-von-a-z/,https://buergerauskunft.zemaonline.de/bgausk/,link
https://www.gemeinde-merching.de/buergerservice/buergerservice-von-a-z/,https://energieportal.bayernwerk.de/schadensmelder/reporting/09771145,link
https://www.gemeinde-merching.de/buergerservice/buergerservice-von-a-z/,https://www.buergerservice-portal.de/bayern/merching/bsp_ewo_briefwahl,link
https://www.gemeinde-merching.de/buergerservice/buergerservice-von-a-z/,https://www.buergerservice-portal.de/bayern/merching/bsp_fis_webablesung,link
https://www.gemeinde-merching.de/buergerservice/buergerservice-von-a-z/,https://www.umweltpakt.bayern.de/laerm/faq/353/laermschutz-ruhezeiten-in-wohngebieten,link
https://www.gemeinde-merching.de/buergerservice/buergerservice-von-a-z/,https://www.wpdownloadmanager.com/,link
https://www.gemeinde-merching.de/buergerservice/buergerserviceportal/,https://www.buergerservice-portal.de/bayern/merching/,link
https://www.gemeinde-merching.de/buergerservice/buergerserviceportal/,https://www.wpdownloadmanager.com/,link
https://www.gemeinde-merching.de/buergerservice/downloads/,https://www.wpdownloadmanager.com/,link
https://www.gemeinde-merching.de/buergerservice/flaechennutzungsplan-bebauungsplaene/,https://geoportal.lra-aic-fdb.de/?state=%5B%5B%5B10.977417%2C48.217277%2C5346.34%5D%2C%5B10.977346%2C48.244422%2C516.36%5D%2C5696.24%2C359.9%2C-58%2C0%5D%2C%22CesiumMap%22%2C%5B%227ca6ad40-70d1-4f88-8794-c983fa6a1dfa%22%2C%22a866ad47-7ed7-478d-b9b2-500ceb48af51%22%2C%22540069b9-c5bb-4375-a6a6-a14aacd44829%22%5D%2C%5B%5B%22Rechtskr%C3%A4ftige+Bebauungspl%C3%A4ne%22%2C1%2C0%5D%2C%5B%22Satzungen%22%2C1%2C0%5D%5D%2C%5B%5D%2C0%2C%5B%5D%5D,link
https://www.gemeinde-merching.de/buergerservice/flaechennutzungsplan-bebauungsplaene/,https://www.wpdownloadmanager.com/,link
https://www.gemeinde-merching.de/buergerservice/formulare/,http://formular-server.de/AIC_FS/findform?shortname=jue4001502501402&formtecid=2&areashortname=Merching,link
https://www.gemeinde-merching.de/buergerservice/formulare/,http://formular-server.de/AIC_FS/findform?shortname=jueANM4091501004404&formtecid=2&areashortname=Merching,link
https://www.gemeinde-merching.de/buergerservice/formulare/,http://formular-server.de/AIC_FS/findform?shortname=jueANT4000912501402&formtecid=2&areashortname=Merching,link
https://www.gemeinde-merching.de/buergerservice/formulare/,http://formular-server.de/AIC_FS/findform?shortname=jueANT4001391002401&formtecid=2&areashortname=Merching,link
https://www.gemeinde-merching.de/buergerservice/formulare/,http://formular-server.de/AIC_FS/findform?shortname=jueANT4001401051402&formtecid=2&areashortname=Merching,link
https://www.gemeinde-merching.de/buergerservice/formulare/,http://formular-server.de/AIC_FS/findform?shortname=jueANT4001401071401&formtecid=2&areashortname=Merching,link
https://www.gemeinde-merching.de/buergerservice/formulare/,http://formular-server.de/AIC_FS/findform?shortname=jueANT4001514005401&formtecid=2&areashortname=Merching,link
https://www.gemeinde-merching.de/buergerservice/formulare/,http://formular-server.de/AIC_FS/findform?shortname=jueANT4005541001402&formtecid=2&areashortname=Merching,link
https://www.gemeinde-merching.de/buergerservice/formulare/,http://formular-server.de/AIC_FS/findform?shortname=jueANT4008225007401&formtecid=2&areashortname=Merching,link
https://www.gemeinde-merching.de/buergerservice/formulare/,http://formular-server.de/AIC_FS/findform?shortname=jueANT4008231011401&formtecid=2&areashortname=Merching,link
https://www.gemeinde-merching.de/buergerservice/formulare/,http://formular-server.de/AIC_FS/findform?shortname=jueANT4008237401401&formtecid=2&areashortname=Merching,link
https://www.gemeinde-merching.de/buergerservice/formulare/,http://formular-server.de/AIC_FS/findform?shortname=jueANT4092001003402&formtecid=2&areashortname=Merching,link
https://www.gemeinde-merching.de/buergerservice/formulare/,http://formular-server.de/AIC_FS/findform?shortname=jueANZ4178236042402&formtecid=2&areashortname=Merching,link
https://www.gemeinde-merching.de/buergerservice/formulare/,http://formular-server.de/AIC_FS/findform?shortname=jueBES4096851102402&formtecid=2&areashortname=Merching,link
https://www.gemeinde-merching.de/buergerservice/formulare/,http://formular-server.de/AIC_FS/findform?shortname=jueEWW4006851108402&formtecid=2&areashortname=Merching,link
https://www.gemeinde-merching.de/buergerservice/formulare/,http://formular-server.de/AIC_FS/findform?shortname=jueGEW4008221003402&formtecid=2&areashortname=Merching,link
https://www.gemeinde-merching.de/buergerservice/formulare/,http://formular-server.de/AIC_FS/findform?shortname=jueGEW4008221021402&formtecid=2&areashortname=Merching,link
https://www.gemeinde-merching.de/buergerservice/formulare/,http://formular-server.de/AIC_FS/findform?shortname=jueGEW4008221022402&formtecid=2&areashortname=Merching,link
https://www.gemeinde-merching.de/buergerservice/formulare/,http://formular-server.de/AIC_FS/findform?shortname=jueGEW4008221101401&formtecid=2&areashortname=Merching,link
https://www.gemeinde-merching.de/buergerservice/formulare/,http://formular-server.de/AIC_FS/findform?shortname=jueJUG4008237404401&formtecid=2&areashortname=Merching,link
https://www.gemeinde-merching.de/buergerservice/formulare/,http://formular-server.de/AIC_FS/findform?shortname=jueMB4098237412401&formtecid=2&areashortname=Merching,link
https://www.gemeinde-merching.de/buergerservice/formulare/,http://formular-server.de/AIC_FS/findform?shortname=jueMEL4091501005404&formtecid=2&areashortname=Merching,link
https://www.gemeinde-merching.de/buergerservice/formulare/,http://formular-server.de/AIC_FS/findform?shortname=jueMEL4091501009403&formtecid=2&areashortname=Merching,link
https://www.gemeinde-merching.de/buergerservice/formulare/,http://formular-server.de/AIC_FS/findform?shortname=juePAS4001511102401&formtecid=2&areashortname=Merching,link
https://www.gemeinde-merching.de/buergerservice/formulare/,http://formular-server.de/AIC_FS/findform?shortname=jueSOZ4006806001406&formtecid=2&areashortname=Merching,link
https://www.gemeinde-merching.de/buergerservice/formulare/,http://formular-server.de/AIC_FS/findform?shortname=jueSOZ4006806004402&formtecid=2&areashortname=Merching,link
https://www.gemeinde-merching.de/buergerservice/formulare/,http://formular-server.de/AIC_FS/findform?shortname=jueWOH4006851112401&formtecid=2&areashortname=Merching,link
https://www.gemeinde-merching.de/buergerservice/formulare/,http://formular-server.de/AIC_FS/findform?shortname=jue_4001504002402&formtecid=2&areashortname=Merching,link
https://www.gemeinde-merching.de/buergerservice/formulare/,http://formular-server.de/AIC_FS/findform?shortname=jue_STR4009234003401&formtecid=2&areashortname=Merching,link
https://www.gemeinde-merching.de/buergerservice/formulare/,http://formular-server.de/AIC_FS/findform?shortname=jue_STR4009521011402&formtecid=2&areashortname=Merching,link
https://www.gemeinde-merching.de/buergerservice/formulare/,http://www.freistaat.bayern/dokumente/leistung/5777574439?plz=86504&behoerde=41441471641&gemeinde=808857560675,link
https://www.gemeinde-merching.de/buergerservice/formulare/,https://www.stmb.bayern.de/buw/baurechtundtechnik/bauordnungsrecht/bauantragsformulare/index.php,link
https://www.gemeinde-merching.de/buergerservice/formulare/,https://www.wpdownloadmanager.com/,link
https://www.gemeinde-merching.de/buergerservice/gemeindebroschuere/,https://www.wpdownloadmanager.com/,link
https://www.gemeinde-merching.de/buergerservice/gemeindekurier/,https://www.wpdownloadmanager.com/,link
https://www.gemeinde-merching.de/buergerservice/gemeinderat/,https://buergerinfo-merching.digitalfabrix.de/info.asp,link
https://www.gemeinde-merching.de/buergerservice/gemeinderat/,https://www.wpdownloadmanager.com/,link
https://www.gemeinde-merching.de/buergerservice/haushaltsplaene/,https://www.wpdownloadmanager.com/,link
https://www.gemeinde-merching.de/buergerservice/interessante-links-im-web/,http://wittelsbacherland.de/,link
https://www.gemeinde-merching.de/buergerservice/interessante-links-im-web/,http://www.avv-augsburg.de/fahrplan/fahrplanauskunft,link
https://www.gemeinde-merching.de/buergerservice/interessante-links-im-web/,http://www.bayerischeregiobahn.de/,link
https://www.gemeinde-merching.de/buergerservice/interessante-links-im-web/,http://www.behoerdenwegweiser.bayern.de/,link
https://www.gemeinde-merching.de/buergerservice/interessante-links-im-web/,http://www.deutsche-rentenversicherung.de/Allgemein/de/Navigation/5_Services/04_formulare_und_antraege/FormulareUndAntraege_node.html,link
https://www.gemeinde-merching.de/buergerservice/interessante-links-im-web/,http://www.energieatlas.bayern.de,link
https://www.gemeinde-merching.de/buergerservice/interessante-links-im-web/,http://www.finanzamt.bayern.de/Informationen/Formulare/default.php?f=augsburg-land&c=n&d=x&t=x,link
https://www.gemeinde-merching.de/buergerservice/interessante-links-im-web/,http://www.lra-aic-fdb.de/,link
https://www.gemeinde-merching.de/buergerservice/interessante-links-im-web/,http://www.lra-aic-fdb.de/klimaschutz,link
https://www.gemeinde-merching.de/buergerservice/interessante-links-im-web/,http://www.lra-aic-fdb.de/pflegestuetzpunkt,link
https://www.gemeinde-merching.de/buergerservice/interessante-links-im-web/,http://www.sichermobil.bayern.de/,link
https://www.gemeinde-merching.de/buergerservice/interessante-links-im-web/,https://energieportal.bayernwerk.de/schadensmelder/reporting/09771145,link
https://www.gemeinde-merching.de/buergerservice/interessante-links-im-web/,https://lra-aic-fdb.de/landkreis/klimaschutz/termine-klimaschutz,link
https://www.gemeinde-merching.de/buergerservice/interessante-links-im-web/,https://lra-aic-fdb.de/landkreis/wirtschaft/termine-und-veranstaltungen,link
https://www.gemeinde-merching.de/buergerservice/interessante-links-im-web/,https://www.hochwasserinfo.bayern.de/,link
https://www.gemeinde-merching.de/buergerservice/interessante-links-im-web/,https://www.wittelsbacherland-verein.de/start.html,link
https://www.gemeinde-merching.de/buergerservice/interessante-links-im-web/,https://www.wpdownloadmanager.com/,link
https://www.gemeinde-merching.de/buergerservice/lebenslagen/,https://www.wpdownloadmanager.com/,link
https://www.gemeinde-merching.de/buergerservice/lebenslagen/eheschliessung/,https://www.wpdownloadmanager.com/,link
https://www.gemeinde-merching.de/buergerservice/lebenslagen/ein-umzug-steht-bevor/,https://www.wpdownloadmanager.com/,link
https://www.gemeinde-merching.de/buergerservice/lebenslagen/fuehrungszeugnis-auskunft-aus-dem-gewerbezentralregister/,https://www.fuehrungszeugnis.bund.de/,link
https://www.gemeinde-merching.de/buergerservice/lebenslagen/fuehrungszeugnis-auskunft-aus-dem-gewerbezentralregister/,https://www.wpdownloadmanager.com/,link
https://www.gemeinde-merching.de/buergerservice/lebenslagen/personalausweis/,http://formular-server.de/AIC_FS/findform?shortname=juePAS4001511102401&formtecid=2&areashortname=Merching,link
https://www.gemeinde-merching.de/buergerservice/lebenslagen/personalausweis/,http://www.personalausweisportal.de,link
https://www.gemeinde-merching.de/buergerservice/lebenslagen/personalausweis/,https://www.wpdownloadmanager.com/,link
https://www.gemeinde-merching.de/buergerservice/lebenslagen/reisepass/,http://formular-server.de/AIC_FS/findform?shortname=juePAS4001511102401&formtecid=2&areashortname=Merching,link
https://www.gemeinde-merching.de/buergerservice/lebenslagen/reisepass/,https://www.auswaertiges-amt.de/de/ReiseUndSicherheit/reise-und-sicherheitshinweise,link
https://www.gemeinde-merching.de/buergerservice/lebenslagen/reisepass/,https://www.wpdownloadmanager.com/,link
https://www.gemeinde-merching.de/buergerservice/lebenslagen/wertstoffsammlung/,https://www.wpdownloadmanager.com/,link
https://www.gemeinde-merching.de/buergerservice/ortsrecht/,https://www.wpdownloadmanager.com/,link
https://www.gemeinde-merching.de/category/andere-behoerden/,https://www.wpdownloadmanager.com/,link
https://www.gemeinde-merching.de/category/aus-merching/,https://www.wpdownloadmanager.com/,link
https://www.gemeinde-merching.de/category/aus-merching/page/2/,https://www.wpdownloadmanager.com/,link
https://www.gemeinde-merching.de/category/fundsachen/,https://www.wpdownloadmanager.com/,link
https://www.gemeinde-merching.de/category/oeffentliche-bekanntmachungen/,https://www.wpdownloadmanager.com/,link
https://www.gemeinde-merching.de/category/rathaus/,https://www.wpdownloadmanager.com/,link
https://www.gemeinde-merching.de/category/rathaus/page/2/,https://www.wpdownloadmanager.com/,link
https://www.gemeinde-merching.de/category/rathaus/page/3/,https://www.wpdownloadmanager.com/,link
https://www.gemeinde-merching.de/category/rathaus/page/4/,https://www.wpdownloadmanager.com/,link
https://www.gemeinde-merching.de/category/topaktuell/,https://www.wpdownloadmanager.com/,link
https://www.gemeinde-merching.de/category/topaktuell/page/2/,https://www.wpdownloadmanager.com/,link
https://www.gemeinde-merching.de/category/topaktuell/page/3/,https://www.wpdownloadmanager.com/,link
https://www.gemeinde-merching.de/category/topaktuell/page/4/,https://www.wpdownloadmanager.com/,link
https://www.gemeinde-merching.de/category/topaktuell/page/5/,https://www.wpdownloadmanager.com/,link
https://www.gemeinde-merching.de/category/topaktuell/page/6/,https://www.wpdownloadmanager.com/,link
https://www.gemeinde-merching.de/category/topaktuell/page/7/,https://www.wpdownloadmanager.com/,link
https://www.gemeinde-merching.de/db-infrago-ag-fuehrt-am-13-10-u-14-10-26-bauarbeiten-durch-bf-mering-bf-egling/,https://www.wpdownloadmanager.com/,link
https://www.gemeinde-merching.de/db-infrago-ag-fuehrt-am-20-10-26-bauarbeiten-durch-bf-kissing-bf-augsburg-hbf-u-bf-mammendorf-bf-mering/,https://www.wpdownloadmanager.com/,link
https://www.gemeinde-merching.de/download-category/allgemeine-formulare/,https://www.wpdownloadmanager.com/,link
https://www.gemeinde-merching.de/download-category/ausschreibungen-stellenanzeigen/,https://www.wpdownloadmanager.com/,link
https://www.gemeinde-merching.de/download-category/flaechennutzungsplan-bebauungsplaene/,https://www.wpdownloadmanager.com/,link
https://www.gemeinde-merching.de/download-category/gemeinde-kurier-merching/,https://www.wpdownloadmanager.com/,link
https://www.gemeinde-merching.de/download-category/haushaltsplaene/,https://www.wpdownloadmanager.com/,link
https://www.gemeinde-merching.de/download-category/haushaltsplaene/page/2/,https://www.wpdownloadmanager.com/,link
https://www.gemeinde-merching.de/download-category/haushaltsplaene/page/3/,https://www.wpdownloadmanager.com/,link
https://www.gemeinde-merching.de/download-category/informationsmaterial/,https://www.wpdownloadmanager.com/,link
https://www.gemeinde-merching.de/download-category/informationsmaterial/page/2/,https://www.wpdownloadmanager.com/,link
https://www.gemeinde-merching.de/download-category/kinder-und-jugend/,https://www.wpdownloadmanager.com/,link
https://www.gemeinde-merching.de/download-category/oeffentliche-bekannmachungen/,https://www.wpdownloadmanager.com/,link
https://www.gemeinde-merching.de/download-category/oeffentliche-bekannmachungen/page/2/,https://www.wpdownloadmanager.com/,link
https://www.gemeinde-merching.de/download-category/satzungen-verordnungen-gemeinde-merching/,https://www.wpdownloadmanager.com/,link
https://www.gemeinde-merching.de/download-category/satzungen-verordnungen-gemeinde-merching/page/2/,https://www.wpdownloadmanager.com/,link
https://www.gemeinde-merching.de/download-category/satzungen-verordnungen-gemeinde-merching/page/3/,https://www.wpdownloadmanager.com/,link
https://www.gemeinde-merching.de/download-category/wasserversorgung/,https://www.wpdownloadmanager.com/,link
https://www.gemeinde-merching.de/download/MandatGemeindeMerchingab2016.pdf,https://www.wpdownloadmanager.com/,link
https://www.gemeinde-merching.de/download/schaeden-oder-stoerungen-an-strassenlampen-mit-dem-bayernwerk-schadensmelder-an-die-kommune-melden/,https://energieportal.bayernwerk.de/schadensmelder/reporting/09771145,link
https://www.gemeinde-merching.de/download/schaeden-oder-stoerungen-an-strassenlampen-mit-dem-bayernwerk-schadensmelder-an-die-kommune-melden/?wpdmdl=8722,https://fonts.googleapis.com/css2?family=Sen,asset
https://www.gemeinde-merching.de/download/wasserversorgung/Anmeldung_eines_Gartenwasserzaehlers.pdf,https://www.wpdownloadmanager.com/,link
https://www.gemeinde-merching.de/download/wasserversorgung/Anmeldung_eines_Gartenwasserzaehlers_NEU_ab_2022.pdf,https://www.wpdownloadmanager.com/,link
https://www.gemeinde-merching.de/download/wasserversorgung/Antrag_fuer_Bauwasserbezug.pdf,https://www.wpdownloadmanager.com/,link
https://www.gemeinde-merching.de/download/wasserversorgung/Antrag_fuer_Wasserbezug.pdf,https://www.wpdownloadmanager.com/,link
https://www.gemeinde-merching.de/download/wasserversorgung/Bauwasserbezugsvertrag.pdf,https://www.wpdownloadmanager.com/,link
https://www.gemeinde-merching.de/e-rechnung-im-verein-online-seminar-des-landratsamtes-informiert-ueber-neue-anforderungen/,https://www.wpdownloadmanager.com/,link
https://www.gemeinde-merching.de/einfuehrung-des-wassercents-in-bayern/,https://www.stmuv.bayern.de/aktuell/presse/pressemitteilung.htm?PMNr=62/26,link
https://www.gemeinde-merching.de/einfuehrung-des-wassercents-in-bayern/,https://www.wpdownloadmanager.com/,link
https://www.gemeinde-merching.de/email-formular/,https://www.wpdownloadmanager.com/,link
https://www.gemeinde-merching.de/ergebnisse-der-kommunalwahl-08-03-2026/,https://lra-aic-fdb.de/wahlen/,link
https://www.gemeinde-merching.de/ergebnisse-der-kommunalwahl-08-03-2026/,https://wahlen.osrz-akdb.de/sw-p/771145/1/20260308/buergermeisterwahl_gemeinde/index.html,link
https://www.gemeinde-merching.de/ergebnisse-der-kommunalwahl-08-03-2026/,https://wahlen.osrz-akdb.de/sw-p/771145/2/20260308/gemeinderatswahl_gemeinde/index.html,link
https://www.gemeinde-merching.de/ergebnisse-der-kommunalwahl-08-03-2026/,https://www.wpdownloadmanager.com/,link
https://www.gemeinde-merching.de/fachstelle-f-pflegende-angehoerige-tageskurs-fuer-ehrenamtlich-taetige-einzelperson-am-27-10-2026-in-aichach/,https://www.wpdownloadmanager.com/,link
https://www.gemeinde-merching.de/flaechennutzungsplan-bebauungsplaene/,https://geoportal.lra-aic-fdb.de/?state=%5B%5B%5B10.977417%2C48.217277%2C5346.34%5D%2C%5B10.977346%2C48.244422%2C516.36%5D%2C5696.24%2C359.9%2C-58%2C0%5D%2C%22CesiumMap%22%2C%5B%227ca6ad40-70d1-4f88-8794-c983fa6a1dfa%22%2C%22a866ad47-7ed7-478d-b9b2-500ceb48af51%22%2C%22540069b9-c5bb-4375-a6a6-a14aacd44829%22%5D%2C%5B%5B%22Rechtskr%C3%A4ftige+Bebauungspl%C3%A4ne%22%2C1%2C0%5D%2C%5B%22Satzungen%22%2C1%2C0%5D%5D%2C%5B%5D%2C0%2C%5B%5D%5D,link
https://www.gemeinde-merching.de/flaechennutzungsplan-bebauungsplaene/,https://www.wpdownloadmanager.com/,link
https://www.gemeinde-merching.de/flyer-stromausfall-was-ist-ein-blackout-und-wie-bereiten-wir-uns-darauf-vor/,https://www.wpdownloadmanager.com/,link
https://www.gemeinde-merching.de/footer/,https://www.wpdownloadmanager.com/,link
https://www.gemeinde-merching.de/fotowettbewerb-ein-herz-fuer-regionale-lebensmittel/,https://www.wpdownloadmanager.com/,link
https://www.gemeinde-merching.de/freizeit/,https://www.wpdownloadmanager.com/,link
https://www.gemeinde-merching.de/freizeit/infrastruktur/,https://www.wpdownloadmanager.com/,link
https://www.gemeinde-merching.de/freizeit/kinder-und-jugend/,http://www.unser-ferienprogramm.de/merching,link
https://www.gemeinde-merching.de/freizeit/kinder-und-jugend/,https://www.wpdownloadmanager.com/,link
https://www.gemeinde-merching.de/freizeit/vereine/,https://www.csu.de/verbaende/ov/merching/,link
https://www.gemeinde-merching.de/freizeit/vereine/,https://www.wpdownloadmanager.com/,link
https://www.gemeinde-merching.de/freizeit/wasserqualitaet-der-badeseen/,https://www.wpdownloadmanager.com/,link
https://www.gemeinde-merching.de/friedhofs-und-bestattungssatzung-ab-01-01-2027/,https://www.wpdownloadmanager.com/,link
https://www.gemeinde-merching.de/fundfahrrad/,https://www.wpdownloadmanager.com/,link
https://www.gemeinde-merching.de/fundsache-2/,https://www.wpdownloadmanager.com/,link
https://www.gemeinde-merching.de/fundsache/,https://www.wpdownloadmanager.com/,link
https://www.gemeinde-merching.de/gebuehrensatzung-zur-friedhofs-und-bestattungssatzung-ab-01-01-2027/,https://www.wpdownloadmanager.com/,link
https://www.gemeinde-merching.de/gemeindekurier-herbst-2024-m-einladung-zu-den-buergerversammlungen-2024/,https://www.wpdownloadmanager.com/,link
https://www.gemeinde-merching.de/grundsteuer-ab-2025-info-des-finanzamtes-zur-korrektur-der-messbetraege/,https://www.grundsteuer.bayern.de/,link
https://www.gemeinde-merching.de/grundsteuer-ab-2025-info-des-finanzamtes-zur-korrektur-der-messbetraege/,https://www.wpdownloadmanager.com/,link
https://www.gemeinde-merching.de/grundsteuer-ab-2025/,https://www.wpdownloadmanager.com/,link
https://www.gemeinde-merching.de/grundsteueraenderungsanzeige/,http://www.grundsteuer.bayern.de,link
https://www.gemeinde-merching.de/grundsteueraenderungsanzeige/,https://www.finanzamt.bayern.de/Informationen/Formulare/Weitere_Themen_A_bis_Z/Grundsteuer/BayGrSt_5_Anleitung.pdf,link
https://www.gemeinde-merching.de/grundsteueraenderungsanzeige/,https://www.finanzamt.bayern.de/Informationen/Formulare/Weitere_Themen_A_bis_Z/Grundsteuer/BayGrSt_5_Grundsteueraenderungsanzeige.pdf,link
https://www.gemeinde-merching.de/grundsteueraenderungsanzeige/,https://www.wpdownloadmanager.com/,link
https://www.gemeinde-merching.de/haeuserbuch-im-wandel-der-zeit-im-rathaus-erhaeltlich/,https://www.wpdownloadmanager.com/,link
https://www.gemeinde-merching.de/handel-gewerbe/,https://www.wpdownloadmanager.com/,link
https://www.gemeinde-merching.de/handel-gewerbe/gastronomiebetriebe/,http://www.landgasthof-aumiller.de,link
https://www.gemeinde-merching.de/handel-gewerbe/gastronomiebetriebe/,http://www.landhotel-gasthof-huber.de,link
https://www.gemeinde-merching.de/handel-gewerbe/gastronomiebetriebe/,http://www.tsv-merching.de,link
https://www.gemeinde-merching.de/handel-gewerbe/gastronomiebetriebe/,https://www.wpdownloadmanager.com/,link
https://www.gemeinde-merching.de/handel-gewerbe/gewerbepark-am-lerchenberg/geografische-lage/,"http://maps.google.de/maps?f=q&source=embed&hl=de&geocode=&q=am+lerchenberg+,+Merching&aq=&sll=48.243425,11.003494&sspn=0.375428,0.891953&ie=UTF8&hq=&hnear=Am+Lerchenberg,+86504+Merching,+Bayern&ll=48.24588,10.99361&spn=0.011731,0.027874&t=m&z=14",link
https://www.gemeinde-merching.de/handel-gewerbe/gewerbepark-am-lerchenberg/geografische-lage/,https://www.wpdownloadmanager.com/,link
https://www.gemeinde-merching.de/handel-gewerbe/gewerbepark-am-lerchenberg/nutzungskonzept/,https://www.wpdownloadmanager.com/,link
https://www.gemeinde-merching.de/handel-gewerbe/gewerbepark-am-lerchenberg/standorterschliessung/,https://www.wpdownloadmanager.com/,link
https://www.gemeinde-merching.de/handel-gewerbe/gewerbepark-am-lerchenberg/verkehrsanbindung/,http://www.avv-augsburg.de/,link
https://www.gemeinde-merching.de/handel-gewerbe/gewerbepark-am-lerchenberg/verkehrsanbindung/,https://www.wpdownloadmanager.com/,link
https://www.gemeinde-merching.de/handel-gewerbe/gewerbepark-am-lerchenberg/weitere-standortfaktoren/,https://www.wpdownloadmanager.com/,link
https://www.gemeinde-merching.de/hundesteuer-ab-2026/,https://www.wpdownloadmanager.com/,link
https://www.gemeinde-merching.de/impressum/,https://www.wpdownloadmanager.com/,link
https://www.gemeinde-merching.de/impressum/datenschutzerklaerung/,http://ec.europa.eu/consumers/odr/,link
https://www.gemeinde-merching.de/impressum/datenschutzerklaerung/,http://www.datenschutz-bayern.de/,link
https://www.gemeinde-merching.de/impressum/datenschutzerklaerung/,https://www.wpdownloadmanager.com/,link
https://www.gemeinde-merching.de/kommunale-it-sicherheit/,https://www.wpdownloadmanager.com/,link
https://www.gemeinde-merching.de/links/nuetzliche-und-hilfreiche-links/4149/httpswww-gemeinde-merching-dewpfilebase_thumbnail1fid359nameenergieberatung_landkreis_aichach-friedberg_typo_schwarz_rgb_klein-jpg/,https://www.wpdownloadmanager.com/,link
https://www.gemeinde-merching.de/links/nuetzliche-und-hilfreiche-links/buergernetz-mering/httpswww-gemeinde-merching-dewp-contentuploads201701logo-buergernetz-e1484639317192-png/,https://www.wpdownloadmanager.com/,link
https://www.gemeinde-merching.de/links/nuetzliche-und-hilfreiche-links/formulare-zur-beantragung-eines-schwerbehindertenausweises-sowie-fuer-kindergeldleistungen/httpswww-gemeinde-merching-dewp-contentuploadslink-library-images68-jpg/,https://www.wpdownloadmanager.com/,link
https://www.gemeinde-merching.de/links/nuetzliche-und-hilfreiche-links/mifaz-mitfahrzentrale/httpswww-gemeinde-merching-dewp-contentuploadslink-library-images9-jpg/,https://www.wpdownloadmanager.com/,link
https://www.gemeinde-merching.de/mikrozensus-2024-mitteilung-08-08-2024-50-000-buergerinnen-und-buerger-muessen-noch-bis-jahresende-mitmachen/,https://www.statistik.bayern.de/presse/mitteilungen/2026/pm004/index.html,link
https://www.gemeinde-merching.de/mikrozensus-2024-mitteilung-08-08-2024-50-000-buergerinnen-und-buerger-muessen-noch-bis-jahresende-mitmachen/,https://www.wpdownloadmanager.com/,link
https://www.gemeinde-merching.de/neue-termine-fuer-kostenlose-rueckgabe-von-pflanzenschutz-verpackungen-entsorgungssystem-pamira/,https://www.wpdownloadmanager.com/,link
https://www.gemeinde-merching.de/neues-aus-dem-einwohnermeldeamt-lichtbilder/,https://www.wpdownloadmanager.com/,link
https://www.gemeinde-merching.de/nextgen-attach_to_post/preview/id--2890,https://www.wpdownloadmanager.com/,link
https://www.gemeinde-merching.de/pressemitteilung-finanzamt-augsburg-land-erinnerung-an-steuervorauszahlung/,https://www.wpdownloadmanager.com/,link
https://www.gemeinde-merching.de/pressemitteilung-landratsamt-aichach-friedberg-blaualgen-im-uferbereich-des-auensees-bei-kissing/,https://www.wpdownloadmanager.com/,link
https://www.gemeinde-merching.de/pressemitteilung-landratsamt-aichach-friedberg-buendnis-f-demokratie-spricht-foerderempfehlungen-fuer-2026-aus/,https://www.wpdownloadmanager.com/,link
https://www.gemeinde-merching.de/pressemitteilung-landratsamt-aichach-friedberg-gefluegelpest-sperrzone-aufgehoben/,https://www.wpdownloadmanager.com/,link
https://www.gemeinde-merching.de/pressemitteilung-landratsamt-aichach-friedberg-tychonema-in-mehreren-badeseen-nachgewiesen/,https://www.wpdownloadmanager.com/,link
https://www.gemeinde-merching.de/pressemitteilung-region-wehrt-sich-gegen-geplante-ausduennung-des-regionalverkehrs-zwischen-augsburg-und-muenchen/,https://www.wpdownloadmanager.com/,link
https://www.gemeinde-merching.de/pt_view/portalseite-aus-merching-copy-2/,https://www.wpdownloadmanager.com/,link
https://www.gemeinde-merching.de/pt_view/portalseite-aus-merching-copy-3/,https://www.wpdownloadmanager.com/,link
https://www.gemeinde-merching.de/pt_view/portalseite-aus-merching-copy-4/,https://www.wpdownloadmanager.com/,link
https://www.gemeinde-merching.de/pt_view/portalseite-aus-merching-copy-5/,https://www.wpdownloadmanager.com/,link
https://www.gemeinde-merching.de/pt_view/portalseite-aus-merching-copy/,https://www.wpdownloadmanager.com/,link
https://www.gemeinde-merching.de/pt_view/prototyp-v1-portalseite-aus-merching-copy/,https://www.wpdownloadmanager.com/,link
https://www.gemeinde-merching.de/rattenproblematik-in-der-gemeinde-merching/,https://www.wpdownloadmanager.com/,link
https://www.gemeinde-merching.de/richtiges-verhalten-gegenueber-wasser-zugvoegeln/,https://www.wpdownloadmanager.com/,link
https://www.gemeinde-merching.de/sitemap/,https://www.wpdownloadmanager.com/,link
https://www.gemeinde-merching.de/sitemap_index.xml,https://www.wpdownloadmanager.com/,link
https://www.gemeinde-merching.de/solaroffensive-wittelsbacher-land/,https://www.wpdownloadmanager.com/,link
https://www.gemeinde-merching.de/spielschiff-an-der-paar-u-gestiftete-baenke-des-huehnerkomitees-merching-wurden-offiziell-eroeffnet/,https://www.wpdownloadmanager.com/,link
https://www.gemeinde-merching.de/suizidpraevention-pressemitteilung-landratsamt-aichach-friedberg/,https://www.wpdownloadmanager.com/,link
https://www.gemeinde-merching.de/ueber-merching/,https://www.wpdownloadmanager.com/,link
https://www.gemeinde-merching.de/ueber-merching/accessibility-statement/,https://www.wpdownloadmanager.com/,link
https://www.gemeinde-merching.de/ueber-merching/adressen-oeffnungszeiten/,http://www.schulen-merching.de,link
https://www.gemeinde-merching.de/ueber-merching/adressen-oeffnungszeiten/,https://www.wpdownloadmanager.com/,link
https://www.gemeinde-merching.de/ueber-merching/bayernatlas/,http://geoportal.bayern.de/bayernatlas?lon=4424950.0&zoom=12&base=910&lat=5345960.0,link
https://www.gemeinde-merching.de/ueber-merching/bayernatlas/,https://www.wpdownloadmanager.com/,link
https://www.gemeinde-merching.de/ueber-merching/bildergalerie-merching/,https://www.wpdownloadmanager.com/,link
https://www.gemeinde-merching.de/ueber-merching/bildergalerie-merching/nggallery/album/2024-buergerball,https://www.wpdownloadmanager.com/,link
https://www.gemeinde-merching.de/ueber-merching/bildergalerie-merching/nggallery/album/2024-krippenweg,https://www.wpdownloadmanager.com/,link
https://www.gemeinde-merching.de/ueber-merching/bildergalerie-merching/nggallery/album/2025-adventsfenster,https://www.wpdownloadmanager.com/,link
https://www.gemeinde-merching.de/ueber-merching/bildergalerie-merching/nggallery/album/bilder-rund-um-merching-hochdorf-und-steinach,https://www.wpdownloadmanager.com/,link
https://www.gemeinde-merching.de/ueber-merching/bildergalerie-merching/nggallery/album/gewerbegebiet-am-lerchenberg,https://www.wpdownloadmanager.com/,link
https://www.gemeinde-merching.de/ueber-merching/bildergalerie-merching/nggallery/album/merching-im-advent,https://www.wpdownloadmanager.com/,link
https://www.gemeinde-merching.de/ueber-merching/bildergalerie-merching/nggallery/album/naherholungsgebiet-mandichosee,https://www.wpdownloadmanager.com/,link
https://www.gemeinde-merching.de/ueber-merching/bildergalerie-merching/nggallery/album/sommerimpressionen,https://www.wpdownloadmanager.com/,link
https://www.gemeinde-merching.de/ueber-merching/gemeinderat/,https://www.wpdownloadmanager.com/,link
https://www.gemeinde-merching.de/ueber-merching/grusswort/,https://www.wpdownloadmanager.com/,link
https://www.gemeinde-merching.de/ueber-merching/lage-anfahrt/,"https://maps.google.de/maps?f=q&source=embed&hl=de&geocode=&q=Hauptstra%C3%9Fe+26,+86504+Merching&aq=&sll=51.151786,10.415039&sspn=10.012923,26.784668&ie=UTF8&hq=&hnear=Hauptstra%C3%9Fe+26,+86504+Merching,+Schwaben,+Bayern&t=m&ll=48.248769,10.987058&spn=0.010002,0.032187&z=15",link
https://www.gemeinde-merching.de/ueber-merching/lage-anfahrt/,https://www.wpdownloadmanager.com/,link
https://www.gemeinde-merching.de/ueber-merching/standortfaktoren-leben-und-wohnen-in-merching/,https://www.wpdownloadmanager.com/,link
https://www.gemeinde-merching.de/unterstuetzung-fuer-menschen-mit-pfegebedarf-tagesschulung-zur-ehrenamtlich-taetigen-einzelperson/,https://www.wpdownloadmanager.com/,link
https://www.gemeinde-merching.de/urlaub-trotz-pflege/,https://www.wpdownloadmanager.com/,link
https://www.gemeinde-merching.de/veranstaltung-landratsamt-aichach-friedberg-ratschen-ueber-photovoltaik-solartreffs-in-verschiedenen-gemeinden/,https://www.wpdownloadmanager.com/,link
https://www.gemeinde-merching.de/veranstaltungskalender/,https://www.wpdownloadmanager.com/,link
https://www.gemeinde-merching.de/verkuendung-des-ergebnisses-der-wahl-des-ortssprechers-fuer-den-ortsteil-hochdorf/,https://www.wpdownloadmanager.com/,link
https://www.gemeinde-merching.de/vollsperrung-bahnuebergang-zwischen-brunnen-und-st-2052-im-zeitraum-vom-13-10-2026-15-10-2026/,https://www.wpdownloadmanager.com/,link
https://www.gemeinde-merching.de/vollsperrung-der-steinacher-strasse-07-10-2026-31-10-2026/,https://www.wpdownloadmanager.com/,link
https://www.gemeinde-merching.de/was-soll-ich-tun-bei-hochwasser/,https://www.wpdownloadmanager.com/,link
https://www.gemeinde-merching.de/wasserrechtliches-planfeststellungsverfahren/,https://www.augsburg.de/umwelt-soziales/umwelt/bekanntmachungen-umweltamt,link
https://www.gemeinde-merching.de/wasserrechtliches-planfeststellungsverfahren/,https://www.wpdownloadmanager.com/,link
https://www.gemeinde-merching.de/workshop-freiwilligenagentur-wie-gewinnen-wir-neue-freiwillige-alle-im-blick-ehrenamt-neu-gestalten/,https://www.wpdownloadmanager.com/,link
https://www.gemeinde-merching.de/wp-content/uploads/2020/05/B,https://www.wpdownloadmanager.com/,link
https://www.gemeinde-merching.de/wp-content/uploads/2024/02/Abschaffung-Kinderreisepass.pdf,https://www.wpdownloadmanager.com/,link
https://www.gemeinde-merching.de/wp-content/uploads/2024/03/Anzeige-Nachwuchswerbung-2024.pdf,https://www.wpdownloadmanager.com/,link
https://www.gemeinde-merching.de/wp-global-styles-astra/,https://www.wpdownloadmanager.com/,link
https://www.gemeinde-merching.de/wp-global-styles-twentytwentytwo/,https://www.wpdownloadmanager.com/,link
https://www.gemeinde-merching.de/zensus-2022-gesetz-ueber-den-schutz-der-sonn-und-feiertage-feiertagsgesetz-mariae-himmelfahrt/,https://www.wpdownloadmanager.com/,link
