source_id,title,stable_root_url,live_status,live_type,observed_download_urls,review
9239,GSV - HH 6 Anlagen 2026,https://www.gemeinde-merching.de/?wpdmdl=9239,206,PDF,https://www.gemeinde-merching.de/?wpdmdl=9239|https://www.gemeinde-merching.de/download/gsv-hh-anlagen-2026/?wpdmdl=9239,Verified PDF delivery; preserve managed URL/ID
9240,MSV - HH 0 Deckblatt 2026,https://www.gemeinde-merching.de/?wpdmdl=9240,206,PDF,https://www.gemeinde-merching.de/?wpdmdl=9240|https://www.gemeinde-merching.de/download/msv-hh-0-deckblatt-2026/?wpdmdl=9240,Verified PDF delivery; preserve managed URL/ID
10790,Bestattung - Satzung über die öffentl. Bestattungseinrichtung der Gemeinde Merching vom 17.07.2026 - gültig ab 01.01.2027,https://www.gemeinde-merching.de/?wpdmdl=10790,206,PDF,https://www.gemeinde-merching.de/?wpdmdl=10790|https://www.gemeinde-merching.de/download/friedhofs-und-bestattungssatzung-ab-01-01-2027/?wpdmdl=10790,Verified PDF delivery; preserve managed URL/ID
9978,Unternehmenssatzung für das Kommunalunternehmen Merching vom 16.09.2025,https://www.gemeinde-merching.de/?wpdmdl=9978,206,PDF,https://www.gemeinde-merching.de/?wpdmdl=9978|https://www.gemeinde-merching.de/download/unternehmenssatzung-fuer-das-kommunalunternehmen-merching-vom-16-09-2025/?wpdmdl=9978,Verified PDF delivery; preserve managed URL/ID
10788,Bekanntmachung der Gebührensatzung zur Friedhofs- und Bestattungssatzung ab 01.01.2027,https://www.gemeinde-merching.de/?wpdmdl=10788,206,PDF,https://www.gemeinde-merching.de/?wpdmdl=10788|https://www.gemeinde-merching.de/download/bekanntmachung-der-gebuehrensatzung-zur-friedhofs-und-bestattungssatzung-ab-01-01-2027/?wpdmdl=10788,Verified PDF delivery; preserve managed URL/ID
10245,Bürgertelefon Krebs,https://www.gemeinde-merching.de/?wpdmdl=10245,206,PDF,https://www.gemeinde-merching.de/?wpdmdl=10245|https://www.gemeinde-merching.de/download/buergertelefon-krebs/?wpdmdl=10245,Verified PDF delivery; preserve managed URL/ID
8132,Abschaffung des Kinderreisepasses zum 01.01.2024,https://www.gemeinde-merching.de/?wpdmdl=8132,206,PDF,https://www.gemeinde-merching.de/?wpdmdl=8132|https://www.gemeinde-merching.de/download/abschaffung-des-kinderreisepasses-zum-01-01-2024/?wpdmdl=8132,Verified PDF delivery; preserve managed URL/ID
7608,"Satzung über das besondere Vorkaufsrecht d. Gemeinde Merching f. den Bereich d. Fl.Nr. 88/1, 90 und 93/3 d. Gemarkung Merching",https://www.gemeinde-merching.de/?wpdmdl=7608,206,PDF,https://www.gemeinde-merching.de/?wpdmdl=7608|https://www.gemeinde-merching.de/download/satzung-ueber-das-besondere-vorkaufsrecht-d-gemeinde-merching-f-den-bereich-d-fl-nr-88-1-90-und-93-3-d-gemarkung-merching/?wpdmdl=7608,Verified PDF delivery; preserve managed URL/ID
9976,Bekanntmachung Unternehmenssatzung für das Kommunalunternehmen Merching vom 16.09.2026,https://www.gemeinde-merching.de/?wpdmdl=9976,206,PDF,https://www.gemeinde-merching.de/?wpdmdl=9976|https://www.gemeinde-merching.de/download/bekanntmachung-unternehmenssatzung-fuer-das-kommunalunternehmen-merching-vom-16-09-2026/?wpdmdl=9976,Verified PDF delivery; preserve managed URL/ID
9972,Stellplatzsatzung der Gemeinde Merching vom 08.09.2025,https://www.gemeinde-merching.de/?wpdmdl=9972,206,PDF,https://www.gemeinde-merching.de/?wpdmdl=9972|https://www.gemeinde-merching.de/download/stellplatzsatzung-vom-08-09-2025/?wpdmdl=9972,Verified PDF delivery; preserve managed URL/ID
10179,Bekanntmachung Beschwerdeausschuss,https://www.gemeinde-merching.de/?wpdmdl=10179,206,PDF,https://www.gemeinde-merching.de/?wpdmdl=10179|https://www.gemeinde-merching.de/download/bekanntmachung-beschwerdeausschuss/?wpdmdl=10179,Verified PDF delivery; preserve managed URL/ID
7017,Erhebung Verwaltungskosten - Satzung über die Erhebung von Verwaltungskosten für Amtshandlungen im eigenen Wirkungskreis der Gemeinde Merching - Kostensatzung,https://www.gemeinde-merching.de/?wpdmdl=7017,206,PDF,https://www.gemeinde-merching.de/?wpdmdl=7017|https://www.gemeinde-merching.de/download/erhebung-verwaltungskosten-satzung-ueber-die-erhebung-von-verwaltungskosten-fuer-amtshandlungen-im-eigenen-wirkungskreis-der-gemeinde-merching-kostensatzung/?wpdmdl=7017,Verified PDF delivery; preserve managed URL/ID
10430,Bekanntmachung des abschließenden Ergebnisses der Wahl des Gemeinderats am 08. März 2026,https://www.gemeinde-merching.de/?wpdmdl=10430,206,PDF,https://www.gemeinde-merching.de/?wpdmdl=10430|https://www.gemeinde-merching.de/download/bekanntmachung-des-abschliessenden-ergebnisses-der-wahl-des-gemeinderats-am-08-maerz-2026/?wpdmdl=10430,Verified PDF delivery; preserve managed URL/ID
9075,Bekanntmachung Grundsteuer und Hundesteuer 2025,https://www.gemeinde-merching.de/?wpdmdl=9075,206,PDF,https://www.gemeinde-merching.de/?wpdmdl=9075|https://www.gemeinde-merching.de/download/bekanntmachung-grundsteuer-und-hundesteuer-2025/?wpdmdl=9075,Verified PDF delivery; preserve managed URL/ID
10091,Merkblatt zum richtigen Verhalten gegenüber Wasser-/Zugvögeln,https://www.gemeinde-merching.de/?wpdmdl=10091,206,PDF,https://www.gemeinde-merching.de/?wpdmdl=10091|https://www.gemeinde-merching.de/download/merkblatt-zum-richtigen-verhalten-gegenueber-wasser-zugvoegeln/?wpdmdl=10091,Verified PDF delivery; preserve managed URL/ID
10033,Satzung zur Einführung einer Pflicht zum Nachweis eines Spielplatzes für Kinder - Spielplatzsatzung,https://www.gemeinde-merching.de/?wpdmdl=10033,206,PDF,https://www.gemeinde-merching.de/?wpdmdl=10033|https://www.gemeinde-merching.de/download/satzung-zur-einfuehrung-einer-pflicht-zum-nachweis-eines-spielplatzes-fuer-kinder-spielplatzsatzung/?wpdmdl=10033,Verified PDF delivery; preserve managed URL/ID
9922,Feuerwehr - Satzung über Aufwendungs- und Kostenersatz für Einsätze und andere Leistungen gemeindlicher Feuerwehren ab 01.01.2026,https://www.gemeinde-merching.de/?wpdmdl=9922,206,PDF,https://www.gemeinde-merching.de/?wpdmdl=9922|https://www.gemeinde-merching.de/download/satzung-aufwendungs-u-kostenersatz-f-einsaetze-u-andere-leistungen-gemeindlicher-feuerwehren-ab-01-01-2026/?wpdmdl=9922,Verified PDF delivery; preserve managed URL/ID
10027,Hundesteuer - Satzung der Gemeinde Merching für die Erhebung der Hundesteuer (Hundesteuersatzung - HStS) ab 2026,https://www.gemeinde-merching.de/?wpdmdl=10027,206,PDF,https://www.gemeinde-merching.de/?wpdmdl=10027|https://www.gemeinde-merching.de/download/hundesteuer-satzung-der-gemeinde-merching-fuer-die-erhebung-der-hundesteuer-hundesteuersatzung-hsts/?wpdmdl=10027,Verified PDF delivery; preserve managed URL/ID
9245,MSV - HH 5 Haushaltsplan mit Finanzplan 2026,https://www.gemeinde-merching.de/?wpdmdl=9245,206,PDF,https://www.gemeinde-merching.de/?wpdmdl=9245|https://www.gemeinde-merching.de/download/msv-hh-5-haushaltsplan-mit-finanzplan-2026/?wpdmdl=9245,Verified PDF delivery; preserve managed URL/ID
9241,MSV - HH 1 Inhaltsverzeichnis 2026,https://www.gemeinde-merching.de/?wpdmdl=9241,206,PDF,https://www.gemeinde-merching.de/?wpdmdl=9241|https://www.gemeinde-merching.de/download/msv-hh-1-inhaltsverzeichnis-2026/?wpdmdl=9241,Verified PDF delivery; preserve managed URL/ID
10453,Gemeindekurier Ostern 2026,https://www.gemeinde-merching.de/?wpdmdl=10453,206,PDF,https://www.gemeinde-merching.de/?wpdmdl=10453|https://www.gemeinde-merching.de/download/gemeindekurier-ostern-2026/?wpdmdl=10453,Verified PDF delivery; preserve managed URL/ID
10426,Bekanntmachung des abschließenden Ergebnisses der Wahl des ersten Bürgermeisters am 08.03.2026,https://www.gemeinde-merching.de/?wpdmdl=10426,206,PDF,https://www.gemeinde-merching.de/?wpdmdl=10426|https://www.gemeinde-merching.de/download/bekanntmachung-des-abschliessenden-ergebnisses-der-wahl-des-ersten-buergermeisters-am-08-03-2026/?wpdmdl=10426,Verified PDF delivery; preserve managed URL/ID
7022,Kleineinleiter - Satzung für die Erhebung einer Kommunalabgabe zur Abwälzung der Abwasserabgabe für Kleineinleiter,https://www.gemeinde-merching.de/?wpdmdl=7022,206,PDF,https://www.gemeinde-merching.de/?wpdmdl=7022|https://www.gemeinde-merching.de/download/kleineinleiter-satzung-fuer-die-erhebung-einer-kommunalabgabe-zur-abwaelzung-der-abwasserabgabe-fuer-kleineinleiter/?wpdmdl=7022,Verified PDF delivery; preserve managed URL/ID
9242,MSV - HH 2 Haushaltssatzung 2026,https://www.gemeinde-merching.de/?wpdmdl=9242,206,PDF,https://www.gemeinde-merching.de/?wpdmdl=9242|https://www.gemeinde-merching.de/download/msv-hh-2-haushaltssatzung-2026/?wpdmdl=9242,Verified PDF delivery; preserve managed URL/ID
7024,Information zur elektronischen Lohnsteuerkarte,https://www.gemeinde-merching.de/?wpdmdl=7024,206,PDF,https://www.gemeinde-merching.de/?wpdmdl=7024|https://www.gemeinde-merching.de/download/information-zur-elektronischen-lohnsteuerkarte/?wpdmdl=7024,Verified PDF delivery; preserve managed URL/ID
7020,Erschließungsbeiträge - Satzung über die Erschließungsbeiträge in der Fassung der 2. Änderung vom 15.05.1992,https://www.gemeinde-merching.de/?wpdmdl=7020,206,PDF,https://www.gemeinde-merching.de/?wpdmdl=7020|https://www.gemeinde-merching.de/download/erschliessungsbeitraege-satzung-ueber-die-erschliessungsbeitraege-in-der-fassung-der-2-aenderung-vom-15-05-1992/?wpdmdl=7020,Verified PDF delivery; preserve managed URL/ID
7021,Hausnummerierung - Satzung über die Hausnummerierung,https://www.gemeinde-merching.de/?wpdmdl=7021,206,PDF,https://www.gemeinde-merching.de/?wpdmdl=7021|https://www.gemeinde-merching.de/download/hausnummerierung-satzung-ueber-die-hausnummerierung/?wpdmdl=7021,Verified PDF delivery; preserve managed URL/ID
8020,"Flyer ""Stromausfall"" - Vorbereitungsmaßnahmen und Anlaufstellen",https://www.gemeinde-merching.de/?wpdmdl=8020,206,PDF,https://www.gemeinde-merching.de/?wpdmdl=8020|https://www.gemeinde-merching.de/download/flyer-stromausfall-vorbereitungsmassnahmen-und-anlaufstellen/?wpdmdl=8020,Verified PDF delivery; preserve managed URL/ID
7025,Vereinsförderrichtlinien der Gemeinde Merching ab 2013,https://www.gemeinde-merching.de/?wpdmdl=7025,206,PDF,https://www.gemeinde-merching.de/?wpdmdl=7025|https://www.gemeinde-merching.de/download/vereinsfoerderrichtlinien-der-gemeinde-merching-ab-2013/?wpdmdl=7025,Verified PDF delivery; preserve managed URL/ID
7028,Antrag Fuer Wasserbezug,https://www.gemeinde-merching.de/?wpdmdl=7028,206,PDF,https://www.gemeinde-merching.de/?wpdmdl=7028|https://www.gemeinde-merching.de/download/antrag-fuer-wasserbezug/?wpdmdl=7028,Verified PDF delivery; preserve managed URL/ID
7029,Bauwasserbezugsvertrag,https://www.gemeinde-merching.de/?wpdmdl=7029,206,PDF,https://www.gemeinde-merching.de/?wpdmdl=7029|https://www.gemeinde-merching.de/download/bauwasserbezugsvertrag/?wpdmdl=7029,Verified PDF delivery; preserve managed URL/ID
7030,Einfriedung - Satzung der Gemeinde Merching über die Höhe von Einfriedungen (Einfriedungssatzung),https://www.gemeinde-merching.de/?wpdmdl=7030,206,PDF,https://www.gemeinde-merching.de/?wpdmdl=7030|https://www.gemeinde-merching.de/download/einfriedung-satzung-der-gemeinde-merching-ueber-die-hoehe-von-einfriedungen-einfriedungssatzung/?wpdmdl=7030,Verified PDF delivery; preserve managed URL/ID
7031,SEPA-Mandat Gemeinde Merching,https://www.gemeinde-merching.de/?wpdmdl=7031,206,PDF,https://www.gemeinde-merching.de/?wpdmdl=7031|https://www.gemeinde-merching.de/download/mandat-gemeinde-merching/?wpdmdl=7031,Verified PDF delivery; preserve managed URL/ID
7034,Anmeldung eines Gartenwasserzählers,https://www.gemeinde-merching.de/?wpdmdl=7034,206,PDF,https://www.gemeinde-merching.de/?wpdmdl=7034|https://www.gemeinde-merching.de/download/anmeldung-eines-gartenwasserzaehlers/?wpdmdl=7034,Verified PDF delivery; preserve managed URL/ID
7040,Blauzungenkrankheit - Amtsblatt 75 Nr. 4b des Landkreises Aichach-Friedberg,https://www.gemeinde-merching.de/?wpdmdl=7040,206,PDF,https://www.gemeinde-merching.de/?wpdmdl=7040|https://www.gemeinde-merching.de/download/blauzungenkrankheit-amtsblatt-75-nr-4b-des-landkreises-aichach-friedberg/?wpdmdl=7040,Verified PDF delivery; preserve managed URL/ID
7041,Geschäftsordnung - Geschäftsordnung 2020,https://www.gemeinde-merching.de/?wpdmdl=7041,206,PDF,https://www.gemeinde-merching.de/?wpdmdl=7041|https://www.gemeinde-merching.de/download/geschaeftsordnung-geschaeftsordnung-2020/?wpdmdl=7041,Verified PDF delivery; preserve managed URL/ID
7042,Gemeindeverfassungsrecht - Satzung zur Regelung von Fragen des örtlichen Gemeindeverfassungsrechts 06.05.2020,https://www.gemeinde-merching.de/?wpdmdl=7042,206,PDF,https://www.gemeinde-merching.de/?wpdmdl=7042|https://www.gemeinde-merching.de/download/gemeindeverfassungsrecht-satzung-zur-regelung-von-fragen-des-oertlichen-gemeindeverfassungsrechts-06-05-2020/?wpdmdl=7042,Verified PDF delivery; preserve managed URL/ID
7043,Bestattung - Satzung über die öffentl. Bestattungseinrichtung der Gemeinde Merching vom 18.07.2022 - gültig bis 31.12.2026,https://www.gemeinde-merching.de/?wpdmdl=7043,206,PDF,https://www.gemeinde-merching.de/?wpdmdl=7043|https://www.gemeinde-merching.de/download/bestattung-satzung-ueber-die-oeffentl-bestattungseinrichtung-der-gemeinde-merching-vom-18-07-2022-gueltig-ab-01-01-2023/?wpdmdl=7043,Verified PDF delivery; preserve managed URL/ID
10568,Bekanntmachung Vergabe von gemeindlichen Wohnbaugrundstücken,https://www.gemeinde-merching.de/?wpdmdl=10568,206,PDF,https://www.gemeinde-merching.de/?wpdmdl=10568|https://www.gemeinde-merching.de/download/bekanntmachung-vergabe-von-gemeindlichen-wohnbaugrundstuecken/?wpdmdl=10568,Verified PDF delivery; preserve managed URL/ID
7049,Landespflegegeld unterstützt Pflegebedürftige - Pressemitteilung Landratsamt Aichach-Friedberg 08/2021,https://www.gemeinde-merching.de/?wpdmdl=7049,206,PDF,https://www.gemeinde-merching.de/?wpdmdl=7049|https://www.gemeinde-merching.de/download/landespflegegeld-unterstuetzt-pflegebeduerftige-pressemitteilung-landratsamt-aichach-friedberg-08-2021/?wpdmdl=7049,Verified PDF delivery; preserve managed URL/ID
7051,Reinigungs- und Winterdienstverordnung vom 04.11.2021,https://www.gemeinde-merching.de/?wpdmdl=7051,206,PDF,https://www.gemeinde-merching.de/?wpdmdl=7051|https://www.gemeinde-merching.de/download/reinigungs-und-winterdienstverordnung-vom-04-11-2021/?wpdmdl=7051,Verified PDF delivery; preserve managed URL/ID
7052,Grundsteuerreform - Die neue Grundsteuer in Bayern,https://www.gemeinde-merching.de/?wpdmdl=7052,206,PDF,https://www.gemeinde-merching.de/?wpdmdl=7052|https://www.gemeinde-merching.de/download/grundsteuerreform-die-neue-grundsteuer-in-bayern/?wpdmdl=7052,Verified PDF delivery; preserve managed URL/ID
7059,Bestattung - Gebührensatzung zur Satzung für die öffentl. Bestattungseinrichtung (GBS/BES) der Gemeinde Merching bis 31.12.2026,https://www.gemeinde-merching.de/?wpdmdl=7059,206,PDF,https://www.gemeinde-merching.de/?wpdmdl=7059|https://www.gemeinde-merching.de/download/bestattung-gebuehrensatzung-zur-satzung-fuer-die-oeffentl-bestattungseinrichtung-gbs-bes-der-gemeinde-merching-vom-18-07-2022-gueltig-ab-01-01-2023/?wpdmdl=7059,Verified PDF delivery; preserve managed URL/ID
7064,Grundsteuererklärung Informationen 14.12.2022,https://www.gemeinde-merching.de/?wpdmdl=7064,206,PDF,https://www.gemeinde-merching.de/?wpdmdl=7064|https://www.gemeinde-merching.de/download/grundsteuererklaerung-informationen-14-12-2022/?wpdmdl=7064,Verified PDF delivery; preserve managed URL/ID
9913,Entwässerung - Beitrags- und Gebührensatzung zur Entwässerungsatzung ab 01.01.2026,https://www.gemeinde-merching.de/?wpdmdl=9913,206,PDF,https://www.gemeinde-merching.de/?wpdmdl=9913|https://www.gemeinde-merching.de/download/entwaesserung-beitrags-und-gebuehrensatzung-zur-entwaesserungsatzung/?wpdmdl=9913,Verified PDF delivery; preserve managed URL/ID
9915,Ehrungen - Satzung über die Verleihung von Ehrungen durch die Gemeinde Merching,https://www.gemeinde-merching.de/?wpdmdl=9915,206,PDF,https://www.gemeinde-merching.de/?wpdmdl=9915|https://www.gemeinde-merching.de/download/ehrungen-satzung-ueber-die-verleihung-von-ehrungen-durch-die-gemeinde-merching-ab-07-08-2025/?wpdmdl=9915,Verified PDF delivery; preserve managed URL/ID
9939,Ausschreibung Architekturpreis Bezirk Schwaben 2026,https://www.gemeinde-merching.de/?wpdmdl=9939,206,PDF,https://www.gemeinde-merching.de/?wpdmdl=9939|https://www.gemeinde-merching.de/download/ausschreibung-architekturpreis-bezirk-schwaben-2026/?wpdmdl=9939,Verified PDF delivery; preserve managed URL/ID
8785,Was soll ich tun bei Hochwasser?,https://www.gemeinde-merching.de/?wpdmdl=8785,206,PDF,https://www.gemeinde-merching.de/?wpdmdl=8785|https://www.gemeinde-merching.de/download/was-soll-ich-tun-bei-hochwasser/?wpdmdl=8785,Verified PDF delivery; preserve managed URL/ID
8088,Wasserabgabesatzung 01.01.2022,https://www.gemeinde-merching.de/?wpdmdl=8088,206,PDF,https://www.gemeinde-merching.de/?wpdmdl=8088|https://www.gemeinde-merching.de/download/wasserabgabesatzung-01-01-2022/?wpdmdl=8088,Verified PDF delivery; preserve managed URL/ID
8090,Entwässerungssatzung 01.01.2022,https://www.gemeinde-merching.de/?wpdmdl=8090,206,PDF,https://www.gemeinde-merching.de/?wpdmdl=8090|https://www.gemeinde-merching.de/download/entwaesserungssatzung-01-01-2022/?wpdmdl=8090,Verified PDF delivery; preserve managed URL/ID
9925,Feuerwehr - Satzung über Aufwendungs- und Kostenersatz für Einsätze und andere Leistungen gemeindlicher Feuerwehren ab 01.01.2026,https://www.gemeinde-merching.de/?wpdmdl=9925,206,PDF,https://www.gemeinde-merching.de/?wpdmdl=9925|https://www.gemeinde-merching.de/download/bekanntmachung-satzung-d-gemeinde-merching-ue-aufwendungs-u-kostenersatz-f-einsaetze-u-andere-leistungen-gemeindlicher-feuerwehren-ab-01-01-2026/?wpdmdl=9925,Verified PDF delivery; preserve managed URL/ID
9911,Wasser - Beitrags- und Gebührensatzung zur Wasserabgabesatzung ab 01.01.2026,https://www.gemeinde-merching.de/?wpdmdl=9911,206,PDF,https://www.gemeinde-merching.de/?wpdmdl=9911|https://www.gemeinde-merching.de/download/wasser-beitrags-und-gebuehrensatzung-zur-wasserabgabesatzung-ab-01-01-2026/?wpdmdl=9911,Verified PDF delivery; preserve managed URL/ID
9968,Bekanntmachung Stellplatzsatzung vom 08.09.2025,https://www.gemeinde-merching.de/?wpdmdl=9968,206,PDF,https://www.gemeinde-merching.de/?wpdmdl=9968|https://www.gemeinde-merching.de/download/bekanntmachung-stellplatzsatzung-vom-08-09-2025/?wpdmdl=9968,Verified PDF delivery; preserve managed URL/ID
8659,Beste Ausbildungs- und Studienchanchen in der öffentlichen Verwaltung Bayerns,https://www.gemeinde-merching.de/?wpdmdl=8659,206,PDF,https://www.gemeinde-merching.de/?wpdmdl=8659|https://www.gemeinde-merching.de/download/beste-ausbildungs-und-studienchanchen-in-der-oeffentlichen-verwaltung-bayerns/?wpdmdl=8659,Verified PDF delivery; preserve managed URL/ID
9234,GSV - HH 1 Inhaltsverzeichnis 2026,https://www.gemeinde-merching.de/?wpdmdl=9234,206,PDF,https://www.gemeinde-merching.de/?wpdmdl=9234|https://www.gemeinde-merching.de/download/gsv-hh-inhaltsverzeichnis-2026/?wpdmdl=9234,Verified PDF delivery; preserve managed URL/ID
9244,MSV - HH 4 Vorbericht 2026,https://www.gemeinde-merching.de/?wpdmdl=9244,206,PDF,https://www.gemeinde-merching.de/?wpdmdl=9244|https://www.gemeinde-merching.de/download/msv-hh-4-vorbericht-2026/?wpdmdl=9244,Verified PDF delivery; preserve managed URL/ID
9243,MSV - HH 3 Schulverbandsumlage 2026,https://www.gemeinde-merching.de/?wpdmdl=9243,206,PDF,https://www.gemeinde-merching.de/?wpdmdl=9243|https://www.gemeinde-merching.de/download/msv-hh-3-schulverbandsumlage-2026/?wpdmdl=9243,Verified PDF delivery; preserve managed URL/ID
10532,Verkündung des Ergebnisses der Wahl des Ortssprechers für den Ortsteil Hochdorf,https://www.gemeinde-merching.de/?wpdmdl=10532,206,PDF,https://www.gemeinde-merching.de/?wpdmdl=10532|https://www.gemeinde-merching.de/download/verkuendung-des-ergebnisses-der-wahl-des-ortssprechers-fuer-den-ortsteil-hochdorf/?wpdmdl=10532,Verified PDF delivery; preserve managed URL/ID
10376,Prüfbericht Trinkwasser November 2025,https://www.gemeinde-merching.de/?wpdmdl=10376,206,PDF,https://www.gemeinde-merching.de/?wpdmdl=10376|https://www.gemeinde-merching.de/download/pruefbericht-trinkwasser-november-2025/?wpdmdl=10376,Verified PDF delivery; preserve managed URL/ID
8722,"Schäden oder Störungen an Straßenlampen mit dem ""bayernwerk SchadensMelder"" an die Kommune melden",https://www.gemeinde-merching.de/?wpdmdl=8722,200,page,https://www.gemeinde-merching.de/?wpdmdl=8722|https://www.gemeinde-merching.de/download/schaeden-oder-stoerungen-an-strassenlampen-mit-dem-bayernwerk-schadensmelder-an-die-kommune-melden/?wpdmdl=8722,"Not a successful PDF response; inspect privately, do not silently publish a guessed substitute"
9246,MSV - HH 6 Stellenplan 2026,https://www.gemeinde-merching.de/?wpdmdl=9246,206,PDF,https://www.gemeinde-merching.de/?wpdmdl=9246|https://www.gemeinde-merching.de/download/msv-hh-6-stellenplan-2026/?wpdmdl=9246,Verified PDF delivery; preserve managed URL/ID
9238,GSV - HH 5 Haushaltsplan mit Finanzplan 2026,https://www.gemeinde-merching.de/?wpdmdl=9238,206,PDF,https://www.gemeinde-merching.de/?wpdmdl=9238|https://www.gemeinde-merching.de/download/gsv-hh-haushaltsplan-mit-finanzplan/?wpdmdl=9238,Verified PDF delivery; preserve managed URL/ID
9237,GSV - HH 4 Vorbericht 2026,https://www.gemeinde-merching.de/?wpdmdl=9237,206,PDF,https://www.gemeinde-merching.de/?wpdmdl=9237|https://www.gemeinde-merching.de/download/gsv-hh-vorbericht-2026/?wpdmdl=9237,Verified PDF delivery; preserve managed URL/ID
9236,GSV - HH 3 Schulverbandsumlage 2026,https://www.gemeinde-merching.de/?wpdmdl=9236,206,PDF,https://www.gemeinde-merching.de/?wpdmdl=9236|https://www.gemeinde-merching.de/download/gsv-hh-schulverbandsumlage-2026/?wpdmdl=9236,Verified PDF delivery; preserve managed URL/ID
8962,sachlicher Teilflächennutzungsplan Windkraft,https://www.gemeinde-merching.de/?wpdmdl=8962,206,PDF,https://www.gemeinde-merching.de/?wpdmdl=8962|https://www.gemeinde-merching.de/download/sachlicher-teilflaechennutzungsplan-windkraft/?wpdmdl=8962,Verified PDF delivery; preserve managed URL/ID
9230,GSV - HH 0 Deckblatt 2026,https://www.gemeinde-merching.de/?wpdmdl=9230,206,PDF,https://www.gemeinde-merching.de/?wpdmdl=9230|https://www.gemeinde-merching.de/download/gsv-hh-deckblatt/?wpdmdl=9230,Verified PDF delivery; preserve managed URL/ID
9247,MSV - HH 7 Anlagen 2026,https://www.gemeinde-merching.de/?wpdmdl=9247,206,PDF,https://www.gemeinde-merching.de/?wpdmdl=9247|https://www.gemeinde-merching.de/download/msv-hh-7-anlagen-2026/?wpdmdl=9247,Verified PDF delivery; preserve managed URL/ID
9235,GSV - HH 2 Haushaltssatzung 2026,https://www.gemeinde-merching.de/?wpdmdl=9235,206,PDF,https://www.gemeinde-merching.de/?wpdmdl=9235|https://www.gemeinde-merching.de/download/gsv-hh-haushaltssatzung-2026/?wpdmdl=9235,Verified PDF delivery; preserve managed URL/ID
9307,Gde - HH 0 Deckblatt 2026,https://www.gemeinde-merching.de/?wpdmdl=9307,206,PDF,https://www.gemeinde-merching.de/?wpdmdl=9307|https://www.gemeinde-merching.de/download/gde-hh-0-deckblatt-2026/?wpdmdl=9307,Verified PDF delivery; preserve managed URL/ID
9308,Gde - HH 1 Inhaltsverzeichnis 2026,https://www.gemeinde-merching.de/?wpdmdl=9308,206,PDF,https://www.gemeinde-merching.de/?wpdmdl=9308|https://www.gemeinde-merching.de/download/gde-hh-1-inhaltsverzeichnis/?wpdmdl=9308,Verified PDF delivery; preserve managed URL/ID
9309,Gde - HH 2 Haushaltssatzung 2026,https://www.gemeinde-merching.de/?wpdmdl=9309,206,PDF,https://www.gemeinde-merching.de/?wpdmdl=9309|https://www.gemeinde-merching.de/download/gde-hh-2-haushaltssatzung-2026/?wpdmdl=9309,Verified PDF delivery; preserve managed URL/ID
9310,Gde - HH 3 Vorbericht 2026,https://www.gemeinde-merching.de/?wpdmdl=9310,206,PDF,https://www.gemeinde-merching.de/?wpdmdl=9310|https://www.gemeinde-merching.de/download/gde-hh-3-vorbericht-2026/?wpdmdl=9310,Verified PDF delivery; preserve managed URL/ID
9311,Gde - HH 4 Darlehen 2026,https://www.gemeinde-merching.de/?wpdmdl=9311,206,PDF,https://www.gemeinde-merching.de/?wpdmdl=9311|https://www.gemeinde-merching.de/download/gde-hh-4-darlehen-2026/?wpdmdl=9311,Verified PDF delivery; preserve managed URL/ID
9312,Gde - HH 5 Kreditermächtigungen 2026,https://www.gemeinde-merching.de/?wpdmdl=9312,206,PDF,https://www.gemeinde-merching.de/?wpdmdl=9312|https://www.gemeinde-merching.de/download/gde-hh-5-kreditermaechtigungen-2026/?wpdmdl=9312,Verified PDF delivery; preserve managed URL/ID
9313,Gde - HH 6 Haushaltsplan mit Finanzplan 2026,https://www.gemeinde-merching.de/?wpdmdl=9313,206,PDF,https://www.gemeinde-merching.de/?wpdmdl=9313|https://www.gemeinde-merching.de/download/gde-hh-6-haushaltsplan-mit-finanzplan-2026/?wpdmdl=9313,Verified PDF delivery; preserve managed URL/ID
9314,Gde - HH 7 Stellenplan 2026,https://www.gemeinde-merching.de/?wpdmdl=9314,206,PDF,https://www.gemeinde-merching.de/?wpdmdl=9314|https://www.gemeinde-merching.de/download/gde-hh-7-stellenplan-2026/?wpdmdl=9314,Verified PDF delivery; preserve managed URL/ID
9315,Gde - HH 8 Anlagen 2026,https://www.gemeinde-merching.de/?wpdmdl=9315,206,PDF,https://www.gemeinde-merching.de/?wpdmdl=9315|https://www.gemeinde-merching.de/download/gde-hh-8-anlagen-2026/?wpdmdl=9315,Verified PDF delivery; preserve managed URL/ID
9316,Gde - HH 9 Finanzplan Vermögenshaushalt Detail 2026,https://www.gemeinde-merching.de/?wpdmdl=9316,206,PDF,https://www.gemeinde-merching.de/?wpdmdl=9316|https://www.gemeinde-merching.de/download/gde-hh-9-finanzplan-vermoegenshaushalt-detail-2026/?wpdmdl=9316,Verified PDF delivery; preserve managed URL/ID
9417,Plakatierungsverordnung vom 14.12.2023,https://www.gemeinde-merching.de/?wpdmdl=9417,206,PDF,https://www.gemeinde-merching.de/?wpdmdl=9417|https://www.gemeinde-merching.de/download/plakatierungsverordnung-vom-14-12-2023/?wpdmdl=9417,Verified PDF delivery; preserve managed URL/ID
9511,Bekanntmachung Kostensatzung,https://www.gemeinde-merching.de/?wpdmdl=9511,206,PDF,https://www.gemeinde-merching.de/?wpdmdl=9511|https://www.gemeinde-merching.de/download/bekanntmachung-kostensatzung/?wpdmdl=9511,Verified PDF delivery; preserve managed URL/ID
10803,Gemeindekurier Sommer 2026,https://www.gemeinde-merching.de/?wpdmdl=10803,206,PDF,https://www.gemeinde-merching.de/?wpdmdl=10803|https://www.gemeinde-merching.de/download/gemeindekurier-sommer-2026/?wpdmdl=10803,Verified PDF delivery; preserve managed URL/ID
10793,Bestattung - Gebührensatzung zur Satzung für öffentl. Bestattungseinrichtung (GBS/BES) der Gemeinde Merching ab 01.01.2027,https://www.gemeinde-merching.de/?wpdmdl=10793,206,PDF,https://www.gemeinde-merching.de/?wpdmdl=10793|https://www.gemeinde-merching.de/download/bestattung-gebuehrensatzung-zur-satzung-fuer-oeffentl-bestattungseinrichtung-gbs-bes-der-gemeinde-merching-ab-01-01-2027/?wpdmdl=10793,Verified PDF delivery; preserve managed URL/ID
10316,Bekanntmachung Kommunale Wärmeplanung Merching,https://www.gemeinde-merching.de/?wpdmdl=10316,206,PDF,https://www.gemeinde-merching.de/?wpdmdl=10316|https://www.gemeinde-merching.de/download/bekanntmachung-kommunale-waermeplanung-merching/?wpdmdl=10316,Verified PDF delivery; preserve managed URL/ID
10326,Pressemitteilung Mikrozensus 2026,https://www.gemeinde-merching.de/?wpdmdl=10326,206,PDF,https://www.gemeinde-merching.de/?wpdmdl=10326|https://www.gemeinde-merching.de/download/pressemitteilung-mikrozensus-2026/?wpdmdl=10326,Verified PDF delivery; preserve managed URL/ID
10772,"Bekanntmachung Eröffnung Vergabeverfahren für Baugrundstücke, Baugebiet 34 ""Östlich der Nebelhornstraße""",https://www.gemeinde-merching.de/?wpdmdl=10772,206,PDF,https://www.gemeinde-merching.de/?wpdmdl=10772|https://www.gemeinde-merching.de/download/bekanntmachung-eroeffnung-vergabeverfahren-fuer-baugrundstuecke-baugebiet-34-oestlich-der-nebelhornstrasse/?wpdmdl=10772,Verified PDF delivery; preserve managed URL/ID
10455,Ortssprecherwahl Steinach u. Hochdorf - Beilage Gemeindekurier zu Ostern f. die Ortsteile,https://www.gemeinde-merching.de/?wpdmdl=10455,206,PDF,https://www.gemeinde-merching.de/?wpdmdl=10455|https://www.gemeinde-merching.de/download/ortssprecherwahl-steinach-u-hochdorf-beilage-gemeindekurier-zu-ostern-f-die-ortsteile/?wpdmdl=10455,Verified PDF delivery; preserve managed URL/ID
10463,Bekanntmachung für den Erörterungstermin Licca Liber I,https://www.gemeinde-merching.de/?wpdmdl=10463,206,PDF,https://www.gemeinde-merching.de/?wpdmdl=10463|https://www.gemeinde-merching.de/download/bekanntmachung-fuer-den-eroerterungstermin-licca-liber-i/?wpdmdl=10463,Verified PDF delivery; preserve managed URL/ID
10624,Satzung zur Regelung von Fragen des örtlichen Gemeindeverfassungsrechts vom 19.05.2026,https://www.gemeinde-merching.de/?wpdmdl=10624,206,PDF,https://www.gemeinde-merching.de/?wpdmdl=10624|https://www.gemeinde-merching.de/download/satzung-zur-regelung-von-fragen-des-oertlichen-gemeindeverfassungsrechts/?wpdmdl=10624,Verified PDF delivery; preserve managed URL/ID
10683,Geschäftsordnung ab Mai 2026,https://www.gemeinde-merching.de/?wpdmdl=10683,206,PDF,https://www.gemeinde-merching.de/?wpdmdl=10683|https://www.gemeinde-merching.de/download/geschaeftsordnung-ab-mai-2026/?wpdmdl=10683,Verified PDF delivery; preserve managed URL/ID
10737,Bekanntmachung Einladung Verbandsversammlung Adelburggruppe 24.06.2026,https://www.gemeinde-merching.de/?wpdmdl=10737,206,PDF,https://www.gemeinde-merching.de/?wpdmdl=10737|https://www.gemeinde-merching.de/download/bekanntmachung-einladung-verbandsversammlung-adelburggruppe-24-06-2026/?wpdmdl=10737,Verified PDF delivery; preserve managed URL/ID
10785,Bekanntmachung Friedhofs- und Bestattungssatzung ab 01.01.2027,https://www.gemeinde-merching.de/?wpdmdl=10785,206,PDF,https://www.gemeinde-merching.de/?wpdmdl=10785|https://www.gemeinde-merching.de/download/bekanntmachung-friedhofs-und-bestattungssatzung-ab-01-01-2027/?wpdmdl=10785,Verified PDF delivery; preserve managed URL/ID
10741,Rechtsverordnung über die Zulassung des Betriebs von Autowaschanlagen an Sonn- und Feiertagen,https://www.gemeinde-merching.de/?wpdmdl=10741,206,PDF,https://www.gemeinde-merching.de/?wpdmdl=10741|https://www.gemeinde-merching.de/download/rechtsverordnung-ueber-die-zulassung-des-betriebs-von-autowaschanlagen-an-sonn-und-feiertagen/?wpdmdl=10741,Verified PDF delivery; preserve managed URL/ID
10748,Amtsblatt Landkreis Aichach-Friedberg vom 02.06.2026 m. Bekanntmachung Haushaltssatzung f.d. Haushalt 2026 des Zweckverband zur Wasserversorgung d. Adelburggruppe,https://www.gemeinde-merching.de/?wpdmdl=10748,206,PDF,https://www.gemeinde-merching.de/?wpdmdl=10748|https://www.gemeinde-merching.de/download/amtsblatt-landkreis-aichach-friedberg-vom-02-06-2026-m-bekanntmachung-haushaltssatzung-f-d-haushalt-2026-des-zweckverband-zur-wasserversorgung-d-adelburggruppe/?wpdmdl=10748,Verified PDF delivery; preserve managed URL/ID
10870,Bodenrichtwerte ab 01.01.2026 für Merching,https://www.gemeinde-merching.de/?wpdmdl=10870,206,PDF,https://www.gemeinde-merching.de/?wpdmdl=10870|https://www.gemeinde-merching.de/download/bodenrichtwerte-ab-01-01-2026-fuer-merching/?wpdmdl=10870,Verified PDF delivery; preserve managed URL/ID
10872,Bodenrichtwerte ab 01.01.2026 für Steinach und Hochdorf,https://www.gemeinde-merching.de/?wpdmdl=10872,206,PDF,https://www.gemeinde-merching.de/?wpdmdl=10872|https://www.gemeinde-merching.de/download/bodenrichtwerte-ab-01-01-2026-fuer-steinach-und-hochdorf/?wpdmdl=10872,Verified PDF delivery; preserve managed URL/ID
10874,Bodenrichtwerte f. landwirtschaftliche Flächen ab 01.01.2026,https://www.gemeinde-merching.de/?wpdmdl=10874,206,PDF,https://www.gemeinde-merching.de/?wpdmdl=10874|https://www.gemeinde-merching.de/download/bodenrichtwerte-f-landwirtschaftliche-flaechen-ab-01-01-2026/?wpdmdl=10874,Verified PDF delivery; preserve managed URL/ID
