request_url,hop,source_url,status,target_url
https://www.gemeinde-merching.de/alle-downloads/,1,https://www.gemeinde-merching.de/alle-downloads/,301,https://www.gemeinde-merching.de/buergerservice/alle-downloads-in-der-uebersicht/
https://www.gemeinde-merching.de/flaechennutzungsplan-bebauungsplaene/,1,https://www.gemeinde-merching.de/flaechennutzungsplan-bebauungsplaene/,301,https://www.gemeinde-merching.de/buergerservice/flaechennutzungsplan-bebauungsplaene/
https://www.gemeinde-merching.de/pt_view/portalseite-aus-merching-copy-2/,1,https://www.gemeinde-merching.de/pt_view/portalseite-aus-merching-copy-2/,301,https://www.gemeinde-merching.de/
https://www.gemeinde-merching.de/pt_view/portalseite-aus-merching-copy-3/,1,https://www.gemeinde-merching.de/pt_view/portalseite-aus-merching-copy-3/,301,https://www.gemeinde-merching.de/
https://www.gemeinde-merching.de/pt_view/portalseite-aus-merching-copy-4/,1,https://www.gemeinde-merching.de/pt_view/portalseite-aus-merching-copy-4/,301,https://www.gemeinde-merching.de/
https://www.gemeinde-merching.de/pt_view/portalseite-aus-merching-copy-5/,1,https://www.gemeinde-merching.de/pt_view/portalseite-aus-merching-copy-5/,301,https://www.gemeinde-merching.de/
https://www.gemeinde-merching.de/pt_view/portalseite-aus-merching-copy/,1,https://www.gemeinde-merching.de/pt_view/portalseite-aus-merching-copy/,301,https://www.gemeinde-merching.de/
https://www.gemeinde-merching.de/pt_view/prototyp-v1-portalseite-aus-merching-copy/,1,https://www.gemeinde-merching.de/pt_view/prototyp-v1-portalseite-aus-merching-copy/,301,https://www.gemeinde-merching.de/
http://www.gemeinde-merching.de/buergerservice/downloads/,1,http://www.gemeinde-merching.de/buergerservice/downloads/,301,https://www.gemeinde-merching.de/buergerservice/downloads/
http://www.gemeinde-merching.de/buergerservice/lebenslagen/eheschliessung,1,http://www.gemeinde-merching.de/buergerservice/lebenslagen/eheschliessung,301,https://www.gemeinde-merching.de/buergerservice/lebenslagen/eheschliessung
http://www.gemeinde-merching.de/buergerservice/lebenslagen/eheschliessung,2,https://www.gemeinde-merching.de/buergerservice/lebenslagen/eheschliessung,301,https://www.gemeinde-merching.de/buergerservice/lebenslagen/eheschliessung/
http://www.gemeinde-merching.de/buergerservice/lebenslagen/eheschliessung/,1,http://www.gemeinde-merching.de/buergerservice/lebenslagen/eheschliessung/,301,https://www.gemeinde-merching.de/buergerservice/lebenslagen/eheschliessung/
http://www.gemeinde-merching.de/buergerservice/lebenslagen/ein-umzug-steht-bevor/,1,http://www.gemeinde-merching.de/buergerservice/lebenslagen/ein-umzug-steht-bevor/,301,https://www.gemeinde-merching.de/buergerservice/lebenslagen/ein-umzug-steht-bevor/
http://www.gemeinde-merching.de/buergerservice/lebenslagen/fuehrungszeugnis-auskunft-aus-dem-gewerbezentralregister/,1,http://www.gemeinde-merching.de/buergerservice/lebenslagen/fuehrungszeugnis-auskunft-aus-dem-gewerbezentralregister/,301,https://www.gemeinde-merching.de/buergerservice/lebenslagen/fuehrungszeugnis-auskunft-aus-dem-gewerbezentralregister/
http://www.gemeinde-merching.de/buergerservice/lebenslagen/personalausweis/,1,http://www.gemeinde-merching.de/buergerservice/lebenslagen/personalausweis/,301,https://www.gemeinde-merching.de/buergerservice/lebenslagen/personalausweis/
http://www.gemeinde-merching.de/buergerservice/lebenslagen/reisepass/,1,http://www.gemeinde-merching.de/buergerservice/lebenslagen/reisepass/,301,https://www.gemeinde-merching.de/buergerservice/lebenslagen/reisepass/
http://www.gemeinde-merching.de/buergerservice/lebenslagen/wertstoffsammlung/,1,http://www.gemeinde-merching.de/buergerservice/lebenslagen/wertstoffsammlung/,301,https://www.gemeinde-merching.de/buergerservice/lebenslagen/wertstoffsammlung/
http://www.gemeinde-merching.de/wp-content/uploads/2012/06/Rathaus_front.jpg,1,http://www.gemeinde-merching.de/wp-content/uploads/2012/06/Rathaus_front.jpg,301,https://www.gemeinde-merching.de/wp-content/uploads/2012/06/Rathaus_front.jpg
http://www.gemeinde-merching.de/wp-content/uploads/2012/06/Wappen-Merching_k.gif,1,http://www.gemeinde-merching.de/wp-content/uploads/2012/06/Wappen-Merching_k.gif,301,https://www.gemeinde-merching.de/wp-content/uploads/2012/06/Wappen-Merching_k.gif
http://www.gemeinde-merching.de/wp-content/uploads/2012/06/felder-am-ortsrand.jpg,1,http://www.gemeinde-merching.de/wp-content/uploads/2012/06/felder-am-ortsrand.jpg,301,https://www.gemeinde-merching.de/wp-content/uploads/2012/06/felder-am-ortsrand.jpg
http://www.gemeinde-merching.de/wp-content/uploads/2012/06/freizeit-am-mandichosee-2.jpg,1,http://www.gemeinde-merching.de/wp-content/uploads/2012/06/freizeit-am-mandichosee-2.jpg,301,https://www.gemeinde-merching.de/wp-content/uploads/2012/06/freizeit-am-mandichosee-2.jpg
http://www.gemeinde-merching.de/wp-content/uploads/2012/06/freizeit-am-mandichosee.jpg,1,http://www.gemeinde-merching.de/wp-content/uploads/2012/06/freizeit-am-mandichosee.jpg,301,https://www.gemeinde-merching.de/wp-content/uploads/2012/06/freizeit-am-mandichosee.jpg
http://www.gemeinde-merching.de/wp-content/uploads/2012/06/kirche_merching.jpg,1,http://www.gemeinde-merching.de/wp-content/uploads/2012/06/kirche_merching.jpg,301,https://www.gemeinde-merching.de/wp-content/uploads/2012/06/kirche_merching.jpg
http://www.gemeinde-merching.de/wp-content/uploads/2012/06/lage.jpg,1,http://www.gemeinde-merching.de/wp-content/uploads/2012/06/lage.jpg,301,https://www.gemeinde-merching.de/wp-content/uploads/2012/06/lage.jpg
http://www.gemeinde-merching.de/wp-content/uploads/2012/06/maibaum.jpg,1,http://www.gemeinde-merching.de/wp-content/uploads/2012/06/maibaum.jpg,301,https://www.gemeinde-merching.de/wp-content/uploads/2012/06/maibaum.jpg
http://www.gemeinde-merching.de/wp-content/uploads/2012/06/rathaus-merching2.jpg,1,http://www.gemeinde-merching.de/wp-content/uploads/2012/06/rathaus-merching2.jpg,301,https://www.gemeinde-merching.de/wp-content/uploads/2012/06/rathaus-merching2.jpg
http://www.gemeinde-merching.de/wp-content/uploads/2012/06/rathaus-merching4.jpg,1,http://www.gemeinde-merching.de/wp-content/uploads/2012/06/rathaus-merching4.jpg,301,https://www.gemeinde-merching.de/wp-content/uploads/2012/06/rathaus-merching4.jpg
http://www.gemeinde-merching.de/wp-content/uploads/2012/06/rathaus.jpg,1,http://www.gemeinde-merching.de/wp-content/uploads/2012/06/rathaus.jpg,301,https://www.gemeinde-merching.de/wp-content/uploads/2012/06/rathaus.jpg
http://www.gemeinde-merching.de/wp-content/uploads/2012/07/BayernAtlas.jpg,1,http://www.gemeinde-merching.de/wp-content/uploads/2012/07/BayernAtlas.jpg,301,https://www.gemeinde-merching.de/wp-content/uploads/2012/07/BayernAtlas.jpg
http://www.gemeinde-merching.de/wp-content/uploads/2012/07/Kopfbild-Startseite.jpg,1,http://www.gemeinde-merching.de/wp-content/uploads/2012/07/Kopfbild-Startseite.jpg,301,https://www.gemeinde-merching.de/wp-content/uploads/2012/07/Kopfbild-Startseite.jpg
http://www.gemeinde-merching.de/wp-content/uploads/2012/07/bayernviewer.jpg,1,http://www.gemeinde-merching.de/wp-content/uploads/2012/07/bayernviewer.jpg,301,https://www.gemeinde-merching.de/wp-content/uploads/2012/07/bayernviewer.jpg
http://www.gemeinde-merching.de/wp-content/uploads/2012/07/feuerwehrauto-merching.jpg,1,http://www.gemeinde-merching.de/wp-content/uploads/2012/07/feuerwehrauto-merching.jpg,301,https://www.gemeinde-merching.de/wp-content/uploads/2012/07/feuerwehrauto-merching.jpg
http://www.gemeinde-merching.de/wp-content/uploads/2012/07/feuerwehrhaus-merching.jpg,1,http://www.gemeinde-merching.de/wp-content/uploads/2012/07/feuerwehrhaus-merching.jpg,301,https://www.gemeinde-merching.de/wp-content/uploads/2012/07/feuerwehrhaus-merching.jpg
http://www.gemeinde-merching.de/wp-content/uploads/2012/07/gemeindekurier.jpg,1,http://www.gemeinde-merching.de/wp-content/uploads/2012/07/gemeindekurier.jpg,301,https://www.gemeinde-merching.de/wp-content/uploads/2012/07/gemeindekurier.jpg
http://www.gemeinde-merching.de/wp-content/uploads/2012/07/logo_blau_frei.gif,1,http://www.gemeinde-merching.de/wp-content/uploads/2012/07/logo_blau_frei.gif,301,https://www.gemeinde-merching.de/wp-content/uploads/2012/07/logo_blau_frei.gif
http://www.gemeinde-merching.de/wp-content/uploads/2012/07/logo_raiba.jpg,1,http://www.gemeinde-merching.de/wp-content/uploads/2012/07/logo_raiba.jpg,301,https://www.gemeinde-merching.de/wp-content/uploads/2012/07/logo_raiba.jpg
http://www.gemeinde-merching.de/wp-content/uploads/2012/07/logo_sska.jpg,1,http://www.gemeinde-merching.de/wp-content/uploads/2012/07/logo_sska.jpg,301,https://www.gemeinde-merching.de/wp-content/uploads/2012/07/logo_sska.jpg
http://www.gemeinde-merching.de/wp-content/uploads/2012/07/mandicho-stausee_2.jpg,1,http://www.gemeinde-merching.de/wp-content/uploads/2012/07/mandicho-stausee_2.jpg,301,https://www.gemeinde-merching.de/wp-content/uploads/2012/07/mandicho-stausee_2.jpg
http://www.gemeinde-merching.de/wp-content/uploads/2012/07/ortsrecht.jpg,1,http://www.gemeinde-merching.de/wp-content/uploads/2012/07/ortsrecht.jpg,301,https://www.gemeinde-merching.de/wp-content/uploads/2012/07/ortsrecht.jpg
http://www.gemeinde-merching.de/wp-content/uploads/2012/07/satzungen.jpg,1,http://www.gemeinde-merching.de/wp-content/uploads/2012/07/satzungen.jpg,301,https://www.gemeinde-merching.de/wp-content/uploads/2012/07/satzungen.jpg
http://www.gemeinde-merching.de/wp-content/uploads/2012/07/schule-merching.jpg,1,http://www.gemeinde-merching.de/wp-content/uploads/2012/07/schule-merching.jpg,301,https://www.gemeinde-merching.de/wp-content/uploads/2012/07/schule-merching.jpg
http://www.gemeinde-merching.de/wp-content/uploads/2012/07/simulation.jpg,1,http://www.gemeinde-merching.de/wp-content/uploads/2012/07/simulation.jpg,301,https://www.gemeinde-merching.de/wp-content/uploads/2012/07/simulation.jpg
http://www.gemeinde-merching.de/wp-content/uploads/2012/08/artikel-kategorien.jpg,1,http://www.gemeinde-merching.de/wp-content/uploads/2012/08/artikel-kategorien.jpg,301,https://www.gemeinde-merching.de/wp-content/uploads/2012/08/artikel-kategorien.jpg
http://www.gemeinde-merching.de/wp-content/uploads/2012/08/link-kateorien.jpg,1,http://www.gemeinde-merching.de/wp-content/uploads/2012/08/link-kateorien.jpg,301,https://www.gemeinde-merching.de/wp-content/uploads/2012/08/link-kateorien.jpg
http://www.gemeinde-merching.de/wp-content/uploads/2012/08/link-kateorien1.jpg,1,http://www.gemeinde-merching.de/wp-content/uploads/2012/08/link-kateorien1.jpg,301,https://www.gemeinde-merching.de/wp-content/uploads/2012/08/link-kateorien1.jpg
http://www.gemeinde-merching.de/wp-content/uploads/2012/08/slideshow.jpg,1,http://www.gemeinde-merching.de/wp-content/uploads/2012/08/slideshow.jpg,301,https://www.gemeinde-merching.de/wp-content/uploads/2012/08/slideshow.jpg
http://www.gemeinde-merching.de/wp-content/uploads/2012/08/tabellen.jpg,1,http://www.gemeinde-merching.de/wp-content/uploads/2012/08/tabellen.jpg,301,https://www.gemeinde-merching.de/wp-content/uploads/2012/08/tabellen.jpg
http://www.gemeinde-merching.de/wp-content/uploads/2012/08/tabellen1.jpg,1,http://www.gemeinde-merching.de/wp-content/uploads/2012/08/tabellen1.jpg,301,https://www.gemeinde-merching.de/wp-content/uploads/2012/08/tabellen1.jpg
http://www.gemeinde-merching.de/wp-content/uploads/2012/09/filebase.jpg,1,http://www.gemeinde-merching.de/wp-content/uploads/2012/09/filebase.jpg,301,https://www.gemeinde-merching.de/wp-content/uploads/2012/09/filebase.jpg
http://www.gemeinde-merching.de/wp-content/uploads/2012/09/wp-33-autoren-redakteure.pdf,1,http://www.gemeinde-merching.de/wp-content/uploads/2012/09/wp-33-autoren-redakteure.pdf,301,https://www.gemeinde-merching.de/wp-content/uploads/2012/09/wp-33-autoren-redakteure.pdf
http://www.gemeinde-merching.de/wp-content/uploads/2012/10/Merching-FC-1_Nach.jpg,1,http://www.gemeinde-merching.de/wp-content/uploads/2012/10/Merching-FC-1_Nach.jpg,301,https://www.gemeinde-merching.de/wp-content/uploads/2012/10/Merching-FC-1_Nach.jpg
http://www.gemeinde-merching.de/wp-content/uploads/2012/10/www_gemeinde-merching_de_ueber-merching_bildergalerie-merching.jpg,1,http://www.gemeinde-merching.de/wp-content/uploads/2012/10/www_gemeinde-merching_de_ueber-merching_bildergalerie-merching.jpg,301,https://www.gemeinde-merching.de/wp-content/uploads/2012/10/www_gemeinde-merching_de_ueber-merching_bildergalerie-merching.jpg
http://www.gemeinde-merching.de/wp-content/uploads/2012/11/Merchinger-Advent-2011-005.jpg,1,http://www.gemeinde-merching.de/wp-content/uploads/2012/11/Merchinger-Advent-2011-005.jpg,301,https://www.gemeinde-merching.de/wp-content/uploads/2012/11/Merchinger-Advent-2011-005.jpg
http://www.gemeinde-merching.de/wp-content/uploads/2013/06/Kombimandat_Gemeinde_Merching.pdf,1,http://www.gemeinde-merching.de/wp-content/uploads/2013/06/Kombimandat_Gemeinde_Merching.pdf,301,https://www.gemeinde-merching.de/wp-content/uploads/2013/06/Kombimandat_Gemeinde_Merching.pdf
http://www.gemeinde-merching.de/wp-content/uploads/2013/06/Kombimandat_Grundschulverband.pdf,1,http://www.gemeinde-merching.de/wp-content/uploads/2013/06/Kombimandat_Grundschulverband.pdf,301,https://www.gemeinde-merching.de/wp-content/uploads/2013/06/Kombimandat_Grundschulverband.pdf
http://www.gemeinde-merching.de/wp-content/uploads/2013/06/Kombimandat_Mittelschulverband.pdf,1,http://www.gemeinde-merching.de/wp-content/uploads/2013/06/Kombimandat_Mittelschulverband.pdf,301,https://www.gemeinde-merching.de/wp-content/uploads/2013/06/Kombimandat_Mittelschulverband.pdf
http://www.gemeinde-merching.de/wp-content/uploads/2013/06/Mandat_Gemeinde_Merching.pdf,1,http://www.gemeinde-merching.de/wp-content/uploads/2013/06/Mandat_Gemeinde_Merching.pdf,301,https://www.gemeinde-merching.de/wp-content/uploads/2013/06/Mandat_Gemeinde_Merching.pdf
http://www.gemeinde-merching.de/wp-content/uploads/2013/06/Mandat_Grundschulverband.pdf,1,http://www.gemeinde-merching.de/wp-content/uploads/2013/06/Mandat_Grundschulverband.pdf,301,https://www.gemeinde-merching.de/wp-content/uploads/2013/06/Mandat_Grundschulverband.pdf
http://www.gemeinde-merching.de/wp-content/uploads/2013/06/Mandat_Mittelschulverband.pdf,1,http://www.gemeinde-merching.de/wp-content/uploads/2013/06/Mandat_Mittelschulverband.pdf,301,https://www.gemeinde-merching.de/wp-content/uploads/2013/06/Mandat_Mittelschulverband.pdf
http://www.gemeinde-merching.de/wp-content/uploads/2014/11/Logo_Energieatlas.jpg,1,http://www.gemeinde-merching.de/wp-content/uploads/2014/11/Logo_Energieatlas.jpg,301,https://www.gemeinde-merching.de/wp-content/uploads/2014/11/Logo_Energieatlas.jpg
http://www.gemeinde-merching.de/wp-content/uploads/2015/08/post-expirator.jpg,1,http://www.gemeinde-merching.de/wp-content/uploads/2015/08/post-expirator.jpg,301,https://www.gemeinde-merching.de/wp-content/uploads/2015/08/post-expirator.jpg
http://www.gemeinde-merching.de/wp-content/uploads/2015/08/post-expirator2.jpg,1,http://www.gemeinde-merching.de/wp-content/uploads/2015/08/post-expirator2.jpg,301,https://www.gemeinde-merching.de/wp-content/uploads/2015/08/post-expirator2.jpg
http://www.gemeinde-merching.de/wp-content/uploads/2016/06/Gewerbeeintraege-mit-connections-anlegen-mit-homepage.jpg,1,http://www.gemeinde-merching.de/wp-content/uploads/2016/06/Gewerbeeintraege-mit-connections-anlegen-mit-homepage.jpg,301,https://www.gemeinde-merching.de/wp-content/uploads/2016/06/Gewerbeeintraege-mit-connections-anlegen-mit-homepage.jpg
http://www.gemeinde-merching.de/wp-content/uploads/2016/06/Gewerbeeintraege-mit-connections-anlegen-ohne-eigene-homepage-1.jpg,1,http://www.gemeinde-merching.de/wp-content/uploads/2016/06/Gewerbeeintraege-mit-connections-anlegen-ohne-eigene-homepage-1.jpg,301,https://www.gemeinde-merching.de/wp-content/uploads/2016/06/Gewerbeeintraege-mit-connections-anlegen-ohne-eigene-homepage-1.jpg
http://www.gemeinde-merching.de/wp-content/uploads/2016/06/Gewerbeeintraege-mit-connections-anlegen-ohne-eigene-homepage-2.jpg,1,http://www.gemeinde-merching.de/wp-content/uploads/2016/06/Gewerbeeintraege-mit-connections-anlegen-ohne-eigene-homepage-2.jpg,301,https://www.gemeinde-merching.de/wp-content/uploads/2016/06/Gewerbeeintraege-mit-connections-anlegen-ohne-eigene-homepage-2.jpg
http://www.gemeinde-merching.de/wp-content/uploads/2016/06/Gewerbeeintraege-mit-connections-verwalten.jpg,1,http://www.gemeinde-merching.de/wp-content/uploads/2016/06/Gewerbeeintraege-mit-connections-verwalten.jpg,301,https://www.gemeinde-merching.de/wp-content/uploads/2016/06/Gewerbeeintraege-mit-connections-verwalten.jpg
http://www.gemeinde-merching.de/wp-content/uploads/2016/08/BSP_Logo_180.jpg,1,http://www.gemeinde-merching.de/wp-content/uploads/2016/08/BSP_Logo_180.jpg,301,https://www.gemeinde-merching.de/wp-content/uploads/2016/08/BSP_Logo_180.jpg
http://www.gemeinde-merching.de/wp-content/uploads/2017/01/Logo-B%C3%BCrgernetz.png,1,http://www.gemeinde-merching.de/wp-content/uploads/2017/01/Logo-B%C3%BCrgernetz.png,301,https://www.gemeinde-merching.de/wp-content/uploads/2017/01/Logo-B%c3%bcrgernetz.png
