key,published_records
_wp_attached_file,579
_wp_attachment_metadata,579
_edit_lock,282
_edit_last,260
_theme_use_wpautop,203
_uag_page_assets,195
_uag_css_file_name,195
classic-editor-remember,192
theme-transparent-header-meta,182
site-sidebar-layout,182
ast-site-content-layout,177
site-content-style,177
site-sidebar-style,177
astra-migrate-meta-layouts,177
_theme_header_image,174
_wp_attachment_image_alt,139
_theme_show_post_title,109
__wpdm_icon,96
__wpdm_password,96
__wpdm_access,96
__wpdm_page_template,96
__wpdm_package_size,96
__wpdm_download_count,96
__wpdm_view_count,96
__wpdm_link_label,96
__wpdm_version,96
__wpdm_files,96
__wpdm_masterkey,81
__wpdm_terms_check_label,81
__wpdm_terms_conditions,81
__wpdm_terms_title,81
__wpdm_terms_page,81
__wpdm_quota,81
_thumbnail_id,72
_expiration-date-status,68
link_url,61
link_image,61
link_target,61
link_description,61
link_rating,61
link_updated,61
link_notes,61
link_rss,61
link_second_url,61
link_telephone,61
link_email,61
link_visits,61
link_reciprocal,61
link_submitter,61
link_submitter_name,61
link_submitter_email,61
link_textfield,61
link_rel,61
link_no_follow,61
link_featured,61
link_updated_manual,61
__wpdm_package_size_b,58
_theme_layout_template_header,56
_theme_layout_template_default_sidebar,56
_theme_show_in_menu,52
_theme_title_in_menu,52
_theme_show_page_title,52
_theme_show_as_separator,50
legacy_link_id,48
_wp_page_template,46
_theme_header_image_with_flash,46
link_price,28
_wp_old_slug,23
site-content-layout,22
_wp_attachment_backup_sizes,21
_expiration-date,21
_expiration-date-type,21
_expiration-date-post-status,21
_expiration-date-taxonomy,21
_expiration-date-categories,21
_expiration-date-options,21
_pp_future_metadata_hash,21
link_submitter_comment,20
_thumbs_rating_up,20
__wpdm_fileinfo,15
__wpdm_package_dir,15
__wpdm_stock,15
__wpdm_individual_file_download,15
__wpdm_cache_zip,15
__wpdm_template,15
__wpdm_password_lock,15
__wpdm_facebook_lock,15
__wpdm_gplusone_lock,15
__wpdm_linkedin_lock,15
__wpdm_tweet_lock,15
__wpdm_email_lock,15
__wpdm_import_id,15
_tablepress_table_options,13
_tablepress_table_visibility,13
_wp_old_date,12
adv-header-id-meta,7
stick-header-meta,7
ngg_post_thumbnail,7
footnotes,7
ast-global-header-display,6
ast-banner-title-visibility,6
ast-main-header-display,6
ast-hfb-above-header-display,6
ast-hfb-below-header-display,6
ast-hfb-mobile-header-display,6
site-post-title,6
ast-breadcrumbs-content,6
ast-featured-img,6
footer-sml-layout,6
header-above-stick-meta,6
header-main-stick-meta,6
header-below-stick-meta,6
ast-page-background-enabled,6
ast-page-background-meta,6
ast-content-background-meta,6
_no_alt,5
_wp_attachment_context,3
_oembed_dc73ee48e36a5f32678c3c33bdfa2185,1
_oembed_4d73a9eac34b2a8e4c990c3f37e6d699,1
_oembed_15d0697f92723912b4b428eb9f1faab8,1
_oembed_ac522cc33a5e40a2969896b9d237a033,1
_oembed_52bab4f696103cfa6dc53fdbc73c8b75,1
_oembed_9048b5a485d98711c64b5bfef632f9df,1
_oembed_dc16852cb8a514711433198f8ab64ea4,1
_oembed_8b36ca6db1ffb08f0bca93da25bbb744,1
_wpa_content_summary,1
_oembed_a7f274aaa3b0f08ee282ce4c67225ead,1
_oembed_25d73bef40a271a9795d64b5637b4430,1
