source_id,key,comparison,issue,value_exported
10,_edit_lock,SQL/WXR,operational editor metadata omitted/differs,False
10027,_edit_lock,SQL/WXR,operational editor metadata omitted/differs,False
10033,_edit_lock,SQL/WXR,operational editor metadata omitted/differs,False
10042,_edit_lock,SQL/WXR,operational editor metadata omitted/differs,False
10050,_edit_lock,SQL/WXR,operational editor metadata omitted/differs,False
10077,_edit_lock,SQL/WXR,operational editor metadata omitted/differs,False
10088,_edit_lock,SQL/WXR,operational editor metadata omitted/differs,False
10091,_edit_lock,SQL/WXR,operational editor metadata omitted/differs,False
10152,_edit_lock,SQL/WXR,operational editor metadata omitted/differs,False
10156,_edit_lock,SQL/WXR,operational editor metadata omitted/differs,False
10171,_edit_lock,SQL/WXR,operational editor metadata omitted/differs,False
10173,_edit_lock,SQL/WXR,operational editor metadata omitted/differs,False
10179,_edit_lock,SQL/WXR,operational editor metadata omitted/differs,False
10181,_edit_lock,SQL/WXR,operational editor metadata omitted/differs,False
10245,_edit_lock,SQL/WXR,operational editor metadata omitted/differs,False
10254,_edit_lock,SQL/WXR,operational editor metadata omitted/differs,False
10316,_edit_lock,SQL/WXR,operational editor metadata omitted/differs,False
10326,_edit_lock,SQL/WXR,operational editor metadata omitted/differs,False
10376,_edit_lock,SQL/WXR,operational editor metadata omitted/differs,False
10399,_edit_lock,SQL/WXR,operational editor metadata omitted/differs,False
10408,_edit_lock,SQL/WXR,operational editor metadata omitted/differs,False
10418,_edit_lock,SQL/WXR,operational editor metadata omitted/differs,False
10426,_edit_lock,SQL/WXR,operational editor metadata omitted/differs,False
10428,_edit_lock,SQL/WXR,operational editor metadata omitted/differs,False
10430,_edit_lock,SQL/WXR,operational editor metadata omitted/differs,False
10432,_edit_lock,SQL/WXR,operational editor metadata omitted/differs,False
10453,_edit_lock,SQL/WXR,operational editor metadata omitted/differs,False
10455,_edit_lock,SQL/WXR,operational editor metadata omitted/differs,False
10461,_edit_lock,SQL/WXR,operational editor metadata omitted/differs,False
10463,_edit_lock,SQL/WXR,operational editor metadata omitted/differs,False
10471,_edit_lock,SQL/WXR,operational editor metadata omitted/differs,False
10477,_edit_lock,SQL/WXR,operational editor metadata omitted/differs,False
10485,_edit_lock,SQL/WXR,operational editor metadata omitted/differs,False
10508,_edit_lock,SQL/WXR,operational editor metadata omitted/differs,False
10515,_edit_lock,SQL/WXR,operational editor metadata omitted/differs,False
10521,_edit_lock,SQL/WXR,operational editor metadata omitted/differs,False
10532,_edit_lock,SQL/WXR,operational editor metadata omitted/differs,False
10534,_edit_lock,SQL/WXR,operational editor metadata omitted/differs,False
10568,_edit_lock,SQL/WXR,operational editor metadata omitted/differs,False
10570,_edit_lock,SQL/WXR,operational editor metadata omitted/differs,False
10580,_edit_lock,SQL/WXR,operational editor metadata omitted/differs,False
10624,_edit_lock,SQL/WXR,operational editor metadata omitted/differs,False
10656,_edit_lock,SQL/WXR,operational editor metadata omitted/differs,False
10662,_edit_lock,SQL/WXR,operational editor metadata omitted/differs,False
10677,_edit_lock,SQL/WXR,operational editor metadata omitted/differs,False
10683,_edit_lock,SQL/WXR,operational editor metadata omitted/differs,False
10693,_edit_lock,SQL/WXR,operational editor metadata omitted/differs,False
10710,_edit_lock,SQL/WXR,operational editor metadata omitted/differs,False
10737,_edit_lock,SQL/WXR,operational editor metadata omitted/differs,False
10741,_edit_lock,SQL/WXR,operational editor metadata omitted/differs,False
10744,_edit_lock,SQL/WXR,operational editor metadata omitted/differs,False
10748,_edit_lock,SQL/WXR,operational editor metadata omitted/differs,False
10754,_edit_lock,SQL/WXR,operational editor metadata omitted/differs,False
10772,_edit_lock,SQL/WXR,operational editor metadata omitted/differs,False
10785,_edit_lock,SQL/WXR,operational editor metadata omitted/differs,False
10788,_edit_lock,SQL/WXR,operational editor metadata omitted/differs,False
10790,_edit_lock,SQL/WXR,operational editor metadata omitted/differs,False
10793,_edit_lock,SQL/WXR,operational editor metadata omitted/differs,False
10796,_edit_lock,SQL/WXR,operational editor metadata omitted/differs,False
10798,_edit_lock,SQL/WXR,operational editor metadata omitted/differs,False
10803,_edit_lock,SQL/WXR,operational editor metadata omitted/differs,False
10808,_edit_lock,SQL/WXR,operational editor metadata omitted/differs,False
1081,_edit_lock,SQL/WXR,operational editor metadata omitted/differs,False
10826,_edit_lock,SQL/WXR,operational editor metadata omitted/differs,False
10833,_edit_lock,SQL/WXR,operational editor metadata omitted/differs,False
10844,_edit_lock,SQL/WXR,operational editor metadata omitted/differs,False
10848,_edit_lock,SQL/WXR,operational editor metadata omitted/differs,False
10867,_edit_lock,SQL/WXR,operational editor metadata omitted/differs,False
10870,_edit_lock,SQL/WXR,operational editor metadata omitted/differs,False
10872,_edit_lock,SQL/WXR,operational editor metadata omitted/differs,False
10874,_edit_lock,SQL/WXR,operational editor metadata omitted/differs,False
10876,_edit_lock,SQL/WXR,operational editor metadata omitted/differs,False
10881,_edit_lock,SQL/WXR,operational editor metadata omitted/differs,False
10887,_edit_lock,SQL/WXR,operational editor metadata omitted/differs,False
10890,_edit_lock,SQL/WXR,operational editor metadata omitted/differs,False
10896,_edit_lock,SQL/WXR,operational editor metadata omitted/differs,False
10914,_edit_lock,SQL/WXR,operational editor metadata omitted/differs,False
10917,_edit_lock,SQL/WXR,operational editor metadata omitted/differs,False
10925,_edit_lock,SQL/WXR,operational editor metadata omitted/differs,False
10928,_edit_lock,SQL/WXR,operational editor metadata omitted/differs,False
10931,_edit_lock,SQL/WXR,operational editor metadata omitted/differs,False
10938,_edit_lock,SQL/WXR,operational editor metadata omitted/differs,False
10940,_edit_lock,SQL/WXR,operational editor metadata omitted/differs,False
10942,_edit_lock,SQL/WXR,operational editor metadata omitted/differs,False
10944,_edit_lock,SQL/WXR,operational editor metadata omitted/differs,False
10947,_edit_lock,SQL/WXR,operational editor metadata omitted/differs,False
10952,_edit_lock,SQL/WXR,operational editor metadata omitted/differs,False
12,_edit_lock,SQL/WXR,operational editor metadata omitted/differs,False
129,_edit_lock,SQL/WXR,operational editor metadata omitted/differs,False
131,_edit_lock,SQL/WXR,operational editor metadata omitted/differs,False
138,_edit_lock,SQL/WXR,operational editor metadata omitted/differs,False
14,_edit_lock,SQL/WXR,operational editor metadata omitted/differs,False
1581,_edit_lock,SQL/WXR,operational editor metadata omitted/differs,False
1987,_edit_lock,SQL/WXR,operational editor metadata omitted/differs,False
1999,_edit_lock,SQL/WXR,operational editor metadata omitted/differs,False
20,_edit_lock,SQL/WXR,operational editor metadata omitted/differs,False
2025,_tablepress_export_table_id,SQL/WXR,WXR export-only TablePress ID mapping,False
2026,_tablepress_export_table_id,SQL/WXR,WXR export-only TablePress ID mapping,False
2027,_tablepress_export_table_id,SQL/WXR,WXR export-only TablePress ID mapping,False
2028,_tablepress_export_table_id,SQL/WXR,WXR export-only TablePress ID mapping,False
2029,_tablepress_export_table_id,SQL/WXR,WXR export-only TablePress ID mapping,False
2093,_edit_lock,SQL/WXR,operational editor metadata omitted/differs,False
212,_edit_lock,SQL/WXR,operational editor metadata omitted/differs,False
22,_edit_lock,SQL/WXR,operational editor metadata omitted/differs,False
222,_edit_lock,SQL/WXR,operational editor metadata omitted/differs,False
224,_edit_lock,SQL/WXR,operational editor metadata omitted/differs,False
227,_edit_lock,SQL/WXR,operational editor metadata omitted/differs,False
2284,_edit_lock,SQL/WXR,operational editor metadata omitted/differs,False
231,_edit_lock,SQL/WXR,operational editor metadata omitted/differs,False
2316,_edit_lock,SQL/WXR,operational editor metadata omitted/differs,False
233,_edit_lock,SQL/WXR,operational editor metadata omitted/differs,False
235,_edit_lock,SQL/WXR,operational editor metadata omitted/differs,False
237,_edit_lock,SQL/WXR,operational editor metadata omitted/differs,False
24,_edit_lock,SQL/WXR,operational editor metadata omitted/differs,False
241,_edit_lock,SQL/WXR,operational editor metadata omitted/differs,False
249,_edit_lock,SQL/WXR,operational editor metadata omitted/differs,False
251,_edit_lock,SQL/WXR,operational editor metadata omitted/differs,False
255,_edit_lock,SQL/WXR,operational editor metadata omitted/differs,False
257,_edit_lock,SQL/WXR,operational editor metadata omitted/differs,False
26,_edit_lock,SQL/WXR,operational editor metadata omitted/differs,False
273,_edit_lock,SQL/WXR,operational editor metadata omitted/differs,False
2847,_edit_lock,SQL/WXR,operational editor metadata omitted/differs,False
296,_edit_lock,SQL/WXR,operational editor metadata omitted/differs,False
300,_edit_lock,SQL/WXR,operational editor metadata omitted/differs,False
302,_edit_lock,SQL/WXR,operational editor metadata omitted/differs,False
310,_edit_lock,SQL/WXR,operational editor metadata omitted/differs,False
344,_edit_lock,SQL/WXR,operational editor metadata omitted/differs,False
353,_edit_lock,SQL/WXR,operational editor metadata omitted/differs,False
3658,_edit_lock,SQL/WXR,operational editor metadata omitted/differs,False
3814,_edit_lock,SQL/WXR,operational editor metadata omitted/differs,False
3815,_edit_lock,SQL/WXR,operational editor metadata omitted/differs,False
3816,_edit_lock,SQL/WXR,operational editor metadata omitted/differs,False
3817,_edit_lock,SQL/WXR,operational editor metadata omitted/differs,False
3818,_edit_lock,SQL/WXR,operational editor metadata omitted/differs,False
382,_edit_lock,SQL/WXR,operational editor metadata omitted/differs,False
3820,_edit_lock,SQL/WXR,operational editor metadata omitted/differs,False
3821,_edit_lock,SQL/WXR,operational editor metadata omitted/differs,False
3822,_edit_lock,SQL/WXR,operational editor metadata omitted/differs,False
3841,_edit_lock,SQL/WXR,operational editor metadata omitted/differs,False
3842,_edit_lock,SQL/WXR,operational editor metadata omitted/differs,False
385,_edit_lock,SQL/WXR,operational editor metadata omitted/differs,False
3851,_edit_lock,SQL/WXR,operational editor metadata omitted/differs,False
3854,_edit_lock,SQL/WXR,operational editor metadata omitted/differs,False
3860,_edit_lock,SQL/WXR,operational editor metadata omitted/differs,False
3861,_edit_lock,SQL/WXR,operational editor metadata omitted/differs,False
3862,_edit_lock,SQL/WXR,operational editor metadata omitted/differs,False
3867,_edit_lock,SQL/WXR,operational editor metadata omitted/differs,False
3868,_edit_lock,SQL/WXR,operational editor metadata omitted/differs,False
3869,_edit_lock,SQL/WXR,operational editor metadata omitted/differs,False
3872,_edit_lock,SQL/WXR,operational editor metadata omitted/differs,False
3873,_edit_lock,SQL/WXR,operational editor metadata omitted/differs,False
3874,_edit_lock,SQL/WXR,operational editor metadata omitted/differs,False
390,_edit_lock,SQL/WXR,operational editor metadata omitted/differs,False
4,_edit_lock,SQL/WXR,operational editor metadata omitted/differs,False
4096,_edit_lock,SQL/WXR,operational editor metadata omitted/differs,False
4149,_edit_lock,SQL/WXR,operational editor metadata omitted/differs,False
415,_edit_lock,SQL/WXR,operational editor metadata omitted/differs,False
4401,_edit_lock,SQL/WXR,operational editor metadata omitted/differs,False
441,_edit_lock,SQL/WXR,operational editor metadata omitted/differs,False
4544,_edit_lock,SQL/WXR,operational editor metadata omitted/differs,False
4574,_edit_lock,SQL/WXR,operational editor metadata omitted/differs,False
4582,_tablepress_export_table_id,SQL/WXR,WXR export-only TablePress ID mapping,False
4610,_edit_lock,SQL/WXR,operational editor metadata omitted/differs,False
4631,_edit_lock,SQL/WXR,operational editor metadata omitted/differs,False
4656,_tablepress_export_table_id,SQL/WXR,WXR export-only TablePress ID mapping,False
4671,_edit_lock,SQL/WXR,operational editor metadata omitted/differs,False
4702,_edit_lock,SQL/WXR,operational editor metadata omitted/differs,False
4726,_edit_lock,SQL/WXR,operational editor metadata omitted/differs,False
4765,_edit_lock,SQL/WXR,operational editor metadata omitted/differs,False
4787,_edit_lock,SQL/WXR,operational editor metadata omitted/differs,False
4791,_tablepress_export_table_id,SQL/WXR,WXR export-only TablePress ID mapping,False
4793,_tablepress_export_table_id,SQL/WXR,WXR export-only TablePress ID mapping,False
4798,_edit_lock,SQL/WXR,operational editor metadata omitted/differs,False
4800,_edit_lock,SQL/WXR,operational editor metadata omitted/differs,False
4801,_edit_lock,SQL/WXR,operational editor metadata omitted/differs,False
4802,_edit_lock,SQL/WXR,operational editor metadata omitted/differs,False
4851,_tablepress_export_table_id,SQL/WXR,WXR export-only TablePress ID mapping,False
4856,_tablepress_export_table_id,SQL/WXR,WXR export-only TablePress ID mapping,False
4863,_tablepress_export_table_id,SQL/WXR,WXR export-only TablePress ID mapping,False
4903,_edit_lock,SQL/WXR,operational editor metadata omitted/differs,False
51,_edit_lock,SQL/WXR,operational editor metadata omitted/differs,False
5152,_edit_last,SQL/WXR,operational editor metadata omitted/differs,False
5152,_edit_lock,SQL/WXR,operational editor metadata omitted/differs,False
5152,_expiration-date-status,SQL/WXR,key absent or value differs; inspect private source cache,False
5152,_theme_header_image,SQL/WXR,key absent or value differs; inspect private source cache,False
5152,_theme_show_post_title,SQL/WXR,key absent or value differs; inspect private source cache,False
5152,_theme_use_wpautop,SQL/WXR,key absent or value differs; inspect private source cache,False
5157,_edit_last,SQL/WXR,operational editor metadata omitted/differs,False
5157,_edit_lock,SQL/WXR,operational editor metadata omitted/differs,False
5157,_expiration-date-status,SQL/WXR,key absent or value differs; inspect private source cache,False
5157,_theme_header_image,SQL/WXR,key absent or value differs; inspect private source cache,False
5157,_theme_show_post_title,SQL/WXR,key absent or value differs; inspect private source cache,False
5157,_theme_use_wpautop,SQL/WXR,key absent or value differs; inspect private source cache,False
5194,_edit_lock,SQL/WXR,operational editor metadata omitted/differs,False
5226,_edit_lock,SQL/WXR,operational editor metadata omitted/differs,False
5312,_edit_lock,SQL/WXR,operational editor metadata omitted/differs,False
5316,_edit_lock,SQL/WXR,operational editor metadata omitted/differs,False
5322,_edit_lock,SQL/WXR,operational editor metadata omitted/differs,False
5371,_edit_lock,SQL/WXR,operational editor metadata omitted/differs,False
5372,_edit_lock,SQL/WXR,operational editor metadata omitted/differs,False
542,_edit_lock,SQL/WXR,operational editor metadata omitted/differs,False
547,_edit_lock,SQL/WXR,operational editor metadata omitted/differs,False
5492,_edit_lock,SQL/WXR,operational editor metadata omitted/differs,False
5573,_edit_lock,SQL/WXR,operational editor metadata omitted/differs,False
56,_edit_lock,SQL/WXR,operational editor metadata omitted/differs,False
5607,_edit_lock,SQL/WXR,operational editor metadata omitted/differs,False
5613,_edit_lock,SQL/WXR,operational editor metadata omitted/differs,False
5783,_edit_lock,SQL/WXR,operational editor metadata omitted/differs,False
5811,_edit_lock,SQL/WXR,operational editor metadata omitted/differs,False
5811,link_textfield,SQL/WXR,line-ending representation only,False
5922,_edit_lock,SQL/WXR,operational editor metadata omitted/differs,False
6,_edit_lock,SQL/WXR,operational editor metadata omitted/differs,False
6525,_edit_lock,SQL/WXR,operational editor metadata omitted/differs,False
6564,_edit_lock,SQL/WXR,operational editor metadata omitted/differs,False
670,_edit_lock,SQL/WXR,operational editor metadata omitted/differs,False
6749,_edit_lock,SQL/WXR,operational editor metadata omitted/differs,False
7024,_edit_lock,SQL/WXR,operational editor metadata omitted/differs,False
7025,_edit_lock,SQL/WXR,operational editor metadata omitted/differs,False
7031,_edit_lock,SQL/WXR,operational editor metadata omitted/differs,False
7040,_edit_lock,SQL/WXR,operational editor metadata omitted/differs,False
7041,_edit_lock,SQL/WXR,operational editor metadata omitted/differs,False
7042,_edit_lock,SQL/WXR,operational editor metadata omitted/differs,False
7043,_edit_lock,SQL/WXR,operational editor metadata omitted/differs,False
7059,_edit_lock,SQL/WXR,operational editor metadata omitted/differs,False
7085,_edit_lock,SQL/WXR,operational editor metadata omitted/differs,False
7151,_edit_lock,SQL/WXR,operational editor metadata omitted/differs,False
7608,_edit_lock,SQL/WXR,operational editor metadata omitted/differs,False
7721,_edit_lock,SQL/WXR,operational editor metadata omitted/differs,False
7862,_edit_lock,SQL/WXR,operational editor metadata omitted/differs,False
7862,link_textfield,SQL/WXR,line-ending representation only,False
7894,_edit_lock,SQL/WXR,operational editor metadata omitted/differs,False
8,_edit_lock,SQL/WXR,operational editor metadata omitted/differs,False
8006,_edit_lock,SQL/WXR,operational editor metadata omitted/differs,False
8018,_edit_lock,SQL/WXR,operational editor metadata omitted/differs,False
8020,_edit_lock,SQL/WXR,operational editor metadata omitted/differs,False
8088,_edit_lock,SQL/WXR,operational editor metadata omitted/differs,False
8090,_edit_lock,SQL/WXR,operational editor metadata omitted/differs,False
810,_edit_lock,SQL/WXR,operational editor metadata omitted/differs,False
8132,_edit_lock,SQL/WXR,operational editor metadata omitted/differs,False
8134,_edit_lock,SQL/WXR,operational editor metadata omitted/differs,False
8234,_edit_lock,SQL/WXR,operational editor metadata omitted/differs,False
8567,_edit_lock,SQL/WXR,operational editor metadata omitted/differs,False
8634,_tablepress_export_table_id,SQL/WXR,WXR export-only TablePress ID mapping,False
8659,_edit_lock,SQL/WXR,operational editor metadata omitted/differs,False
8722,_edit_lock,SQL/WXR,operational editor metadata omitted/differs,False
8785,_edit_lock,SQL/WXR,operational editor metadata omitted/differs,False
8787,_edit_lock,SQL/WXR,operational editor metadata omitted/differs,False
8824,_edit_lock,SQL/WXR,operational editor metadata omitted/differs,False
8962,_edit_lock,SQL/WXR,operational editor metadata omitted/differs,False
8971,_edit_lock,SQL/WXR,operational editor metadata omitted/differs,False
9014,_edit_lock,SQL/WXR,operational editor metadata omitted/differs,False
9055,_edit_lock,SQL/WXR,operational editor metadata omitted/differs,False
9075,_edit_lock,SQL/WXR,operational editor metadata omitted/differs,False
9077,_edit_lock,SQL/WXR,operational editor metadata omitted/differs,False
9197,_edit_lock,SQL/WXR,operational editor metadata omitted/differs,False
92,_edit_lock,SQL/WXR,operational editor metadata omitted/differs,False
9222,_edit_lock,SQL/WXR,operational editor metadata omitted/differs,False
9230,_edit_lock,SQL/WXR,operational editor metadata omitted/differs,False
9234,_edit_lock,SQL/WXR,operational editor metadata omitted/differs,False
9235,_edit_lock,SQL/WXR,operational editor metadata omitted/differs,False
9236,_edit_lock,SQL/WXR,operational editor metadata omitted/differs,False
9237,_edit_lock,SQL/WXR,operational editor metadata omitted/differs,False
9238,_edit_lock,SQL/WXR,operational editor metadata omitted/differs,False
9239,_edit_lock,SQL/WXR,operational editor metadata omitted/differs,False
9240,_edit_lock,SQL/WXR,operational editor metadata omitted/differs,False
9241,_edit_lock,SQL/WXR,operational editor metadata omitted/differs,False
9242,_edit_lock,SQL/WXR,operational editor metadata omitted/differs,False
9243,_edit_lock,SQL/WXR,operational editor metadata omitted/differs,False
9244,_edit_lock,SQL/WXR,operational editor metadata omitted/differs,False
9245,_edit_lock,SQL/WXR,operational editor metadata omitted/differs,False
9246,_edit_lock,SQL/WXR,operational editor metadata omitted/differs,False
9247,_edit_lock,SQL/WXR,operational editor metadata omitted/differs,False
9307,_edit_lock,SQL/WXR,operational editor metadata omitted/differs,False
9308,_edit_lock,SQL/WXR,operational editor metadata omitted/differs,False
9309,_edit_lock,SQL/WXR,operational editor metadata omitted/differs,False
9310,_edit_lock,SQL/WXR,operational editor metadata omitted/differs,False
9311,_edit_lock,SQL/WXR,operational editor metadata omitted/differs,False
9312,_edit_lock,SQL/WXR,operational editor metadata omitted/differs,False
9313,_edit_lock,SQL/WXR,operational editor metadata omitted/differs,False
9314,_edit_lock,SQL/WXR,operational editor metadata omitted/differs,False
9315,_edit_lock,SQL/WXR,operational editor metadata omitted/differs,False
9316,_edit_lock,SQL/WXR,operational editor metadata omitted/differs,False
9417,_edit_lock,SQL/WXR,operational editor metadata omitted/differs,False
9458,_edit_lock,SQL/WXR,operational editor metadata omitted/differs,False
9508,_edit_lock,SQL/WXR,operational editor metadata omitted/differs,False
9511,_edit_lock,SQL/WXR,operational editor metadata omitted/differs,False
9513,_edit_lock,SQL/WXR,operational editor metadata omitted/differs,False
9562,_edit_lock,SQL/WXR,operational editor metadata omitted/differs,False
9600,_edit_lock,SQL/WXR,operational editor metadata omitted/differs,False
9637,_edit_lock,SQL/WXR,operational editor metadata omitted/differs,False
9672,_edit_lock,SQL/WXR,operational editor metadata omitted/differs,False
9681,_edit_lock,SQL/WXR,operational editor metadata omitted/differs,False
9686,_edit_lock,SQL/WXR,operational editor metadata omitted/differs,False
9754,_edit_lock,SQL/WXR,operational editor metadata omitted/differs,False
9852,_edit_lock,SQL/WXR,operational editor metadata omitted/differs,False
9856,_edit_lock,SQL/WXR,operational editor metadata omitted/differs,False
9911,_edit_lock,SQL/WXR,operational editor metadata omitted/differs,False
9913,_edit_lock,SQL/WXR,operational editor metadata omitted/differs,False
9915,_edit_lock,SQL/WXR,operational editor metadata omitted/differs,False
9922,_edit_lock,SQL/WXR,operational editor metadata omitted/differs,False
9925,_edit_lock,SQL/WXR,operational editor metadata omitted/differs,False
9939,_edit_lock,SQL/WXR,operational editor metadata omitted/differs,False
9958,_edit_lock,SQL/WXR,operational editor metadata omitted/differs,False
9968,_edit_lock,SQL/WXR,operational editor metadata omitted/differs,False
9972,_edit_lock,SQL/WXR,operational editor metadata omitted/differs,False
9976,_edit_lock,SQL/WXR,operational editor metadata omitted/differs,False
9978,_edit_lock,SQL/WXR,operational editor metadata omitted/differs,False
