url,proposed_target,classification,status,reason,implemented
http://www.gemeinde-merching.de/buergerservice/downloads/,https://www.gemeinde-merching.de/buergerservice/downloads/,duplicate/alias,200,Existing live redirect; preserve full chain destination,False
http://www.gemeinde-merching.de/buergerservice/lebenslagen/eheschliessung,https://www.gemeinde-merching.de/buergerservice/lebenslagen/eheschliessung/,duplicate/alias,200,Existing live redirect; preserve full chain destination,False
http://www.gemeinde-merching.de/buergerservice/lebenslagen/eheschliessung/,https://www.gemeinde-merching.de/buergerservice/lebenslagen/eheschliessung/,duplicate/alias,200,Existing live redirect; preserve full chain destination,False
http://www.gemeinde-merching.de/buergerservice/lebenslagen/ein-umzug-steht-bevor/,https://www.gemeinde-merching.de/buergerservice/lebenslagen/ein-umzug-steht-bevor/,duplicate/alias,200,Existing live redirect; preserve full chain destination,False
http://www.gemeinde-merching.de/buergerservice/lebenslagen/fuehrungszeugnis-auskunft-aus-dem-gewerbezentralregister/,https://www.gemeinde-merching.de/buergerservice/lebenslagen/fuehrungszeugnis-auskunft-aus-dem-gewerbezentralregister/,duplicate/alias,200,Existing live redirect; preserve full chain destination,False
http://www.gemeinde-merching.de/buergerservice/lebenslagen/personalausweis/,https://www.gemeinde-merching.de/buergerservice/lebenslagen/personalausweis/,duplicate/alias,200,Existing live redirect; preserve full chain destination,False
http://www.gemeinde-merching.de/buergerservice/lebenslagen/reisepass/,https://www.gemeinde-merching.de/buergerservice/lebenslagen/reisepass/,duplicate/alias,200,Existing live redirect; preserve full chain destination,False
http://www.gemeinde-merching.de/buergerservice/lebenslagen/wertstoffsammlung/,https://www.gemeinde-merching.de/buergerservice/lebenslagen/wertstoffsammlung/,duplicate/alias,200,Existing live redirect; preserve full chain destination,False
http://www.gemeinde-merching.de/wp-content/uploads/2012/06/Rathaus_front.jpg,https://www.gemeinde-merching.de/wp-content/uploads/2012/06/Rathaus_front.jpg,duplicate/alias,206,Existing live redirect; preserve full chain destination,False
http://www.gemeinde-merching.de/wp-content/uploads/2012/06/Wappen-Merching_k.gif,https://www.gemeinde-merching.de/wp-content/uploads/2012/06/Wappen-Merching_k.gif,duplicate/alias,206,Existing live redirect; preserve full chain destination,False
http://www.gemeinde-merching.de/wp-content/uploads/2012/06/felder-am-ortsrand.jpg,https://www.gemeinde-merching.de/wp-content/uploads/2012/06/felder-am-ortsrand.jpg,duplicate/alias,206,Existing live redirect; preserve full chain destination,False
http://www.gemeinde-merching.de/wp-content/uploads/2012/06/freizeit-am-mandichosee-2.jpg,https://www.gemeinde-merching.de/wp-content/uploads/2012/06/freizeit-am-mandichosee-2.jpg,duplicate/alias,206,Existing live redirect; preserve full chain destination,False
http://www.gemeinde-merching.de/wp-content/uploads/2012/06/freizeit-am-mandichosee.jpg,https://www.gemeinde-merching.de/wp-content/uploads/2012/06/freizeit-am-mandichosee.jpg,duplicate/alias,206,Existing live redirect; preserve full chain destination,False
http://www.gemeinde-merching.de/wp-content/uploads/2012/06/kirche_merching.jpg,https://www.gemeinde-merching.de/wp-content/uploads/2012/06/kirche_merching.jpg,duplicate/alias,206,Existing live redirect; preserve full chain destination,False
http://www.gemeinde-merching.de/wp-content/uploads/2012/06/lage.jpg,https://www.gemeinde-merching.de/wp-content/uploads/2012/06/lage.jpg,duplicate/alias,206,Existing live redirect; preserve full chain destination,False
http://www.gemeinde-merching.de/wp-content/uploads/2012/06/maibaum.jpg,https://www.gemeinde-merching.de/wp-content/uploads/2012/06/maibaum.jpg,duplicate/alias,206,Existing live redirect; preserve full chain destination,False
http://www.gemeinde-merching.de/wp-content/uploads/2012/06/rathaus-merching2.jpg,https://www.gemeinde-merching.de/wp-content/uploads/2012/06/rathaus-merching2.jpg,duplicate/alias,206,Existing live redirect; preserve full chain destination,False
http://www.gemeinde-merching.de/wp-content/uploads/2012/06/rathaus-merching4.jpg,https://www.gemeinde-merching.de/wp-content/uploads/2012/06/rathaus-merching4.jpg,duplicate/alias,206,Existing live redirect; preserve full chain destination,False
http://www.gemeinde-merching.de/wp-content/uploads/2012/06/rathaus.jpg,https://www.gemeinde-merching.de/wp-content/uploads/2012/06/rathaus.jpg,duplicate/alias,206,Existing live redirect; preserve full chain destination,False
http://www.gemeinde-merching.de/wp-content/uploads/2012/07/BayernAtlas.jpg,https://www.gemeinde-merching.de/wp-content/uploads/2012/07/BayernAtlas.jpg,duplicate/alias,206,Existing live redirect; preserve full chain destination,False
http://www.gemeinde-merching.de/wp-content/uploads/2012/07/Kopfbild-Startseite.jpg,https://www.gemeinde-merching.de/wp-content/uploads/2012/07/Kopfbild-Startseite.jpg,duplicate/alias,206,Existing live redirect; preserve full chain destination,False
http://www.gemeinde-merching.de/wp-content/uploads/2012/07/bayernviewer.jpg,https://www.gemeinde-merching.de/wp-content/uploads/2012/07/bayernviewer.jpg,duplicate/alias,206,Existing live redirect; preserve full chain destination,False
http://www.gemeinde-merching.de/wp-content/uploads/2012/07/feuerwehrauto-merching.jpg,https://www.gemeinde-merching.de/wp-content/uploads/2012/07/feuerwehrauto-merching.jpg,duplicate/alias,206,Existing live redirect; preserve full chain destination,False
http://www.gemeinde-merching.de/wp-content/uploads/2012/07/feuerwehrhaus-merching.jpg,https://www.gemeinde-merching.de/wp-content/uploads/2012/07/feuerwehrhaus-merching.jpg,duplicate/alias,206,Existing live redirect; preserve full chain destination,False
http://www.gemeinde-merching.de/wp-content/uploads/2012/07/gemeindekurier.jpg,https://www.gemeinde-merching.de/wp-content/uploads/2012/07/gemeindekurier.jpg,duplicate/alias,206,Existing live redirect; preserve full chain destination,False
http://www.gemeinde-merching.de/wp-content/uploads/2012/07/logo_blau_frei.gif,https://www.gemeinde-merching.de/wp-content/uploads/2012/07/logo_blau_frei.gif,duplicate/alias,206,Existing live redirect; preserve full chain destination,False
http://www.gemeinde-merching.de/wp-content/uploads/2012/07/logo_raiba.jpg,https://www.gemeinde-merching.de/wp-content/uploads/2012/07/logo_raiba.jpg,duplicate/alias,206,Existing live redirect; preserve full chain destination,False
http://www.gemeinde-merching.de/wp-content/uploads/2012/07/logo_sska.jpg,https://www.gemeinde-merching.de/wp-content/uploads/2012/07/logo_sska.jpg,duplicate/alias,206,Existing live redirect; preserve full chain destination,False
http://www.gemeinde-merching.de/wp-content/uploads/2012/07/mandicho-stausee_2.jpg,https://www.gemeinde-merching.de/wp-content/uploads/2012/07/mandicho-stausee_2.jpg,duplicate/alias,206,Existing live redirect; preserve full chain destination,False
http://www.gemeinde-merching.de/wp-content/uploads/2012/07/ortsrecht.jpg,https://www.gemeinde-merching.de/wp-content/uploads/2012/07/ortsrecht.jpg,duplicate/alias,206,Existing live redirect; preserve full chain destination,False
http://www.gemeinde-merching.de/wp-content/uploads/2012/07/satzungen.jpg,https://www.gemeinde-merching.de/wp-content/uploads/2012/07/satzungen.jpg,duplicate/alias,206,Existing live redirect; preserve full chain destination,False
http://www.gemeinde-merching.de/wp-content/uploads/2012/07/schule-merching.jpg,https://www.gemeinde-merching.de/wp-content/uploads/2012/07/schule-merching.jpg,duplicate/alias,206,Existing live redirect; preserve full chain destination,False
http://www.gemeinde-merching.de/wp-content/uploads/2012/07/simulation.jpg,https://www.gemeinde-merching.de/wp-content/uploads/2012/07/simulation.jpg,duplicate/alias,206,Existing live redirect; preserve full chain destination,False
http://www.gemeinde-merching.de/wp-content/uploads/2012/08/artikel-kategorien.jpg,https://www.gemeinde-merching.de/wp-content/uploads/2012/08/artikel-kategorien.jpg,duplicate/alias,206,Existing live redirect; preserve full chain destination,False
http://www.gemeinde-merching.de/wp-content/uploads/2012/08/link-kateorien.jpg,https://www.gemeinde-merching.de/wp-content/uploads/2012/08/link-kateorien.jpg,duplicate/alias,206,Existing live redirect; preserve full chain destination,False
http://www.gemeinde-merching.de/wp-content/uploads/2012/08/link-kateorien1.jpg,https://www.gemeinde-merching.de/wp-content/uploads/2012/08/link-kateorien1.jpg,duplicate/alias,206,Existing live redirect; preserve full chain destination,False
http://www.gemeinde-merching.de/wp-content/uploads/2012/08/slideshow.jpg,https://www.gemeinde-merching.de/wp-content/uploads/2012/08/slideshow.jpg,duplicate/alias,206,Existing live redirect; preserve full chain destination,False
http://www.gemeinde-merching.de/wp-content/uploads/2012/08/tabellen.jpg,https://www.gemeinde-merching.de/wp-content/uploads/2012/08/tabellen.jpg,duplicate/alias,206,Existing live redirect; preserve full chain destination,False
http://www.gemeinde-merching.de/wp-content/uploads/2012/08/tabellen1.jpg,https://www.gemeinde-merching.de/wp-content/uploads/2012/08/tabellen1.jpg,duplicate/alias,206,Existing live redirect; preserve full chain destination,False
http://www.gemeinde-merching.de/wp-content/uploads/2012/09/filebase.jpg,https://www.gemeinde-merching.de/wp-content/uploads/2012/09/filebase.jpg,duplicate/alias,206,Existing live redirect; preserve full chain destination,False
http://www.gemeinde-merching.de/wp-content/uploads/2012/09/wp-33-autoren-redakteure.pdf,https://www.gemeinde-merching.de/wp-content/uploads/2012/09/wp-33-autoren-redakteure.pdf,duplicate/alias,206,Existing live redirect; preserve full chain destination,False
http://www.gemeinde-merching.de/wp-content/uploads/2012/10/Merching-FC-1_Nach.jpg,https://www.gemeinde-merching.de/wp-content/uploads/2012/10/Merching-FC-1_Nach.jpg,duplicate/alias,206,Existing live redirect; preserve full chain destination,False
http://www.gemeinde-merching.de/wp-content/uploads/2012/10/www_gemeinde-merching_de_ueber-merching_bildergalerie-merching.jpg,https://www.gemeinde-merching.de/wp-content/uploads/2012/10/www_gemeinde-merching_de_ueber-merching_bildergalerie-merching.jpg,duplicate/alias,206,Existing live redirect; preserve full chain destination,False
http://www.gemeinde-merching.de/wp-content/uploads/2012/11/Merchinger-Advent-2011-005.jpg,https://www.gemeinde-merching.de/wp-content/uploads/2012/11/Merchinger-Advent-2011-005.jpg,duplicate/alias,206,Existing live redirect; preserve full chain destination,False
http://www.gemeinde-merching.de/wp-content/uploads/2013/06/Kombimandat_Gemeinde_Merching.pdf,https://www.gemeinde-merching.de/wp-content/uploads/2013/06/Kombimandat_Gemeinde_Merching.pdf,duplicate/alias,206,Existing live redirect; preserve full chain destination,False
http://www.gemeinde-merching.de/wp-content/uploads/2013/06/Kombimandat_Grundschulverband.pdf,https://www.gemeinde-merching.de/wp-content/uploads/2013/06/Kombimandat_Grundschulverband.pdf,duplicate/alias,206,Existing live redirect; preserve full chain destination,False
http://www.gemeinde-merching.de/wp-content/uploads/2013/06/Kombimandat_Mittelschulverband.pdf,https://www.gemeinde-merching.de/wp-content/uploads/2013/06/Kombimandat_Mittelschulverband.pdf,duplicate/alias,206,Existing live redirect; preserve full chain destination,False
http://www.gemeinde-merching.de/wp-content/uploads/2013/06/Mandat_Gemeinde_Merching.pdf,https://www.gemeinde-merching.de/wp-content/uploads/2013/06/Mandat_Gemeinde_Merching.pdf,duplicate/alias,206,Existing live redirect; preserve full chain destination,False
http://www.gemeinde-merching.de/wp-content/uploads/2013/06/Mandat_Grundschulverband.pdf,https://www.gemeinde-merching.de/wp-content/uploads/2013/06/Mandat_Grundschulverband.pdf,duplicate/alias,206,Existing live redirect; preserve full chain destination,False
http://www.gemeinde-merching.de/wp-content/uploads/2013/06/Mandat_Mittelschulverband.pdf,https://www.gemeinde-merching.de/wp-content/uploads/2013/06/Mandat_Mittelschulverband.pdf,duplicate/alias,206,Existing live redirect; preserve full chain destination,False
http://www.gemeinde-merching.de/wp-content/uploads/2014/11/Logo_Energieatlas.jpg,https://www.gemeinde-merching.de/wp-content/uploads/2014/11/Logo_Energieatlas.jpg,duplicate/alias,206,Existing live redirect; preserve full chain destination,False
http://www.gemeinde-merching.de/wp-content/uploads/2015/08/post-expirator.jpg,https://www.gemeinde-merching.de/wp-content/uploads/2015/08/post-expirator.jpg,duplicate/alias,206,Existing live redirect; preserve full chain destination,False
http://www.gemeinde-merching.de/wp-content/uploads/2015/08/post-expirator2.jpg,https://www.gemeinde-merching.de/wp-content/uploads/2015/08/post-expirator2.jpg,duplicate/alias,206,Existing live redirect; preserve full chain destination,False
http://www.gemeinde-merching.de/wp-content/uploads/2016/06/Gewerbeeintraege-mit-connections-anlegen-mit-homepage.jpg,https://www.gemeinde-merching.de/wp-content/uploads/2016/06/Gewerbeeintraege-mit-connections-anlegen-mit-homepage.jpg,duplicate/alias,206,Existing live redirect; preserve full chain destination,False
http://www.gemeinde-merching.de/wp-content/uploads/2016/06/Gewerbeeintraege-mit-connections-anlegen-ohne-eigene-homepage-1.jpg,https://www.gemeinde-merching.de/wp-content/uploads/2016/06/Gewerbeeintraege-mit-connections-anlegen-ohne-eigene-homepage-1.jpg,duplicate/alias,206,Existing live redirect; preserve full chain destination,False
http://www.gemeinde-merching.de/wp-content/uploads/2016/06/Gewerbeeintraege-mit-connections-anlegen-ohne-eigene-homepage-2.jpg,https://www.gemeinde-merching.de/wp-content/uploads/2016/06/Gewerbeeintraege-mit-connections-anlegen-ohne-eigene-homepage-2.jpg,duplicate/alias,206,Existing live redirect; preserve full chain destination,False
http://www.gemeinde-merching.de/wp-content/uploads/2016/06/Gewerbeeintraege-mit-connections-verwalten.jpg,https://www.gemeinde-merching.de/wp-content/uploads/2016/06/Gewerbeeintraege-mit-connections-verwalten.jpg,duplicate/alias,206,Existing live redirect; preserve full chain destination,False
http://www.gemeinde-merching.de/wp-content/uploads/2016/08/BSP_Logo_180.jpg,https://www.gemeinde-merching.de/wp-content/uploads/2016/08/BSP_Logo_180.jpg,duplicate/alias,206,Existing live redirect; preserve full chain destination,False
http://www.gemeinde-merching.de/wp-content/uploads/2017/01/Logo-B%C3%BCrgernetz.png,https://www.gemeinde-merching.de/wp-content/uploads/2017/01/Logo-B%c3%bcrgernetz.png,duplicate/alias,206,Existing live redirect; preserve full chain destination,False
https://www.gemeinde-merching.de/10917-2/,https://www.gemeinde-merching.de/10917-2,migrate to another canonical URL + 301,200,Slashless new convention; proposed same path without trailing slash,False
https://www.gemeinde-merching.de/abschaffung-des-kinderreisepasses-zum-1-januar-2024/,https://www.gemeinde-merching.de/abschaffung-des-kinderreisepasses-zum-1-januar-2024,migrate to another canonical URL + 301,200,Slashless new convention; proposed same path without trailing slash,False
https://www.gemeinde-merching.de/abschaffung-kinderreisepass-zum-01-01-2024/,https://www.gemeinde-merching.de/abschaffung-kinderreisepass-zum-01-01-2024,migrate to another canonical URL + 301,200,Slashless new convention; proposed same path without trailing slash,False
https://www.gemeinde-merching.de/aenderungen-am-grundbesitz-dem-finanzamt-anzeigen/,https://www.gemeinde-merching.de/aenderungen-am-grundbesitz-dem-finanzamt-anzeigen,migrate to another canonical URL + 301,200,Slashless new convention; proposed same path without trailing slash,False
https://www.gemeinde-merching.de/aktuelles/,https://www.gemeinde-merching.de/aktuelles,migrate to another canonical URL + 301,200,Slashless new convention; proposed same path without trailing slash,False
https://www.gemeinde-merching.de/aktuelles/aus-dem-rathaus/,https://www.gemeinde-merching.de/aktuelles/aus-dem-rathaus,migrate to another canonical URL + 301,200,Slashless new convention; proposed same path without trailing slash,False
https://www.gemeinde-merching.de/aktuelles/aus-merching/,https://www.gemeinde-merching.de/aktuelles/aus-merching,migrate to another canonical URL + 301,200,Slashless new convention; proposed same path without trailing slash,False
https://www.gemeinde-merching.de/aktuelles/ausschreibungen/,https://www.gemeinde-merching.de/aktuelles/ausschreibungen,migrate to another canonical URL + 301,200,Slashless new convention; proposed same path without trailing slash,False
https://www.gemeinde-merching.de/aktuelles/fundsachen/,https://www.gemeinde-merching.de/aktuelles/fundsachen,migrate to another canonical URL + 301,200,Slashless new convention; proposed same path without trailing slash,False
https://www.gemeinde-merching.de/aktuelles/landratsamt-andere-behoerden/,https://www.gemeinde-merching.de/aktuelles/landratsamt-andere-behoerden,migrate to another canonical URL + 301,200,Slashless new convention; proposed same path without trailing slash,False
https://www.gemeinde-merching.de/aktuelles/oeffentliche-bekanntmachungen/,https://www.gemeinde-merching.de/aktuelles/oeffentliche-bekanntmachungen,migrate to another canonical URL + 301,200,Slashless new convention; proposed same path without trailing slash,False
https://www.gemeinde-merching.de/aktuelles/stellenanzeigen/,https://www.gemeinde-merching.de/aktuelles/stellenanzeigen,migrate to another canonical URL + 301,200,Slashless new convention; proposed same path without trailing slash,False
https://www.gemeinde-merching.de/alle-downloads/,https://www.gemeinde-merching.de/buergerservice/alle-downloads-in-der-uebersicht/,duplicate/alias,200,Existing live redirect; preserve full chain destination,False
https://www.gemeinde-merching.de/amtsblatt-landkreis-aichach-friedberg-06-2026-jahrgang-81/,https://www.gemeinde-merching.de/amtsblatt-landkreis-aichach-friedberg-06-2026-jahrgang-81,migrate to another canonical URL + 301,200,Slashless new convention; proposed same path without trailing slash,False
https://www.gemeinde-merching.de/amtsblatt-nr-01-2023-der-regierung-von-schwaben/,https://www.gemeinde-merching.de/amtsblatt-nr-01-2023-der-regierung-von-schwaben,migrate to another canonical URL + 301,200,Slashless new convention; proposed same path without trailing slash,False
https://www.gemeinde-merching.de/author/aumiller/,https://www.gemeinde-merching.de/author/aumiller,migrate to another canonical URL + 301,200,Slashless new convention; proposed same path without trailing slash,False
https://www.gemeinde-merching.de/author/aumiller/page/2/,https://www.gemeinde-merching.de/author/aumiller/page/2,migrate to another canonical URL + 301,200,Slashless new convention; proposed same path without trailing slash,False
https://www.gemeinde-merching.de/author/aumiller/page/3/,https://www.gemeinde-merching.de/author/aumiller/page/3,migrate to another canonical URL + 301,200,Slashless new convention; proposed same path without trailing slash,False
https://www.gemeinde-merching.de/author/aumiller/page/4/,https://www.gemeinde-merching.de/author/aumiller/page/4,migrate to another canonical URL + 301,200,Slashless new convention; proposed same path without trailing slash,False
https://www.gemeinde-merching.de/author/aumiller/page/5/,https://www.gemeinde-merching.de/author/aumiller/page/5,migrate to another canonical URL + 301,200,Slashless new convention; proposed same path without trailing slash,False
https://www.gemeinde-merching.de/author/hagen/,https://www.gemeinde-merching.de/author/hagen,migrate to another canonical URL + 301,200,Slashless new convention; proposed same path without trailing slash,False
https://www.gemeinde-merching.de/balkonkraftwerk-o-klassiche-photovoltaikanlage-sonnenstrom-fuer-jeden-bedarf/,https://www.gemeinde-merching.de/balkonkraftwerk-o-klassiche-photovoltaikanlage-sonnenstrom-fuer-jeden-bedarf,migrate to another canonical URL + 301,200,Slashless new convention; proposed same path without trailing slash,False
https://www.gemeinde-merching.de/bekanntmachung-beschwerdeausschuss/,https://www.gemeinde-merching.de/bekanntmachung-beschwerdeausschuss,migrate to another canonical URL + 301,200,Slashless new convention; proposed same path without trailing slash,False
https://www.gemeinde-merching.de/bekanntmachung-der-beitrags-und-gebuehrensatzung-zur-entwaesserungssatzung-der-gemeinde-merching-v-12-12-2025/,https://www.gemeinde-merching.de/bekanntmachung-der-beitrags-und-gebuehrensatzung-zur-entwaesserungssatzung-der-gemeinde-merching-v-12-12-2025,migrate to another canonical URL + 301,200,Slashless new convention; proposed same path without trailing slash,False
https://www.gemeinde-merching.de/bekanntmachung-der-beitrags-und-gebuehrensatzung-zur-wasserabgabesatzung-der-gemeinde-merching-v-12-12-2025/,https://www.gemeinde-merching.de/bekanntmachung-der-beitrags-und-gebuehrensatzung-zur-wasserabgabesatzung-der-gemeinde-merching-v-12-12-2025,migrate to another canonical URL + 301,200,Slashless new convention; proposed same path without trailing slash,False
https://www.gemeinde-merching.de/bekanntmachung-des-abschliessenden-ergebnisses-der-wahl-des-ersten-buergermeisters-am-08-maerz-2026/,https://www.gemeinde-merching.de/bekanntmachung-des-abschliessenden-ergebnisses-der-wahl-des-ersten-buergermeisters-am-08-maerz-2026,migrate to another canonical URL + 301,200,Slashless new convention; proposed same path without trailing slash,False
https://www.gemeinde-merching.de/bekanntmachung-des-abschliessenden-ergebnisses-der-wahl-des-gemeinderats-am-08-maerz-2026/,https://www.gemeinde-merching.de/bekanntmachung-des-abschliessenden-ergebnisses-der-wahl-des-gemeinderats-am-08-maerz-2026,migrate to another canonical URL + 301,200,Slashless new convention; proposed same path without trailing slash,False
https://www.gemeinde-merching.de/bekanntmachung-fuer-den-eroerterungstermin-licca-liber-i/,https://www.gemeinde-merching.de/bekanntmachung-fuer-den-eroerterungstermin-licca-liber-i,migrate to another canonical URL + 301,200,Slashless new convention; proposed same path without trailing slash,False
https://www.gemeinde-merching.de/bekanntmachung-grundsteuer-und-hundesteuer-2025/,https://www.gemeinde-merching.de/bekanntmachung-grundsteuer-und-hundesteuer-2025,migrate to another canonical URL + 301,200,Slashless new convention; proposed same path without trailing slash,False
https://www.gemeinde-merching.de/bekanntmachung-kostensatzung/,https://www.gemeinde-merching.de/bekanntmachung-kostensatzung,migrate to another canonical URL + 301,200,Slashless new convention; proposed same path without trailing slash,False
https://www.gemeinde-merching.de/bekanntmachung-ueber-die-aufforderung-zur-einreichung-von-wahlvorschlaegen-fuer-die-wahl-des-gemeinderats-und-der-ersten-buergermeisterin-des-ersten-buergermeisters/,https://www.gemeinde-merching.de/bekanntmachung-ueber-die-aufforderung-zur-einreichung-von-wahlvorschlaegen-fuer-die-wahl-des-gemeinderats-und-der-ersten-buergermeisterin-des-ersten-buergermeisters,migrate to another canonical URL + 301,200,Slashless new convention; proposed same path without trailing slash,False
https://www.gemeinde-merching.de/bekanntmachung-ueber-die-eintragungsmoeglichkeiten-in-unterstuetzungslisten/,https://www.gemeinde-merching.de/bekanntmachung-ueber-die-eintragungsmoeglichkeiten-in-unterstuetzungslisten,migrate to another canonical URL + 301,200,Slashless new convention; proposed same path without trailing slash,False
https://www.gemeinde-merching.de/bekanntmachung-v-12-05-2026-vergabe-von-gemeindlichen-wohnbaugrundstuecken/,https://www.gemeinde-merching.de/bekanntmachung-v-12-05-2026-vergabe-von-gemeindlichen-wohnbaugrundstuecken,migrate to another canonical URL + 301,200,Slashless new convention; proposed same path without trailing slash,False
https://www.gemeinde-merching.de/bekanntmachungen-zur-1-aenderung-des-bebauungsplanes-nr-34-oestlich-der-nebelhornstrasse/,https://www.gemeinde-merching.de/bekanntmachungen-zur-1-aenderung-des-bebauungsplanes-nr-34-oestlich-der-nebelhornstrasse,migrate to another canonical URL + 301,200,Slashless new convention; proposed same path without trailing slash,False
https://www.gemeinde-merching.de/blaualgen-tychonema-am-mandichosee/,https://www.gemeinde-merching.de/blaualgen-tychonema-am-mandichosee,migrate to another canonical URL + 301,200,Slashless new convention; proposed same path without trailing slash,False
https://www.gemeinde-merching.de/bodenrichtwerte-ab-01-01-2026/,https://www.gemeinde-merching.de/bodenrichtwerte-ab-01-01-2026,migrate to another canonical URL + 301,200,Slashless new convention; proposed same path without trailing slash,False
https://www.gemeinde-merching.de/brunnenregenerierung-abgeschlossen/,https://www.gemeinde-merching.de/brunnenregenerierung-abgeschlossen,migrate to another canonical URL + 301,200,Slashless new convention; proposed same path without trailing slash,False
https://www.gemeinde-merching.de/buergerservice/,https://www.gemeinde-merching.de/buergerservice,migrate to another canonical URL + 301,200,Slashless new convention; proposed same path without trailing slash,False
https://www.gemeinde-merching.de/buergerservice/alle-downloads-in-der-uebersicht/,https://www.gemeinde-merching.de/buergerservice/alle-downloads-in-der-uebersicht,migrate to another canonical URL + 301,200,Slashless new convention; proposed same path without trailing slash,False
https://www.gemeinde-merching.de/buergerservice/buergerservice-von-a-z/,https://www.gemeinde-merching.de/buergerservice/buergerservice-von-a-z,migrate to another canonical URL + 301,200,Slashless new convention; proposed same path without trailing slash,False
https://www.gemeinde-merching.de/buergerservice/buergerserviceportal/,https://www.gemeinde-merching.de/buergerservice/buergerserviceportal,migrate to another canonical URL + 301,200,Slashless new convention; proposed same path without trailing slash,False
https://www.gemeinde-merching.de/buergerservice/downloads/,https://www.gemeinde-merching.de/buergerservice/downloads,migrate to another canonical URL + 301,200,Slashless new convention; proposed same path without trailing slash,False
https://www.gemeinde-merching.de/buergerservice/flaechennutzungsplan-bebauungsplaene/,https://www.gemeinde-merching.de/buergerservice/flaechennutzungsplan-bebauungsplaene,migrate to another canonical URL + 301,200,Slashless new convention; proposed same path without trailing slash,False
https://www.gemeinde-merching.de/buergerservice/formulare/,https://www.gemeinde-merching.de/buergerservice/formulare,migrate to another canonical URL + 301,200,Slashless new convention; proposed same path without trailing slash,False
https://www.gemeinde-merching.de/buergerservice/gemeindebroschuere/,https://www.gemeinde-merching.de/buergerservice/gemeindebroschuere,migrate to another canonical URL + 301,200,Slashless new convention; proposed same path without trailing slash,False
https://www.gemeinde-merching.de/buergerservice/gemeindekurier/,https://www.gemeinde-merching.de/buergerservice/gemeindekurier,migrate to another canonical URL + 301,200,Slashless new convention; proposed same path without trailing slash,False
https://www.gemeinde-merching.de/buergerservice/gemeinderat/,https://www.gemeinde-merching.de/buergerservice/gemeinderat,migrate to another canonical URL + 301,200,Slashless new convention; proposed same path without trailing slash,False
https://www.gemeinde-merching.de/buergerservice/haushaltsplaene/,https://www.gemeinde-merching.de/buergerservice/haushaltsplaene,migrate to another canonical URL + 301,200,Slashless new convention; proposed same path without trailing slash,False
https://www.gemeinde-merching.de/buergerservice/interessante-links-im-web/,https://www.gemeinde-merching.de/buergerservice/interessante-links-im-web,migrate to another canonical URL + 301,200,Slashless new convention; proposed same path without trailing slash,False
https://www.gemeinde-merching.de/buergerservice/lebenslagen/,https://www.gemeinde-merching.de/buergerservice/lebenslagen,migrate to another canonical URL + 301,200,Slashless new convention; proposed same path without trailing slash,False
https://www.gemeinde-merching.de/buergerservice/lebenslagen/eheschliessung/,https://www.gemeinde-merching.de/buergerservice/lebenslagen/eheschliessung,migrate to another canonical URL + 301,200,Slashless new convention; proposed same path without trailing slash,False
https://www.gemeinde-merching.de/buergerservice/lebenslagen/ein-umzug-steht-bevor/,https://www.gemeinde-merching.de/buergerservice/lebenslagen/ein-umzug-steht-bevor,migrate to another canonical URL + 301,200,Slashless new convention; proposed same path without trailing slash,False
https://www.gemeinde-merching.de/buergerservice/lebenslagen/fuehrungszeugnis-auskunft-aus-dem-gewerbezentralregister/,https://www.gemeinde-merching.de/buergerservice/lebenslagen/fuehrungszeugnis-auskunft-aus-dem-gewerbezentralregister,migrate to another canonical URL + 301,200,Slashless new convention; proposed same path without trailing slash,False
https://www.gemeinde-merching.de/buergerservice/lebenslagen/personalausweis/,https://www.gemeinde-merching.de/buergerservice/lebenslagen/personalausweis,migrate to another canonical URL + 301,200,Slashless new convention; proposed same path without trailing slash,False
https://www.gemeinde-merching.de/buergerservice/lebenslagen/reisepass/,https://www.gemeinde-merching.de/buergerservice/lebenslagen/reisepass,migrate to another canonical URL + 301,200,Slashless new convention; proposed same path without trailing slash,False
https://www.gemeinde-merching.de/buergerservice/lebenslagen/wertstoffsammlung/,https://www.gemeinde-merching.de/buergerservice/lebenslagen/wertstoffsammlung,migrate to another canonical URL + 301,200,Slashless new convention; proposed same path without trailing slash,False
https://www.gemeinde-merching.de/buergerservice/ortsrecht/,https://www.gemeinde-merching.de/buergerservice/ortsrecht,migrate to another canonical URL + 301,200,Slashless new convention; proposed same path without trailing slash,False
https://www.gemeinde-merching.de/category/andere-behoerden/,https://www.gemeinde-merching.de/category/andere-behoerden,migrate to another canonical URL + 301,200,Slashless new convention; proposed same path without trailing slash,False
https://www.gemeinde-merching.de/category/aus-merching/,https://www.gemeinde-merching.de/category/aus-merching,migrate to another canonical URL + 301,200,Slashless new convention; proposed same path without trailing slash,False
https://www.gemeinde-merching.de/category/aus-merching/page/2/,https://www.gemeinde-merching.de/category/aus-merching/page/2,migrate to another canonical URL + 301,200,Slashless new convention; proposed same path without trailing slash,False
https://www.gemeinde-merching.de/category/fundsachen/,https://www.gemeinde-merching.de/category/fundsachen,migrate to another canonical URL + 301,200,Slashless new convention; proposed same path without trailing slash,False
https://www.gemeinde-merching.de/category/oeffentliche-bekanntmachungen/,https://www.gemeinde-merching.de/category/oeffentliche-bekanntmachungen,migrate to another canonical URL + 301,200,Slashless new convention; proposed same path without trailing slash,False
https://www.gemeinde-merching.de/category/rathaus/,https://www.gemeinde-merching.de/category/rathaus,migrate to another canonical URL + 301,200,Slashless new convention; proposed same path without trailing slash,False
https://www.gemeinde-merching.de/category/rathaus/page/2/,https://www.gemeinde-merching.de/category/rathaus/page/2,migrate to another canonical URL + 301,200,Slashless new convention; proposed same path without trailing slash,False
https://www.gemeinde-merching.de/category/rathaus/page/3/,https://www.gemeinde-merching.de/category/rathaus/page/3,migrate to another canonical URL + 301,200,Slashless new convention; proposed same path without trailing slash,False
https://www.gemeinde-merching.de/category/rathaus/page/4/,https://www.gemeinde-merching.de/category/rathaus/page/4,migrate to another canonical URL + 301,200,Slashless new convention; proposed same path without trailing slash,False
https://www.gemeinde-merching.de/category/topaktuell/,https://www.gemeinde-merching.de/category/topaktuell,migrate to another canonical URL + 301,200,Slashless new convention; proposed same path without trailing slash,False
https://www.gemeinde-merching.de/category/topaktuell/page/2/,https://www.gemeinde-merching.de/category/topaktuell/page/2,migrate to another canonical URL + 301,200,Slashless new convention; proposed same path without trailing slash,False
https://www.gemeinde-merching.de/category/topaktuell/page/3/,https://www.gemeinde-merching.de/category/topaktuell/page/3,migrate to another canonical URL + 301,200,Slashless new convention; proposed same path without trailing slash,False
https://www.gemeinde-merching.de/category/topaktuell/page/4/,https://www.gemeinde-merching.de/category/topaktuell/page/4,migrate to another canonical URL + 301,200,Slashless new convention; proposed same path without trailing slash,False
https://www.gemeinde-merching.de/category/topaktuell/page/5/,https://www.gemeinde-merching.de/category/topaktuell/page/5,migrate to another canonical URL + 301,200,Slashless new convention; proposed same path without trailing slash,False
https://www.gemeinde-merching.de/category/topaktuell/page/6/,https://www.gemeinde-merching.de/category/topaktuell/page/6,migrate to another canonical URL + 301,200,Slashless new convention; proposed same path without trailing slash,False
https://www.gemeinde-merching.de/category/topaktuell/page/7/,https://www.gemeinde-merching.de/category/topaktuell/page/7,migrate to another canonical URL + 301,200,Slashless new convention; proposed same path without trailing slash,False
https://www.gemeinde-merching.de/db-infrago-ag-fuehrt-am-13-10-u-14-10-26-bauarbeiten-durch-bf-mering-bf-egling/,https://www.gemeinde-merching.de/db-infrago-ag-fuehrt-am-13-10-u-14-10-26-bauarbeiten-durch-bf-mering-bf-egling,migrate to another canonical URL + 301,200,Slashless new convention; proposed same path without trailing slash,False
https://www.gemeinde-merching.de/db-infrago-ag-fuehrt-am-20-10-26-bauarbeiten-durch-bf-kissing-bf-augsburg-hbf-u-bf-mammendorf-bf-mering/,https://www.gemeinde-merching.de/db-infrago-ag-fuehrt-am-20-10-26-bauarbeiten-durch-bf-kissing-bf-augsburg-hbf-u-bf-mammendorf-bf-mering,migrate to another canonical URL + 301,200,Slashless new convention; proposed same path without trailing slash,False
https://www.gemeinde-merching.de/download-category/allgemeine-formulare/,https://www.gemeinde-merching.de/download-category/allgemeine-formulare,migrate to another canonical URL + 301,200,Slashless new convention; proposed same path without trailing slash,False
https://www.gemeinde-merching.de/download-category/ausschreibungen-stellenanzeigen/,https://www.gemeinde-merching.de/download-category/ausschreibungen-stellenanzeigen,migrate to another canonical URL + 301,200,Slashless new convention; proposed same path without trailing slash,False
https://www.gemeinde-merching.de/download-category/flaechennutzungsplan-bebauungsplaene/,https://www.gemeinde-merching.de/download-category/flaechennutzungsplan-bebauungsplaene,migrate to another canonical URL + 301,200,Slashless new convention; proposed same path without trailing slash,False
https://www.gemeinde-merching.de/download-category/gemeinde-kurier-merching/,https://www.gemeinde-merching.de/download-category/gemeinde-kurier-merching,migrate to another canonical URL + 301,200,Slashless new convention; proposed same path without trailing slash,False
https://www.gemeinde-merching.de/download-category/haushaltsplaene/,https://www.gemeinde-merching.de/download-category/haushaltsplaene,migrate to another canonical URL + 301,200,Slashless new convention; proposed same path without trailing slash,False
https://www.gemeinde-merching.de/download-category/haushaltsplaene/page/2/,https://www.gemeinde-merching.de/download-category/haushaltsplaene/page/2,migrate to another canonical URL + 301,200,Slashless new convention; proposed same path without trailing slash,False
https://www.gemeinde-merching.de/download-category/haushaltsplaene/page/3/,https://www.gemeinde-merching.de/download-category/haushaltsplaene/page/3,migrate to another canonical URL + 301,200,Slashless new convention; proposed same path without trailing slash,False
https://www.gemeinde-merching.de/download-category/informationsmaterial/,https://www.gemeinde-merching.de/download-category/informationsmaterial,migrate to another canonical URL + 301,200,Slashless new convention; proposed same path without trailing slash,False
https://www.gemeinde-merching.de/download-category/informationsmaterial/page/2/,https://www.gemeinde-merching.de/download-category/informationsmaterial/page/2,migrate to another canonical URL + 301,200,Slashless new convention; proposed same path without trailing slash,False
https://www.gemeinde-merching.de/download-category/kinder-und-jugend/,https://www.gemeinde-merching.de/download-category/kinder-und-jugend,migrate to another canonical URL + 301,200,Slashless new convention; proposed same path without trailing slash,False
https://www.gemeinde-merching.de/download-category/oeffentliche-bekannmachungen/,https://www.gemeinde-merching.de/download-category/oeffentliche-bekannmachungen,migrate to another canonical URL + 301,200,Slashless new convention; proposed same path without trailing slash,False
https://www.gemeinde-merching.de/download-category/oeffentliche-bekannmachungen/page/2/,https://www.gemeinde-merching.de/download-category/oeffentliche-bekannmachungen/page/2,migrate to another canonical URL + 301,200,Slashless new convention; proposed same path without trailing slash,False
https://www.gemeinde-merching.de/download-category/satzungen-verordnungen-gemeinde-merching/,https://www.gemeinde-merching.de/download-category/satzungen-verordnungen-gemeinde-merching,migrate to another canonical URL + 301,200,Slashless new convention; proposed same path without trailing slash,False
https://www.gemeinde-merching.de/download-category/satzungen-verordnungen-gemeinde-merching/page/2/,https://www.gemeinde-merching.de/download-category/satzungen-verordnungen-gemeinde-merching/page/2,migrate to another canonical URL + 301,200,Slashless new convention; proposed same path without trailing slash,False
https://www.gemeinde-merching.de/download-category/satzungen-verordnungen-gemeinde-merching/page/3/,https://www.gemeinde-merching.de/download-category/satzungen-verordnungen-gemeinde-merching/page/3,migrate to another canonical URL + 301,200,Slashless new convention; proposed same path without trailing slash,False
https://www.gemeinde-merching.de/download-category/wasserversorgung/,https://www.gemeinde-merching.de/download-category/wasserversorgung,migrate to another canonical URL + 301,200,Slashless new convention; proposed same path without trailing slash,False
https://www.gemeinde-merching.de/download/abschaffung-des-kinderreisepasses-zum-01-01-2024/,https://www.gemeinde-merching.de/download/abschaffung-des-kinderreisepasses-zum-01-01-2024,migrate to another canonical URL + 301,200,Slashless new convention; proposed same path without trailing slash,False
https://www.gemeinde-merching.de/download/amtsblatt-landkreis-aichach-friedberg-vom-02-06-2026-m-bekanntmachung-haushaltssatzung-f-d-haushalt-2026-des-zweckverband-zur-wasserversorgung-d-adelburggruppe/,https://www.gemeinde-merching.de/download/amtsblatt-landkreis-aichach-friedberg-vom-02-06-2026-m-bekanntmachung-haushaltssatzung-f-d-haushalt-2026-des-zweckverband-zur-wasserversorgung-d-adelburggruppe,migrate to another canonical URL + 301,200,Slashless new convention; proposed same path without trailing slash,False
https://www.gemeinde-merching.de/download/anmeldung-eines-gartenwasserzaehlers/,https://www.gemeinde-merching.de/download/anmeldung-eines-gartenwasserzaehlers,migrate to another canonical URL + 301,200,Slashless new convention; proposed same path without trailing slash,False
https://www.gemeinde-merching.de/download/antrag-fuer-wasserbezug/,https://www.gemeinde-merching.de/download/antrag-fuer-wasserbezug,migrate to another canonical URL + 301,200,Slashless new convention; proposed same path without trailing slash,False
https://www.gemeinde-merching.de/download/ausschreibung-architekturpreis-bezirk-schwaben-2026/,https://www.gemeinde-merching.de/download/ausschreibung-architekturpreis-bezirk-schwaben-2026,migrate to another canonical URL + 301,200,Slashless new convention; proposed same path without trailing slash,False
https://www.gemeinde-merching.de/download/bauwasserbezugsvertrag/,https://www.gemeinde-merching.de/download/bauwasserbezugsvertrag,migrate to another canonical URL + 301,200,Slashless new convention; proposed same path without trailing slash,False
https://www.gemeinde-merching.de/download/bekanntmachung-beschwerdeausschuss/,https://www.gemeinde-merching.de/download/bekanntmachung-beschwerdeausschuss,migrate to another canonical URL + 301,200,Slashless new convention; proposed same path without trailing slash,False
https://www.gemeinde-merching.de/download/bekanntmachung-der-gebuehrensatzung-zur-friedhofs-und-bestattungssatzung-ab-01-01-2027/,https://www.gemeinde-merching.de/download/bekanntmachung-der-gebuehrensatzung-zur-friedhofs-und-bestattungssatzung-ab-01-01-2027,migrate to another canonical URL + 301,200,Slashless new convention; proposed same path without trailing slash,False
https://www.gemeinde-merching.de/download/bekanntmachung-des-abschliessenden-ergebnisses-der-wahl-des-ersten-buergermeisters-am-08-03-2026/,https://www.gemeinde-merching.de/download/bekanntmachung-des-abschliessenden-ergebnisses-der-wahl-des-ersten-buergermeisters-am-08-03-2026,migrate to another canonical URL + 301,200,Slashless new convention; proposed same path without trailing slash,False
https://www.gemeinde-merching.de/download/bekanntmachung-des-abschliessenden-ergebnisses-der-wahl-des-gemeinderats-am-08-maerz-2026/,https://www.gemeinde-merching.de/download/bekanntmachung-des-abschliessenden-ergebnisses-der-wahl-des-gemeinderats-am-08-maerz-2026,migrate to another canonical URL + 301,200,Slashless new convention; proposed same path without trailing slash,False
https://www.gemeinde-merching.de/download/bekanntmachung-einladung-verbandsversammlung-adelburggruppe-24-06-2026/,https://www.gemeinde-merching.de/download/bekanntmachung-einladung-verbandsversammlung-adelburggruppe-24-06-2026,migrate to another canonical URL + 301,200,Slashless new convention; proposed same path without trailing slash,False
https://www.gemeinde-merching.de/download/bekanntmachung-eroeffnung-vergabeverfahren-fuer-baugrundstuecke-baugebiet-34-oestlich-der-nebelhornstrasse/,https://www.gemeinde-merching.de/download/bekanntmachung-eroeffnung-vergabeverfahren-fuer-baugrundstuecke-baugebiet-34-oestlich-der-nebelhornstrasse,migrate to another canonical URL + 301,200,Slashless new convention; proposed same path without trailing slash,False
https://www.gemeinde-merching.de/download/bekanntmachung-friedhofs-und-bestattungssatzung-ab-01-01-2027/,https://www.gemeinde-merching.de/download/bekanntmachung-friedhofs-und-bestattungssatzung-ab-01-01-2027,migrate to another canonical URL + 301,200,Slashless new convention; proposed same path without trailing slash,False
https://www.gemeinde-merching.de/download/bekanntmachung-fuer-den-eroerterungstermin-licca-liber-i/,https://www.gemeinde-merching.de/download/bekanntmachung-fuer-den-eroerterungstermin-licca-liber-i,migrate to another canonical URL + 301,200,Slashless new convention; proposed same path without trailing slash,False
https://www.gemeinde-merching.de/download/bekanntmachung-grundsteuer-und-hundesteuer-2025/,https://www.gemeinde-merching.de/download/bekanntmachung-grundsteuer-und-hundesteuer-2025,migrate to another canonical URL + 301,200,Slashless new convention; proposed same path without trailing slash,False
https://www.gemeinde-merching.de/download/bekanntmachung-kommunale-waermeplanung-merching/,https://www.gemeinde-merching.de/download/bekanntmachung-kommunale-waermeplanung-merching,migrate to another canonical URL + 301,200,Slashless new convention; proposed same path without trailing slash,False
https://www.gemeinde-merching.de/download/bekanntmachung-kostensatzung/,https://www.gemeinde-merching.de/download/bekanntmachung-kostensatzung,migrate to another canonical URL + 301,200,Slashless new convention; proposed same path without trailing slash,False
https://www.gemeinde-merching.de/download/bekanntmachung-satzung-d-gemeinde-merching-ue-aufwendungs-u-kostenersatz-f-einsaetze-u-andere-leistungen-gemeindlicher-feuerwehren-ab-01-01-2026/,https://www.gemeinde-merching.de/download/bekanntmachung-satzung-d-gemeinde-merching-ue-aufwendungs-u-kostenersatz-f-einsaetze-u-andere-leistungen-gemeindlicher-feuerwehren-ab-01-01-2026,migrate to another canonical URL + 301,200,Slashless new convention; proposed same path without trailing slash,False
https://www.gemeinde-merching.de/download/bekanntmachung-stellplatzsatzung-vom-08-09-2025/,https://www.gemeinde-merching.de/download/bekanntmachung-stellplatzsatzung-vom-08-09-2025,migrate to another canonical URL + 301,200,Slashless new convention; proposed same path without trailing slash,False
https://www.gemeinde-merching.de/download/bekanntmachung-unternehmenssatzung-fuer-das-kommunalunternehmen-merching-vom-16-09-2026/,https://www.gemeinde-merching.de/download/bekanntmachung-unternehmenssatzung-fuer-das-kommunalunternehmen-merching-vom-16-09-2026,migrate to another canonical URL + 301,200,Slashless new convention; proposed same path without trailing slash,False
https://www.gemeinde-merching.de/download/bekanntmachung-vergabe-von-gemeindlichen-wohnbaugrundstuecken/,https://www.gemeinde-merching.de/download/bekanntmachung-vergabe-von-gemeindlichen-wohnbaugrundstuecken,migrate to another canonical URL + 301,200,Slashless new convention; proposed same path without trailing slash,False
https://www.gemeinde-merching.de/download/bestattung-gebuehrensatzung-zur-satzung-fuer-die-oeffentl-bestattungseinrichtung-gbs-bes-der-gemeinde-merching-vom-18-07-2022-gueltig-ab-01-01-2023/,https://www.gemeinde-merching.de/download/bestattung-gebuehrensatzung-zur-satzung-fuer-die-oeffentl-bestattungseinrichtung-gbs-bes-der-gemeinde-merching-vom-18-07-2022-gueltig-ab-01-01-2023,migrate to another canonical URL + 301,200,Slashless new convention; proposed same path without trailing slash,False
https://www.gemeinde-merching.de/download/bestattung-gebuehrensatzung-zur-satzung-fuer-oeffentl-bestattungseinrichtung-gbs-bes-der-gemeinde-merching-ab-01-01-2027/,https://www.gemeinde-merching.de/download/bestattung-gebuehrensatzung-zur-satzung-fuer-oeffentl-bestattungseinrichtung-gbs-bes-der-gemeinde-merching-ab-01-01-2027,migrate to another canonical URL + 301,200,Slashless new convention; proposed same path without trailing slash,False
https://www.gemeinde-merching.de/download/bestattung-satzung-ueber-die-oeffentl-bestattungseinrichtung-der-gemeinde-merching-vom-18-07-2022-gueltig-ab-01-01-2023/,https://www.gemeinde-merching.de/download/bestattung-satzung-ueber-die-oeffentl-bestattungseinrichtung-der-gemeinde-merching-vom-18-07-2022-gueltig-ab-01-01-2023,migrate to another canonical URL + 301,200,Slashless new convention; proposed same path without trailing slash,False
https://www.gemeinde-merching.de/download/beste-ausbildungs-und-studienchanchen-in-der-oeffentlichen-verwaltung-bayerns/,https://www.gemeinde-merching.de/download/beste-ausbildungs-und-studienchanchen-in-der-oeffentlichen-verwaltung-bayerns,migrate to another canonical URL + 301,200,Slashless new convention; proposed same path without trailing slash,False
https://www.gemeinde-merching.de/download/blauzungenkrankheit-amtsblatt-75-nr-4b-des-landkreises-aichach-friedberg/,https://www.gemeinde-merching.de/download/blauzungenkrankheit-amtsblatt-75-nr-4b-des-landkreises-aichach-friedberg,migrate to another canonical URL + 301,200,Slashless new convention; proposed same path without trailing slash,False
https://www.gemeinde-merching.de/download/bodenrichtwerte-ab-01-01-2026-fuer-merching/,https://www.gemeinde-merching.de/download/bodenrichtwerte-ab-01-01-2026-fuer-merching,migrate to another canonical URL + 301,200,Slashless new convention; proposed same path without trailing slash,False
https://www.gemeinde-merching.de/download/bodenrichtwerte-ab-01-01-2026-fuer-steinach-und-hochdorf/,https://www.gemeinde-merching.de/download/bodenrichtwerte-ab-01-01-2026-fuer-steinach-und-hochdorf,migrate to another canonical URL + 301,200,Slashless new convention; proposed same path without trailing slash,False
https://www.gemeinde-merching.de/download/bodenrichtwerte-f-landwirtschaftliche-flaechen-ab-01-01-2026/,https://www.gemeinde-merching.de/download/bodenrichtwerte-f-landwirtschaftliche-flaechen-ab-01-01-2026,migrate to another canonical URL + 301,200,Slashless new convention; proposed same path without trailing slash,False
https://www.gemeinde-merching.de/download/buergertelefon-krebs/,https://www.gemeinde-merching.de/download/buergertelefon-krebs,migrate to another canonical URL + 301,200,Slashless new convention; proposed same path without trailing slash,False
https://www.gemeinde-merching.de/download/ehrungen-satzung-ueber-die-verleihung-von-ehrungen-durch-die-gemeinde-merching-ab-07-08-2025/,https://www.gemeinde-merching.de/download/ehrungen-satzung-ueber-die-verleihung-von-ehrungen-durch-die-gemeinde-merching-ab-07-08-2025,migrate to another canonical URL + 301,200,Slashless new convention; proposed same path without trailing slash,False
https://www.gemeinde-merching.de/download/einfriedung-satzung-der-gemeinde-merching-ueber-die-hoehe-von-einfriedungen-einfriedungssatzung/,https://www.gemeinde-merching.de/download/einfriedung-satzung-der-gemeinde-merching-ueber-die-hoehe-von-einfriedungen-einfriedungssatzung,migrate to another canonical URL + 301,200,Slashless new convention; proposed same path without trailing slash,False
https://www.gemeinde-merching.de/download/entwaesserung-beitrags-und-gebuehrensatzung-zur-entwaesserungsatzung/,https://www.gemeinde-merching.de/download/entwaesserung-beitrags-und-gebuehrensatzung-zur-entwaesserungsatzung,migrate to another canonical URL + 301,200,Slashless new convention; proposed same path without trailing slash,False
https://www.gemeinde-merching.de/download/entwaesserungssatzung-01-01-2022/,https://www.gemeinde-merching.de/download/entwaesserungssatzung-01-01-2022,migrate to another canonical URL + 301,200,Slashless new convention; proposed same path without trailing slash,False
https://www.gemeinde-merching.de/download/erhebung-verwaltungskosten-satzung-ueber-die-erhebung-von-verwaltungskosten-fuer-amtshandlungen-im-eigenen-wirkungskreis-der-gemeinde-merching-kostensatzung/,https://www.gemeinde-merching.de/download/erhebung-verwaltungskosten-satzung-ueber-die-erhebung-von-verwaltungskosten-fuer-amtshandlungen-im-eigenen-wirkungskreis-der-gemeinde-merching-kostensatzung,migrate to another canonical URL + 301,200,Slashless new convention; proposed same path without trailing slash,False
https://www.gemeinde-merching.de/download/erschliessungsbeitraege-satzung-ueber-die-erschliessungsbeitraege-in-der-fassung-der-2-aenderung-vom-15-05-1992/,https://www.gemeinde-merching.de/download/erschliessungsbeitraege-satzung-ueber-die-erschliessungsbeitraege-in-der-fassung-der-2-aenderung-vom-15-05-1992,migrate to another canonical URL + 301,200,Slashless new convention; proposed same path without trailing slash,False
https://www.gemeinde-merching.de/download/flyer-stromausfall-vorbereitungsmassnahmen-und-anlaufstellen/,https://www.gemeinde-merching.de/download/flyer-stromausfall-vorbereitungsmassnahmen-und-anlaufstellen,migrate to another canonical URL + 301,200,Slashless new convention; proposed same path without trailing slash,False
https://www.gemeinde-merching.de/download/friedhofs-und-bestattungssatzung-ab-01-01-2027/,https://www.gemeinde-merching.de/download/friedhofs-und-bestattungssatzung-ab-01-01-2027,migrate to another canonical URL + 301,200,Slashless new convention; proposed same path without trailing slash,False
https://www.gemeinde-merching.de/download/gde-hh-0-deckblatt-2026/,https://www.gemeinde-merching.de/download/gde-hh-0-deckblatt-2026,migrate to another canonical URL + 301,200,Slashless new convention; proposed same path without trailing slash,False
https://www.gemeinde-merching.de/download/gde-hh-1-inhaltsverzeichnis/,https://www.gemeinde-merching.de/download/gde-hh-1-inhaltsverzeichnis,migrate to another canonical URL + 301,200,Slashless new convention; proposed same path without trailing slash,False
https://www.gemeinde-merching.de/download/gde-hh-2-haushaltssatzung-2026/,https://www.gemeinde-merching.de/download/gde-hh-2-haushaltssatzung-2026,migrate to another canonical URL + 301,200,Slashless new convention; proposed same path without trailing slash,False
https://www.gemeinde-merching.de/download/gde-hh-3-vorbericht-2026/,https://www.gemeinde-merching.de/download/gde-hh-3-vorbericht-2026,migrate to another canonical URL + 301,200,Slashless new convention; proposed same path without trailing slash,False
https://www.gemeinde-merching.de/download/gde-hh-4-darlehen-2026/,https://www.gemeinde-merching.de/download/gde-hh-4-darlehen-2026,migrate to another canonical URL + 301,200,Slashless new convention; proposed same path without trailing slash,False
https://www.gemeinde-merching.de/download/gde-hh-5-kreditermaechtigungen-2026/,https://www.gemeinde-merching.de/download/gde-hh-5-kreditermaechtigungen-2026,migrate to another canonical URL + 301,200,Slashless new convention; proposed same path without trailing slash,False
https://www.gemeinde-merching.de/download/gde-hh-6-haushaltsplan-mit-finanzplan-2026/,https://www.gemeinde-merching.de/download/gde-hh-6-haushaltsplan-mit-finanzplan-2026,migrate to another canonical URL + 301,200,Slashless new convention; proposed same path without trailing slash,False
https://www.gemeinde-merching.de/download/gde-hh-7-stellenplan-2026/,https://www.gemeinde-merching.de/download/gde-hh-7-stellenplan-2026,migrate to another canonical URL + 301,200,Slashless new convention; proposed same path without trailing slash,False
https://www.gemeinde-merching.de/download/gde-hh-8-anlagen-2026/,https://www.gemeinde-merching.de/download/gde-hh-8-anlagen-2026,migrate to another canonical URL + 301,200,Slashless new convention; proposed same path without trailing slash,False
https://www.gemeinde-merching.de/download/gde-hh-9-finanzplan-vermoegenshaushalt-detail-2026/,https://www.gemeinde-merching.de/download/gde-hh-9-finanzplan-vermoegenshaushalt-detail-2026,migrate to another canonical URL + 301,200,Slashless new convention; proposed same path without trailing slash,False
https://www.gemeinde-merching.de/download/gemeindekurier-ostern-2026/,https://www.gemeinde-merching.de/download/gemeindekurier-ostern-2026,migrate to another canonical URL + 301,200,Slashless new convention; proposed same path without trailing slash,False
https://www.gemeinde-merching.de/download/gemeindekurier-sommer-2026/,https://www.gemeinde-merching.de/download/gemeindekurier-sommer-2026,migrate to another canonical URL + 301,200,Slashless new convention; proposed same path without trailing slash,False
https://www.gemeinde-merching.de/download/gemeindeverfassungsrecht-satzung-zur-regelung-von-fragen-des-oertlichen-gemeindeverfassungsrechts-06-05-2020/,https://www.gemeinde-merching.de/download/gemeindeverfassungsrecht-satzung-zur-regelung-von-fragen-des-oertlichen-gemeindeverfassungsrechts-06-05-2020,migrate to another canonical URL + 301,200,Slashless new convention; proposed same path without trailing slash,False
https://www.gemeinde-merching.de/download/geschaeftsordnung-ab-mai-2026/,https://www.gemeinde-merching.de/download/geschaeftsordnung-ab-mai-2026,migrate to another canonical URL + 301,200,Slashless new convention; proposed same path without trailing slash,False
https://www.gemeinde-merching.de/download/geschaeftsordnung-geschaeftsordnung-2020/,https://www.gemeinde-merching.de/download/geschaeftsordnung-geschaeftsordnung-2020,migrate to another canonical URL + 301,200,Slashless new convention; proposed same path without trailing slash,False
https://www.gemeinde-merching.de/download/grundsteuererklaerung-informationen-14-12-2022/,https://www.gemeinde-merching.de/download/grundsteuererklaerung-informationen-14-12-2022,migrate to another canonical URL + 301,200,Slashless new convention; proposed same path without trailing slash,False
https://www.gemeinde-merching.de/download/grundsteuerreform-die-neue-grundsteuer-in-bayern/,https://www.gemeinde-merching.de/download/grundsteuerreform-die-neue-grundsteuer-in-bayern,migrate to another canonical URL + 301,200,Slashless new convention; proposed same path without trailing slash,False
https://www.gemeinde-merching.de/download/gsv-hh-anlagen-2026/,https://www.gemeinde-merching.de/download/gsv-hh-anlagen-2026,migrate to another canonical URL + 301,200,Slashless new convention; proposed same path without trailing slash,False
https://www.gemeinde-merching.de/download/gsv-hh-deckblatt/,https://www.gemeinde-merching.de/download/gsv-hh-deckblatt,migrate to another canonical URL + 301,200,Slashless new convention; proposed same path without trailing slash,False
https://www.gemeinde-merching.de/download/gsv-hh-haushaltsplan-mit-finanzplan/,https://www.gemeinde-merching.de/download/gsv-hh-haushaltsplan-mit-finanzplan,migrate to another canonical URL + 301,200,Slashless new convention; proposed same path without trailing slash,False
https://www.gemeinde-merching.de/download/gsv-hh-haushaltssatzung-2026/,https://www.gemeinde-merching.de/download/gsv-hh-haushaltssatzung-2026,migrate to another canonical URL + 301,200,Slashless new convention; proposed same path without trailing slash,False
https://www.gemeinde-merching.de/download/gsv-hh-inhaltsverzeichnis-2026/,https://www.gemeinde-merching.de/download/gsv-hh-inhaltsverzeichnis-2026,migrate to another canonical URL + 301,200,Slashless new convention; proposed same path without trailing slash,False
https://www.gemeinde-merching.de/download/gsv-hh-schulverbandsumlage-2026/,https://www.gemeinde-merching.de/download/gsv-hh-schulverbandsumlage-2026,migrate to another canonical URL + 301,200,Slashless new convention; proposed same path without trailing slash,False
https://www.gemeinde-merching.de/download/gsv-hh-vorbericht-2026/,https://www.gemeinde-merching.de/download/gsv-hh-vorbericht-2026,migrate to another canonical URL + 301,200,Slashless new convention; proposed same path without trailing slash,False
https://www.gemeinde-merching.de/download/hausnummerierung-satzung-ueber-die-hausnummerierung/,https://www.gemeinde-merching.de/download/hausnummerierung-satzung-ueber-die-hausnummerierung,migrate to another canonical URL + 301,200,Slashless new convention; proposed same path without trailing slash,False
https://www.gemeinde-merching.de/download/hundesteuer-satzung-der-gemeinde-merching-fuer-die-erhebung-der-hundesteuer-hundesteuersatzung-hsts/,https://www.gemeinde-merching.de/download/hundesteuer-satzung-der-gemeinde-merching-fuer-die-erhebung-der-hundesteuer-hundesteuersatzung-hsts,migrate to another canonical URL + 301,200,Slashless new convention; proposed same path without trailing slash,False
https://www.gemeinde-merching.de/download/information-zur-elektronischen-lohnsteuerkarte/,https://www.gemeinde-merching.de/download/information-zur-elektronischen-lohnsteuerkarte,migrate to another canonical URL + 301,200,Slashless new convention; proposed same path without trailing slash,False
https://www.gemeinde-merching.de/download/kleineinleiter-satzung-fuer-die-erhebung-einer-kommunalabgabe-zur-abwaelzung-der-abwasserabgabe-fuer-kleineinleiter/,https://www.gemeinde-merching.de/download/kleineinleiter-satzung-fuer-die-erhebung-einer-kommunalabgabe-zur-abwaelzung-der-abwasserabgabe-fuer-kleineinleiter,migrate to another canonical URL + 301,200,Slashless new convention; proposed same path without trailing slash,False
https://www.gemeinde-merching.de/download/landespflegegeld-unterstuetzt-pflegebeduerftige-pressemitteilung-landratsamt-aichach-friedberg-08-2021/,https://www.gemeinde-merching.de/download/landespflegegeld-unterstuetzt-pflegebeduerftige-pressemitteilung-landratsamt-aichach-friedberg-08-2021,migrate to another canonical URL + 301,200,Slashless new convention; proposed same path without trailing slash,False
https://www.gemeinde-merching.de/download/mandat-gemeinde-merching/,https://www.gemeinde-merching.de/download/mandat-gemeinde-merching,migrate to another canonical URL + 301,200,Slashless new convention; proposed same path without trailing slash,False
https://www.gemeinde-merching.de/download/merkblatt-zum-richtigen-verhalten-gegenueber-wasser-zugvoegeln/,https://www.gemeinde-merching.de/download/merkblatt-zum-richtigen-verhalten-gegenueber-wasser-zugvoegeln,migrate to another canonical URL + 301,200,Slashless new convention; proposed same path without trailing slash,False
https://www.gemeinde-merching.de/download/msv-hh-0-deckblatt-2026/,https://www.gemeinde-merching.de/download/msv-hh-0-deckblatt-2026,migrate to another canonical URL + 301,200,Slashless new convention; proposed same path without trailing slash,False
https://www.gemeinde-merching.de/download/msv-hh-1-inhaltsverzeichnis-2026/,https://www.gemeinde-merching.de/download/msv-hh-1-inhaltsverzeichnis-2026,migrate to another canonical URL + 301,200,Slashless new convention; proposed same path without trailing slash,False
https://www.gemeinde-merching.de/download/msv-hh-2-haushaltssatzung-2026/,https://www.gemeinde-merching.de/download/msv-hh-2-haushaltssatzung-2026,migrate to another canonical URL + 301,200,Slashless new convention; proposed same path without trailing slash,False
https://www.gemeinde-merching.de/download/msv-hh-3-schulverbandsumlage-2026/,https://www.gemeinde-merching.de/download/msv-hh-3-schulverbandsumlage-2026,migrate to another canonical URL + 301,200,Slashless new convention; proposed same path without trailing slash,False
https://www.gemeinde-merching.de/download/msv-hh-4-vorbericht-2026/,https://www.gemeinde-merching.de/download/msv-hh-4-vorbericht-2026,migrate to another canonical URL + 301,200,Slashless new convention; proposed same path without trailing slash,False
https://www.gemeinde-merching.de/download/msv-hh-5-haushaltsplan-mit-finanzplan-2026/,https://www.gemeinde-merching.de/download/msv-hh-5-haushaltsplan-mit-finanzplan-2026,migrate to another canonical URL + 301,200,Slashless new convention; proposed same path without trailing slash,False
https://www.gemeinde-merching.de/download/msv-hh-6-stellenplan-2026/,https://www.gemeinde-merching.de/download/msv-hh-6-stellenplan-2026,migrate to another canonical URL + 301,200,Slashless new convention; proposed same path without trailing slash,False
https://www.gemeinde-merching.de/download/msv-hh-7-anlagen-2026/,https://www.gemeinde-merching.de/download/msv-hh-7-anlagen-2026,migrate to another canonical URL + 301,200,Slashless new convention; proposed same path without trailing slash,False
https://www.gemeinde-merching.de/download/ortssprecherwahl-steinach-u-hochdorf-beilage-gemeindekurier-zu-ostern-f-die-ortsteile/,https://www.gemeinde-merching.de/download/ortssprecherwahl-steinach-u-hochdorf-beilage-gemeindekurier-zu-ostern-f-die-ortsteile,migrate to another canonical URL + 301,200,Slashless new convention; proposed same path without trailing slash,False
https://www.gemeinde-merching.de/download/plakatierungsverordnung-vom-14-12-2023/,https://www.gemeinde-merching.de/download/plakatierungsverordnung-vom-14-12-2023,migrate to another canonical URL + 301,200,Slashless new convention; proposed same path without trailing slash,False
https://www.gemeinde-merching.de/download/pressemitteilung-mikrozensus-2026/,https://www.gemeinde-merching.de/download/pressemitteilung-mikrozensus-2026,migrate to another canonical URL + 301,200,Slashless new convention; proposed same path without trailing slash,False
https://www.gemeinde-merching.de/download/pruefbericht-trinkwasser-november-2025/,https://www.gemeinde-merching.de/download/pruefbericht-trinkwasser-november-2025,migrate to another canonical URL + 301,200,Slashless new convention; proposed same path without trailing slash,False
https://www.gemeinde-merching.de/download/rechtsverordnung-ueber-die-zulassung-des-betriebs-von-autowaschanlagen-an-sonn-und-feiertagen/,https://www.gemeinde-merching.de/download/rechtsverordnung-ueber-die-zulassung-des-betriebs-von-autowaschanlagen-an-sonn-und-feiertagen,migrate to another canonical URL + 301,200,Slashless new convention; proposed same path without trailing slash,False
https://www.gemeinde-merching.de/download/reinigungs-und-winterdienstverordnung-vom-04-11-2021/,https://www.gemeinde-merching.de/download/reinigungs-und-winterdienstverordnung-vom-04-11-2021,migrate to another canonical URL + 301,200,Slashless new convention; proposed same path without trailing slash,False
https://www.gemeinde-merching.de/download/sachlicher-teilflaechennutzungsplan-windkraft/,https://www.gemeinde-merching.de/download/sachlicher-teilflaechennutzungsplan-windkraft,migrate to another canonical URL + 301,200,Slashless new convention; proposed same path without trailing slash,False
https://www.gemeinde-merching.de/download/satzung-aufwendungs-u-kostenersatz-f-einsaetze-u-andere-leistungen-gemeindlicher-feuerwehren-ab-01-01-2026/,https://www.gemeinde-merching.de/download/satzung-aufwendungs-u-kostenersatz-f-einsaetze-u-andere-leistungen-gemeindlicher-feuerwehren-ab-01-01-2026,migrate to another canonical URL + 301,200,Slashless new convention; proposed same path without trailing slash,False
https://www.gemeinde-merching.de/download/satzung-ueber-das-besondere-vorkaufsrecht-d-gemeinde-merching-f-den-bereich-d-fl-nr-88-1-90-und-93-3-d-gemarkung-merching/,https://www.gemeinde-merching.de/download/satzung-ueber-das-besondere-vorkaufsrecht-d-gemeinde-merching-f-den-bereich-d-fl-nr-88-1-90-und-93-3-d-gemarkung-merching,migrate to another canonical URL + 301,200,Slashless new convention; proposed same path without trailing slash,False
https://www.gemeinde-merching.de/download/satzung-zur-einfuehrung-einer-pflicht-zum-nachweis-eines-spielplatzes-fuer-kinder-spielplatzsatzung/,https://www.gemeinde-merching.de/download/satzung-zur-einfuehrung-einer-pflicht-zum-nachweis-eines-spielplatzes-fuer-kinder-spielplatzsatzung,migrate to another canonical URL + 301,200,Slashless new convention; proposed same path without trailing slash,False
https://www.gemeinde-merching.de/download/satzung-zur-regelung-von-fragen-des-oertlichen-gemeindeverfassungsrechts/,https://www.gemeinde-merching.de/download/satzung-zur-regelung-von-fragen-des-oertlichen-gemeindeverfassungsrechts,migrate to another canonical URL + 301,200,Slashless new convention; proposed same path without trailing slash,False
https://www.gemeinde-merching.de/download/schaeden-oder-stoerungen-an-strassenlampen-mit-dem-bayernwerk-schadensmelder-an-die-kommune-melden/,https://www.gemeinde-merching.de/download/schaeden-oder-stoerungen-an-strassenlampen-mit-dem-bayernwerk-schadensmelder-an-die-kommune-melden,migrate to another canonical URL + 301,200,Slashless new convention; proposed same path without trailing slash,False
https://www.gemeinde-merching.de/download/schaeden-oder-stoerungen-an-strassenlampen-mit-dem-bayernwerk-schadensmelder-an-die-kommune-melden/?wpdmdl=8722,https://www.gemeinde-merching.de/download/schaeden-oder-stoerungen-an-strassenlampen-mit-dem-bayernwerk-schadensmelder-an-die-kommune-melden/?wpdmdl=8722,migrate to another canonical URL + 301,200,Slashless new convention; proposed same path without trailing slash,False
https://www.gemeinde-merching.de/download/stellplatzsatzung-vom-08-09-2025/,https://www.gemeinde-merching.de/download/stellplatzsatzung-vom-08-09-2025,migrate to another canonical URL + 301,200,Slashless new convention; proposed same path without trailing slash,False
https://www.gemeinde-merching.de/download/unternehmenssatzung-fuer-das-kommunalunternehmen-merching-vom-16-09-2025/,https://www.gemeinde-merching.de/download/unternehmenssatzung-fuer-das-kommunalunternehmen-merching-vom-16-09-2025,migrate to another canonical URL + 301,200,Slashless new convention; proposed same path without trailing slash,False
https://www.gemeinde-merching.de/download/vereinsfoerderrichtlinien-der-gemeinde-merching-ab-2013/,https://www.gemeinde-merching.de/download/vereinsfoerderrichtlinien-der-gemeinde-merching-ab-2013,migrate to another canonical URL + 301,200,Slashless new convention; proposed same path without trailing slash,False
https://www.gemeinde-merching.de/download/verkuendung-des-ergebnisses-der-wahl-des-ortssprechers-fuer-den-ortsteil-hochdorf/,https://www.gemeinde-merching.de/download/verkuendung-des-ergebnisses-der-wahl-des-ortssprechers-fuer-den-ortsteil-hochdorf,migrate to another canonical URL + 301,200,Slashless new convention; proposed same path without trailing slash,False
https://www.gemeinde-merching.de/download/was-soll-ich-tun-bei-hochwasser/,https://www.gemeinde-merching.de/download/was-soll-ich-tun-bei-hochwasser,migrate to another canonical URL + 301,200,Slashless new convention; proposed same path without trailing slash,False
https://www.gemeinde-merching.de/download/wasser-beitrags-und-gebuehrensatzung-zur-wasserabgabesatzung-ab-01-01-2026/,https://www.gemeinde-merching.de/download/wasser-beitrags-und-gebuehrensatzung-zur-wasserabgabesatzung-ab-01-01-2026,migrate to another canonical URL + 301,200,Slashless new convention; proposed same path without trailing slash,False
https://www.gemeinde-merching.de/download/wasserabgabesatzung-01-01-2022/,https://www.gemeinde-merching.de/download/wasserabgabesatzung-01-01-2022,migrate to another canonical URL + 301,200,Slashless new convention; proposed same path without trailing slash,False
https://www.gemeinde-merching.de/e-rechnung-im-verein-online-seminar-des-landratsamtes-informiert-ueber-neue-anforderungen/,https://www.gemeinde-merching.de/e-rechnung-im-verein-online-seminar-des-landratsamtes-informiert-ueber-neue-anforderungen,migrate to another canonical URL + 301,200,Slashless new convention; proposed same path without trailing slash,False
https://www.gemeinde-merching.de/einfuehrung-des-wassercents-in-bayern/,https://www.gemeinde-merching.de/einfuehrung-des-wassercents-in-bayern,migrate to another canonical URL + 301,200,Slashless new convention; proposed same path without trailing slash,False
https://www.gemeinde-merching.de/email-formular/,https://www.gemeinde-merching.de/email-formular,migrate to another canonical URL + 301,200,Slashless new convention; proposed same path without trailing slash,False
https://www.gemeinde-merching.de/ergebnisse-der-kommunalwahl-08-03-2026/,https://www.gemeinde-merching.de/ergebnisse-der-kommunalwahl-08-03-2026,migrate to another canonical URL + 301,200,Slashless new convention; proposed same path without trailing slash,False
https://www.gemeinde-merching.de/fachstelle-f-pflegende-angehoerige-tageskurs-fuer-ehrenamtlich-taetige-einzelperson-am-27-10-2026-in-aichach/,https://www.gemeinde-merching.de/fachstelle-f-pflegende-angehoerige-tageskurs-fuer-ehrenamtlich-taetige-einzelperson-am-27-10-2026-in-aichach,migrate to another canonical URL + 301,200,Slashless new convention; proposed same path without trailing slash,False
https://www.gemeinde-merching.de/flaechennutzungsplan-bebauungsplaene/,https://www.gemeinde-merching.de/buergerservice/flaechennutzungsplan-bebauungsplaene/,duplicate/alias,200,Existing live redirect; preserve full chain destination,False
https://www.gemeinde-merching.de/flyer-stromausfall-was-ist-ein-blackout-und-wie-bereiten-wir-uns-darauf-vor/,https://www.gemeinde-merching.de/flyer-stromausfall-was-ist-ein-blackout-und-wie-bereiten-wir-uns-darauf-vor,migrate to another canonical URL + 301,200,Slashless new convention; proposed same path without trailing slash,False
https://www.gemeinde-merching.de/fotowettbewerb-ein-herz-fuer-regionale-lebensmittel/,https://www.gemeinde-merching.de/fotowettbewerb-ein-herz-fuer-regionale-lebensmittel,migrate to another canonical URL + 301,200,Slashless new convention; proposed same path without trailing slash,False
https://www.gemeinde-merching.de/freizeit/,https://www.gemeinde-merching.de/freizeit,migrate to another canonical URL + 301,200,Slashless new convention; proposed same path without trailing slash,False
https://www.gemeinde-merching.de/freizeit/infrastruktur/,https://www.gemeinde-merching.de/freizeit/infrastruktur,migrate to another canonical URL + 301,200,Slashless new convention; proposed same path without trailing slash,False
https://www.gemeinde-merching.de/freizeit/kinder-und-jugend/,https://www.gemeinde-merching.de/freizeit/kinder-und-jugend,migrate to another canonical URL + 301,200,Slashless new convention; proposed same path without trailing slash,False
https://www.gemeinde-merching.de/freizeit/vereine/,https://www.gemeinde-merching.de/freizeit/vereine,migrate to another canonical URL + 301,200,Slashless new convention; proposed same path without trailing slash,False
https://www.gemeinde-merching.de/freizeit/wasserqualitaet-der-badeseen/,https://www.gemeinde-merching.de/freizeit/wasserqualitaet-der-badeseen,migrate to another canonical URL + 301,200,Slashless new convention; proposed same path without trailing slash,False
https://www.gemeinde-merching.de/friedhofs-und-bestattungssatzung-ab-01-01-2027/,https://www.gemeinde-merching.de/friedhofs-und-bestattungssatzung-ab-01-01-2027,migrate to another canonical URL + 301,200,Slashless new convention; proposed same path without trailing slash,False
https://www.gemeinde-merching.de/fundfahrrad/,https://www.gemeinde-merching.de/fundfahrrad,migrate to another canonical URL + 301,200,Slashless new convention; proposed same path without trailing slash,False
https://www.gemeinde-merching.de/fundsache-2/,https://www.gemeinde-merching.de/fundsache-2,migrate to another canonical URL + 301,200,Slashless new convention; proposed same path without trailing slash,False
https://www.gemeinde-merching.de/fundsache/,https://www.gemeinde-merching.de/fundsache,migrate to another canonical URL + 301,200,Slashless new convention; proposed same path without trailing slash,False
https://www.gemeinde-merching.de/gebuehrensatzung-zur-friedhofs-und-bestattungssatzung-ab-01-01-2027/,https://www.gemeinde-merching.de/gebuehrensatzung-zur-friedhofs-und-bestattungssatzung-ab-01-01-2027,migrate to another canonical URL + 301,200,Slashless new convention; proposed same path without trailing slash,False
https://www.gemeinde-merching.de/gemeindekurier-herbst-2024-m-einladung-zu-den-buergerversammlungen-2024/,https://www.gemeinde-merching.de/gemeindekurier-herbst-2024-m-einladung-zu-den-buergerversammlungen-2024,migrate to another canonical URL + 301,200,Slashless new convention; proposed same path without trailing slash,False
https://www.gemeinde-merching.de/grundsteuer-ab-2025-info-des-finanzamtes-zur-korrektur-der-messbetraege/,https://www.gemeinde-merching.de/grundsteuer-ab-2025-info-des-finanzamtes-zur-korrektur-der-messbetraege,migrate to another canonical URL + 301,200,Slashless new convention; proposed same path without trailing slash,False
https://www.gemeinde-merching.de/grundsteuer-ab-2025/,https://www.gemeinde-merching.de/grundsteuer-ab-2025,migrate to another canonical URL + 301,200,Slashless new convention; proposed same path without trailing slash,False
https://www.gemeinde-merching.de/grundsteueraenderungsanzeige/,https://www.gemeinde-merching.de/grundsteueraenderungsanzeige,migrate to another canonical URL + 301,200,Slashless new convention; proposed same path without trailing slash,False
https://www.gemeinde-merching.de/haeuserbuch-im-wandel-der-zeit-im-rathaus-erhaeltlich/,https://www.gemeinde-merching.de/haeuserbuch-im-wandel-der-zeit-im-rathaus-erhaeltlich,migrate to another canonical URL + 301,200,Slashless new convention; proposed same path without trailing slash,False
https://www.gemeinde-merching.de/handel-gewerbe/,https://www.gemeinde-merching.de/handel-gewerbe,migrate to another canonical URL + 301,200,Slashless new convention; proposed same path without trailing slash,False
https://www.gemeinde-merching.de/handel-gewerbe/gastronomiebetriebe/,https://www.gemeinde-merching.de/handel-gewerbe/gastronomiebetriebe,migrate to another canonical URL + 301,200,Slashless new convention; proposed same path without trailing slash,False
https://www.gemeinde-merching.de/handel-gewerbe/gewerbepark-am-lerchenberg/geografische-lage/,https://www.gemeinde-merching.de/handel-gewerbe/gewerbepark-am-lerchenberg/geografische-lage,migrate to another canonical URL + 301,200,Slashless new convention; proposed same path without trailing slash,False
https://www.gemeinde-merching.de/handel-gewerbe/gewerbepark-am-lerchenberg/nutzungskonzept/,https://www.gemeinde-merching.de/handel-gewerbe/gewerbepark-am-lerchenberg/nutzungskonzept,migrate to another canonical URL + 301,200,Slashless new convention; proposed same path without trailing slash,False
https://www.gemeinde-merching.de/handel-gewerbe/gewerbepark-am-lerchenberg/standorterschliessung/,https://www.gemeinde-merching.de/handel-gewerbe/gewerbepark-am-lerchenberg/standorterschliessung,migrate to another canonical URL + 301,200,Slashless new convention; proposed same path without trailing slash,False
https://www.gemeinde-merching.de/handel-gewerbe/gewerbepark-am-lerchenberg/verkehrsanbindung/,https://www.gemeinde-merching.de/handel-gewerbe/gewerbepark-am-lerchenberg/verkehrsanbindung,migrate to another canonical URL + 301,200,Slashless new convention; proposed same path without trailing slash,False
https://www.gemeinde-merching.de/handel-gewerbe/gewerbepark-am-lerchenberg/weitere-standortfaktoren/,https://www.gemeinde-merching.de/handel-gewerbe/gewerbepark-am-lerchenberg/weitere-standortfaktoren,migrate to another canonical URL + 301,200,Slashless new convention; proposed same path without trailing slash,False
https://www.gemeinde-merching.de/hundesteuer-ab-2026/,https://www.gemeinde-merching.de/hundesteuer-ab-2026,migrate to another canonical URL + 301,200,Slashless new convention; proposed same path without trailing slash,False
https://www.gemeinde-merching.de/impressum/,https://www.gemeinde-merching.de/impressum,migrate to another canonical URL + 301,200,Slashless new convention; proposed same path without trailing slash,False
https://www.gemeinde-merching.de/impressum/datenschutzerklaerung/,https://www.gemeinde-merching.de/impressum/datenschutzerklaerung,migrate to another canonical URL + 301,200,Slashless new convention; proposed same path without trailing slash,False
https://www.gemeinde-merching.de/kommunale-it-sicherheit/,https://www.gemeinde-merching.de/kommunale-it-sicherheit,migrate to another canonical URL + 301,200,Slashless new convention; proposed same path without trailing slash,False
https://www.gemeinde-merching.de/mikrozensus-2024-mitteilung-08-08-2024-50-000-buergerinnen-und-buerger-muessen-noch-bis-jahresende-mitmachen/,https://www.gemeinde-merching.de/mikrozensus-2024-mitteilung-08-08-2024-50-000-buergerinnen-und-buerger-muessen-noch-bis-jahresende-mitmachen,migrate to another canonical URL + 301,200,Slashless new convention; proposed same path without trailing slash,False
https://www.gemeinde-merching.de/neue-termine-fuer-kostenlose-rueckgabe-von-pflanzenschutz-verpackungen-entsorgungssystem-pamira/,https://www.gemeinde-merching.de/neue-termine-fuer-kostenlose-rueckgabe-von-pflanzenschutz-verpackungen-entsorgungssystem-pamira,migrate to another canonical URL + 301,200,Slashless new convention; proposed same path without trailing slash,False
https://www.gemeinde-merching.de/neues-aus-dem-einwohnermeldeamt-lichtbilder/,https://www.gemeinde-merching.de/neues-aus-dem-einwohnermeldeamt-lichtbilder,migrate to another canonical URL + 301,200,Slashless new convention; proposed same path without trailing slash,False
https://www.gemeinde-merching.de/pressemitteilung-finanzamt-augsburg-land-erinnerung-an-steuervorauszahlung/,https://www.gemeinde-merching.de/pressemitteilung-finanzamt-augsburg-land-erinnerung-an-steuervorauszahlung,migrate to another canonical URL + 301,200,Slashless new convention; proposed same path without trailing slash,False
https://www.gemeinde-merching.de/pressemitteilung-landratsamt-aichach-friedberg-blaualgen-im-uferbereich-des-auensees-bei-kissing/,https://www.gemeinde-merching.de/pressemitteilung-landratsamt-aichach-friedberg-blaualgen-im-uferbereich-des-auensees-bei-kissing,migrate to another canonical URL + 301,200,Slashless new convention; proposed same path without trailing slash,False
https://www.gemeinde-merching.de/pressemitteilung-landratsamt-aichach-friedberg-buendnis-f-demokratie-spricht-foerderempfehlungen-fuer-2026-aus/,https://www.gemeinde-merching.de/pressemitteilung-landratsamt-aichach-friedberg-buendnis-f-demokratie-spricht-foerderempfehlungen-fuer-2026-aus,migrate to another canonical URL + 301,200,Slashless new convention; proposed same path without trailing slash,False
https://www.gemeinde-merching.de/pressemitteilung-landratsamt-aichach-friedberg-gefluegelpest-sperrzone-aufgehoben/,https://www.gemeinde-merching.de/pressemitteilung-landratsamt-aichach-friedberg-gefluegelpest-sperrzone-aufgehoben,migrate to another canonical URL + 301,200,Slashless new convention; proposed same path without trailing slash,False
https://www.gemeinde-merching.de/pressemitteilung-landratsamt-aichach-friedberg-tychonema-in-mehreren-badeseen-nachgewiesen/,https://www.gemeinde-merching.de/pressemitteilung-landratsamt-aichach-friedberg-tychonema-in-mehreren-badeseen-nachgewiesen,migrate to another canonical URL + 301,200,Slashless new convention; proposed same path without trailing slash,False
https://www.gemeinde-merching.de/pressemitteilung-region-wehrt-sich-gegen-geplante-ausduennung-des-regionalverkehrs-zwischen-augsburg-und-muenchen/,https://www.gemeinde-merching.de/pressemitteilung-region-wehrt-sich-gegen-geplante-ausduennung-des-regionalverkehrs-zwischen-augsburg-und-muenchen,migrate to another canonical URL + 301,200,Slashless new convention; proposed same path without trailing slash,False
https://www.gemeinde-merching.de/pt_view/portalseite-aus-merching-copy-2/,https://www.gemeinde-merching.de/,duplicate/alias,200,Existing live redirect; preserve full chain destination,False
https://www.gemeinde-merching.de/pt_view/portalseite-aus-merching-copy-3/,https://www.gemeinde-merching.de/,duplicate/alias,200,Existing live redirect; preserve full chain destination,False
https://www.gemeinde-merching.de/pt_view/portalseite-aus-merching-copy-4/,https://www.gemeinde-merching.de/,duplicate/alias,200,Existing live redirect; preserve full chain destination,False
https://www.gemeinde-merching.de/pt_view/portalseite-aus-merching-copy-5/,https://www.gemeinde-merching.de/,duplicate/alias,200,Existing live redirect; preserve full chain destination,False
https://www.gemeinde-merching.de/pt_view/portalseite-aus-merching-copy/,https://www.gemeinde-merching.de/,duplicate/alias,200,Existing live redirect; preserve full chain destination,False
https://www.gemeinde-merching.de/pt_view/prototyp-v1-portalseite-aus-merching-copy/,https://www.gemeinde-merching.de/,duplicate/alias,200,Existing live redirect; preserve full chain destination,False
https://www.gemeinde-merching.de/rattenproblematik-in-der-gemeinde-merching/,https://www.gemeinde-merching.de/rattenproblematik-in-der-gemeinde-merching,migrate to another canonical URL + 301,200,Slashless new convention; proposed same path without trailing slash,False
https://www.gemeinde-merching.de/richtiges-verhalten-gegenueber-wasser-zugvoegeln/,https://www.gemeinde-merching.de/richtiges-verhalten-gegenueber-wasser-zugvoegeln,migrate to another canonical URL + 301,200,Slashless new convention; proposed same path without trailing slash,False
https://www.gemeinde-merching.de/sitemap/,https://www.gemeinde-merching.de/sitemap,migrate to another canonical URL + 301,200,Slashless new convention; proposed same path without trailing slash,False
https://www.gemeinde-merching.de/solaroffensive-wittelsbacher-land/,https://www.gemeinde-merching.de/solaroffensive-wittelsbacher-land,migrate to another canonical URL + 301,200,Slashless new convention; proposed same path without trailing slash,False
https://www.gemeinde-merching.de/spielschiff-an-der-paar-u-gestiftete-baenke-des-huehnerkomitees-merching-wurden-offiziell-eroeffnet/,https://www.gemeinde-merching.de/spielschiff-an-der-paar-u-gestiftete-baenke-des-huehnerkomitees-merching-wurden-offiziell-eroeffnet,migrate to another canonical URL + 301,200,Slashless new convention; proposed same path without trailing slash,False
https://www.gemeinde-merching.de/suizidpraevention-pressemitteilung-landratsamt-aichach-friedberg/,https://www.gemeinde-merching.de/suizidpraevention-pressemitteilung-landratsamt-aichach-friedberg,migrate to another canonical URL + 301,200,Slashless new convention; proposed same path without trailing slash,False
https://www.gemeinde-merching.de/ueber-merching/,https://www.gemeinde-merching.de/ueber-merching,migrate to another canonical URL + 301,200,Slashless new convention; proposed same path without trailing slash,False
https://www.gemeinde-merching.de/ueber-merching/accessibility-statement/,https://www.gemeinde-merching.de/ueber-merching/accessibility-statement,migrate to another canonical URL + 301,200,Slashless new convention; proposed same path without trailing slash,False
https://www.gemeinde-merching.de/ueber-merching/adressen-oeffnungszeiten/,https://www.gemeinde-merching.de/ueber-merching/adressen-oeffnungszeiten,migrate to another canonical URL + 301,200,Slashless new convention; proposed same path without trailing slash,False
https://www.gemeinde-merching.de/ueber-merching/bayernatlas/,https://www.gemeinde-merching.de/ueber-merching/bayernatlas,migrate to another canonical URL + 301,200,Slashless new convention; proposed same path without trailing slash,False
https://www.gemeinde-merching.de/ueber-merching/bildergalerie-merching/,https://www.gemeinde-merching.de/ueber-merching/bildergalerie-merching,migrate to another canonical URL + 301,200,Slashless new convention; proposed same path without trailing slash,False
https://www.gemeinde-merching.de/ueber-merching/bildergalerie-merching/nggallery/album/2024-buergerball,https://www.gemeinde-merching.de/ueber-merching/bildergalerie-merching/,duplicate/alias,200,Live canonical differs,False
https://www.gemeinde-merching.de/ueber-merching/bildergalerie-merching/nggallery/album/2024-krippenweg,https://www.gemeinde-merching.de/ueber-merching/bildergalerie-merching/,duplicate/alias,200,Live canonical differs,False
https://www.gemeinde-merching.de/ueber-merching/bildergalerie-merching/nggallery/album/2025-adventsfenster,https://www.gemeinde-merching.de/ueber-merching/bildergalerie-merching/,duplicate/alias,200,Live canonical differs,False
https://www.gemeinde-merching.de/ueber-merching/bildergalerie-merching/nggallery/album/bilder-rund-um-merching-hochdorf-und-steinach,https://www.gemeinde-merching.de/ueber-merching/bildergalerie-merching/,duplicate/alias,200,Live canonical differs,False
https://www.gemeinde-merching.de/ueber-merching/bildergalerie-merching/nggallery/album/gewerbegebiet-am-lerchenberg,https://www.gemeinde-merching.de/ueber-merching/bildergalerie-merching/,duplicate/alias,200,Live canonical differs,False
https://www.gemeinde-merching.de/ueber-merching/bildergalerie-merching/nggallery/album/merching-im-advent,https://www.gemeinde-merching.de/ueber-merching/bildergalerie-merching/,duplicate/alias,200,Live canonical differs,False
https://www.gemeinde-merching.de/ueber-merching/bildergalerie-merching/nggallery/album/naherholungsgebiet-mandichosee,https://www.gemeinde-merching.de/ueber-merching/bildergalerie-merching/,duplicate/alias,200,Live canonical differs,False
https://www.gemeinde-merching.de/ueber-merching/bildergalerie-merching/nggallery/album/sommerimpressionen,https://www.gemeinde-merching.de/ueber-merching/bildergalerie-merching/,duplicate/alias,200,Live canonical differs,False
https://www.gemeinde-merching.de/ueber-merching/gemeinderat/,https://www.gemeinde-merching.de/ueber-merching/gemeinderat,migrate to another canonical URL + 301,200,Slashless new convention; proposed same path without trailing slash,False
https://www.gemeinde-merching.de/ueber-merching/grusswort/,https://www.gemeinde-merching.de/ueber-merching/grusswort,migrate to another canonical URL + 301,200,Slashless new convention; proposed same path without trailing slash,False
https://www.gemeinde-merching.de/ueber-merching/lage-anfahrt/,https://www.gemeinde-merching.de/ueber-merching/lage-anfahrt,migrate to another canonical URL + 301,200,Slashless new convention; proposed same path without trailing slash,False
https://www.gemeinde-merching.de/ueber-merching/standortfaktoren-leben-und-wohnen-in-merching/,https://www.gemeinde-merching.de/ueber-merching/standortfaktoren-leben-und-wohnen-in-merching,migrate to another canonical URL + 301,200,Slashless new convention; proposed same path without trailing slash,False
https://www.gemeinde-merching.de/unterstuetzung-fuer-menschen-mit-pfegebedarf-tagesschulung-zur-ehrenamtlich-taetigen-einzelperson/,https://www.gemeinde-merching.de/unterstuetzung-fuer-menschen-mit-pfegebedarf-tagesschulung-zur-ehrenamtlich-taetigen-einzelperson,migrate to another canonical URL + 301,200,Slashless new convention; proposed same path without trailing slash,False
https://www.gemeinde-merching.de/urlaub-trotz-pflege/,https://www.gemeinde-merching.de/urlaub-trotz-pflege,migrate to another canonical URL + 301,200,Slashless new convention; proposed same path without trailing slash,False
https://www.gemeinde-merching.de/veranstaltung-landratsamt-aichach-friedberg-ratschen-ueber-photovoltaik-solartreffs-in-verschiedenen-gemeinden/,https://www.gemeinde-merching.de/veranstaltung-landratsamt-aichach-friedberg-ratschen-ueber-photovoltaik-solartreffs-in-verschiedenen-gemeinden,migrate to another canonical URL + 301,200,Slashless new convention; proposed same path without trailing slash,False
https://www.gemeinde-merching.de/veranstaltungskalender/,https://www.gemeinde-merching.de/veranstaltungskalender,migrate to another canonical URL + 301,200,Slashless new convention; proposed same path without trailing slash,False
https://www.gemeinde-merching.de/verkuendung-des-ergebnisses-der-wahl-des-ortssprechers-fuer-den-ortsteil-hochdorf/,https://www.gemeinde-merching.de/verkuendung-des-ergebnisses-der-wahl-des-ortssprechers-fuer-den-ortsteil-hochdorf,migrate to another canonical URL + 301,200,Slashless new convention; proposed same path without trailing slash,False
https://www.gemeinde-merching.de/vollsperrung-bahnuebergang-zwischen-brunnen-und-st-2052-im-zeitraum-vom-13-10-2026-15-10-2026/,https://www.gemeinde-merching.de/vollsperrung-bahnuebergang-zwischen-brunnen-und-st-2052-im-zeitraum-vom-13-10-2026-15-10-2026,migrate to another canonical URL + 301,200,Slashless new convention; proposed same path without trailing slash,False
https://www.gemeinde-merching.de/vollsperrung-der-steinacher-strasse-07-10-2026-31-10-2026/,https://www.gemeinde-merching.de/vollsperrung-der-steinacher-strasse-07-10-2026-31-10-2026,migrate to another canonical URL + 301,200,Slashless new convention; proposed same path without trailing slash,False
https://www.gemeinde-merching.de/was-soll-ich-tun-bei-hochwasser/,https://www.gemeinde-merching.de/was-soll-ich-tun-bei-hochwasser,migrate to another canonical URL + 301,200,Slashless new convention; proposed same path without trailing slash,False
https://www.gemeinde-merching.de/wasserrechtliches-planfeststellungsverfahren/,https://www.gemeinde-merching.de/wasserrechtliches-planfeststellungsverfahren,migrate to another canonical URL + 301,200,Slashless new convention; proposed same path without trailing slash,False
https://www.gemeinde-merching.de/workshop-freiwilligenagentur-wie-gewinnen-wir-neue-freiwillige-alle-im-blick-ehrenamt-neu-gestalten/,https://www.gemeinde-merching.de/workshop-freiwilligenagentur-wie-gewinnen-wir-neue-freiwillige-alle-im-blick-ehrenamt-neu-gestalten,migrate to another canonical URL + 301,200,Slashless new convention; proposed same path without trailing slash,False
https://www.gemeinde-merching.de/zensus-2022-gesetz-ueber-den-schutz-der-sonn-und-feiertage-feiertagsgesetz-mariae-himmelfahrt/,https://www.gemeinde-merching.de/zensus-2022-gesetz-ueber-den-schutz-der-sonn-und-feiertage-feiertagsgesetz-mariae-himmelfahrt,migrate to another canonical URL + 301,200,Slashless new convention; proposed same path without trailing slash,False
