source,bytes,sha256
69246m55851_1.sql,129346365,1facecc0dcb17545876eb47a44119d244863c4cd3ff53582a29f740f44f1b414
gemeindemerching.WordPress.2026-10-10.xml,9116771,38c1611df3ee601f23dd6d918bad67e0212810fe1d2f4ecf608ee32739eb875a
wpvivid-full/www.gemeinde-merching.de_wpvivid-b8981f085de20_2026-10-10-16-11_backup_all.part001.zip,131720084,448c8763522bf9c6b2ee06327b05c2796f272e9d0f458f1682173b5f0a2ca297
wpvivid-full/www.gemeinde-merching.de_wpvivid-b8981f085de20_2026-10-10-16-11_backup_all.part002.zip,188676953,2572b027c5b7224edd910adf4a434b88fda717a67aa4c971b11a14b3e2a4af06
wpvivid-full/www.gemeinde-merching.de_wpvivid-b8981f085de20_2026-10-10-16-11_backup_all.part003.zip,192032256,c09ca3b08a3dbee5f33c7113267748992279e83d6dc81841b07231a11ea11d1a
wpvivid-full/www.gemeinde-merching.de_wpvivid-b8981f085de20_2026-10-10-16-11_backup_all.part004.zip,183956958,c4c66da5cc9078a4c27ec9ba56d79aebbce89e1a6e91d40e7b9146d793ac56e6
wpvivid-full/www.gemeinde-merching.de_wpvivid-b8981f085de20_2026-10-10-16-11_backup_all.part005.zip,182530926,ed94a00ccee28162f2d37c048b0777a71279bb241f53a6a8f7afcfdfab8b74a0
wpvivid-full/www.gemeinde-merching.de_wpvivid-b8981f085de20_2026-10-10-16-11_backup_all.part006.zip,83837768,106459b1a4542c662497ec6ac5ca90a5cb9fb1cb447b83962251acee5e6da7d9
wpvivid-full/www.gemeinde-merching.de_wpvivid-b8981f085de20_2026-10-10-16-11_backup_all.part007.zip,190748105,7804d30316d567a08a6058d6dbf87674f1b1a2b0f263d572cdc7f7cd326f9ead
wpvivid-full/www.gemeinde-merching.de_wpvivid-b8981f085de20_2026-10-10-16-11_backup_all.part008.zip,205073529,95c041cc3a51de1b60c114ccb4fe4a79a019c7e4c84b370fa059232d6ce364c8
wpvivid-full/www.gemeinde-merching.de_wpvivid-b8981f085de20_2026-10-10-16-11_backup_all.part009.zip,203424148,6b1704fd7c8605d17e6928f614bc8ff53ffce1f80c1be66487564c2f1a031752
wpvivid-full/www.gemeinde-merching.de_wpvivid-b8981f085de20_2026-10-10-16-11_backup_all.part010.zip,205600939,18fbdd9a4e8a01b7d9c4c9f23a8496a92f2f65167c482d811dfeb838ffceaead
www.gemeinde-merching.de_wpvivid-7929076fc4fc8_2026-10-10-16-00_backup_db/www.gemeinde-merching.de_wpvivid-7929076fc4fc8_2026-10-10-16-00_backup_db.sql,77705978,f318b12d454da9c144b8d48844153af6ff6a4efbde3f554f9e1073b18137f7f0
